date,start_time,end_time,city_o,county_o,tool,num,weather_before,weather_after,area,effect,field,lon,lat,geometry,index_right,prov,city,county,town,town_match_status,type,num_gaopao,num_rocket,num_cigar,num_other,location_o
2021-12-25,09:35,09:36,鹰潭市,中华人民共和国,火箭弹,3.0,阴,小雨,300,150.0,农业抗旱,117.08,28.449,POINT (117.08 28.449),1133.0,江西省,鹰潭市,贵溪市,塔桥园艺场,matched_within,,,,,,
2021-12-25,09:51,10:21,南昌市,安义县,烟炉,2.0,小雨,小到中雨,115,65.0,农业抗旱,115.675,28.792,POINT (115.675 28.792),391.0,江西省,南昌市,湾里区,太平镇,matched_within,,,,,,
2021-12-25,08:10,08:41,鹰潭市,月湖区,烟炉,2.0,小雨,小到中雨,100,50.0,农业抗旱,116.963,28.098,POINT (116.963 28.098),1132.0,江西省,鹰潭市,贵溪市,龙虎山镇,matched_within,,,,,,
2021-12-24,23:05,23:06,南昌市,新建区,火箭弹,2.0,阴,小雨,50,50.0,农业抗旱,115.58,28.563,POINT (115.58 28.563),406.0,江西省,南昌市,新建县,西山镇,matched_within,,,,,,
2021-12-24,15:46,16:17,九江市,武宁县,烟炉,2.0,阴,小雨,100,50.0,农业抗旱,115.192,29.492,POINT (115.192 29.492),1625.0,江西省,九江市,瑞昌市,乐园乡,matched_within,,,,,,
2021-12-24,13:40,13:56,九江市,庐山市,烟炉,1.0,阴,小雨,100,50.0,农业抗旱,115.956,29.56,POINT (115.956 29.56),227.0,江西省,九江市,庐山区,牯岭镇,matched_within,,,,,,
2021-12-24,13:40,13:56,九江市,庐山市,烟炉,1.0,阴,小雨,100,50.0,降低火险,115.993,29.58,POINT (115.993 29.58),227.0,江西省,九江市,庐山区,牯岭镇,matched_within,,,,,,
2021-12-24,13:40,13:56,九江市,庐山市,烟炉,1.0,阴,小雨,100,50.0,农业抗旱,115.955,29.535,POINT (115.955 29.535),227.0,江西省,九江市,庐山区,牯岭镇,matched_within,,,,,,
2021-12-24,20:11,20:41,南昌市,安义县,烟炉,2.0,阴,小雨,115,60.0,农业抗旱,115.675,28.792,POINT (115.675 28.792),391.0,江西省,南昌市,湾里区,太平镇,matched_within,,,,,,
2021-12-21,07:00,07:32,鹰潭市,月湖区,烟炉,2.0,阴,小雨,100,50.0,农业抗旱,116.963,28.098,POINT (116.963 28.098),1132.0,江西省,鹰潭市,贵溪市,龙虎山镇,matched_within,,,,,,
2021-12-20,14:48,15:03,吉安市,永丰县,烟炉,1.0,阴,小雨,100,50.0,农业抗旱,115.746,27.113,POINT (115.746 27.113),1664.0,江西省,抚州市,乐安县,罗陂乡,matched_within,,,,,,
2021-12-16,12:53,13:08,九江市,庐山市,烟炉,1.0,阴,小雨,100,50.0,改善空气,115.955,29.535,POINT (115.955 29.535),227.0,江西省,九江市,庐山区,牯岭镇,matched_within,,,,,,
2021-12-16,12:49,13:06,九江市,庐山市,烟炉,1.0,阴,小雨,100,50.0,改善空气,115.993,29.58,POINT (115.993 29.58),227.0,江西省,九江市,庐山区,牯岭镇,matched_within,,,,,,
2021-12-16,15:49,15:52,九江市,庐山市,火箭弹,4.0,阴,小雨,300,150.0,农业抗旱,116.036,29.447,POINT (116.036 29.447),262.0,江西省,九江市,星子县,南康镇,matched_within,,,,,,
2021-12-16,19:27,21:37,南昌市,新建区,烟炉,3.0,阴,小雨,10,10.0,农业抗旱,115.664,28.739,POINT (115.664 28.739),392.0,江西省,南昌市,湾里区,招贤镇,matched_within,,,,,,
2021-12-16,12:50,13:06,九江市,庐山市,烟炉,1.0,阴,小雨,100,50.0,改善空气,115.956,29.56,POINT (115.956 29.56),227.0,江西省,九江市,庐山区,牯岭镇,matched_within,,,,,,
2021-12-16,13:41,14:10,九江市,武宁县,烟炉,2.0,阴,小雨,100,50.0,农业抗旱,115.192,29.492,POINT (115.192 29.492),1625.0,江西省,九江市,瑞昌市,乐园乡,matched_within,,,,,,
2021-12-16,21:15,21:45,南昌市,安义县,烟炉,2.0,阴,小雨,100,45.0,农业抗旱,115.675,28.792,POINT (115.675 28.792),391.0,江西省,南昌市,湾里区,太平镇,matched_within,,,,,,
2021-12-15,07:24,07:39,九江市,庐山市,烟炉,1.0,阴,小雨,100,50.0,改善空气,115.955,29.535,POINT (115.955 29.535),227.0,江西省,九江市,庐山区,牯岭镇,matched_within,,,,,,
2021-12-15,04:56,04:58,九江市,柴桑区,火箭弹,4.0,阴,小雨,300,150.0,改善空气,115.884,29.652,POINT (115.884 29.652),203.0,江西省,九江市,九江县,沙河街镇,matched_within,,,,,,
2021-12-15,04:24,04:58,九江市,庐山市,烟炉,2.0,小雨,小到中雨,100,50.0,改善空气,115.955,29.535,POINT (115.955 29.535),227.0,江西省,九江市,庐山区,牯岭镇,matched_within,,,,,,
2021-12-15,07:24,07:39,九江市,庐山市,烟炉,1.0,阴,小雨,100,50.0,改善空气,115.993,29.58,POINT (115.993 29.58),227.0,江西省,九江市,庐山区,牯岭镇,matched_within,,,,,,
2021-12-15,19:20,19:35,吉安市,永丰县,烟炉,1.0,阴,小雨,100,50.0,农业抗旱,115.746,27.113,POINT (115.746 27.113),1664.0,江西省,抚州市,乐安县,罗陂乡,matched_within,,,,,,
2021-12-15,04:27,05:01,九江市,庐山市,烟炉,2.0,小雨,小到中雨,100,50.0,改善空气,115.956,29.56,POINT (115.956 29.56),227.0,江西省,九江市,庐山区,牯岭镇,matched_within,,,,,,
2021-12-15,07:24,07:39,九江市,庐山市,烟炉,1.0,阴,小雨,100,50.0,改善空气,115.956,29.56,POINT (115.956 29.56),227.0,江西省,九江市,庐山区,牯岭镇,matched_within,,,,,,
2021-12-15,04:26,05:00,九江市,庐山市,烟炉,2.0,小雨,小到中雨,100,50.0,改善空气,115.993,29.58,POINT (115.993 29.58),227.0,江西省,九江市,庐山区,牯岭镇,matched_within,,,,,,
2021-12-14,08:27,08:52,上饶市,三清山,烟炉,1.0,阴,小雨,50,5.0,降低火险,118.031,28.93,POINT (118.031 28.93),1221.0,江西省,上饶市,玉山县,枫林街道,matched_within,,,,,,
2021-12-14,08:12,08:27,上饶市,弋阳县,烟炉,1.0,阴,小雨,100,50.0,降低火险,117.26,28.61,POINT (117.26 28.61),1461.0,江西省,鹰潭市,贵溪市,三县岭林场,matched_within,,,,,,
2021-12-12,12:08,12:38,南昌市,安义县,烟炉,2.0,阴,小雨,110,55.0,农业抗旱,115.675,28.792,POINT (115.675 28.792),391.0,江西省,南昌市,湾里区,太平镇,matched_within,,,,,,
2021-12-12,14:22,14:23,鹰潭市,中华人民共和国,火箭弹,2.0,阴,小雨,300,150.0,农业抗旱,117.08,28.449,POINT (117.08 28.449),1133.0,江西省,鹰潭市,贵溪市,塔桥园艺场,matched_within,,,,,,
2021-12-12,10:02,10:04,九江市,柴桑区,火箭弹,2.0,阴,小雨,300,150.0,改善空气,115.84,29.61,POINT (115.84 29.61),200.0,江西省,九江市,九江县,狮子镇,matched_within,,,,,,
2021-12-12,04:22,04:37,九江市,庐山市,烟炉,1.0,小雨,小到中雨,100,50.0,农业抗旱,115.956,29.56,POINT (115.956 29.56),227.0,江西省,九江市,庐山区,牯岭镇,matched_within,,,,,,
2021-12-12,04:22,04:37,九江市,庐山市,烟炉,1.0,小雨,小到中雨,100,50.0,降低火险,115.993,29.58,POINT (115.993 29.58),227.0,江西省,九江市,庐山区,牯岭镇,matched_within,,,,,,
2021-12-12,12:27,13:27,南昌市,新建区,烟炉,2.0,阴,小雨,10,10.0,农业抗旱,115.664,28.739,POINT (115.664 28.739),392.0,江西省,南昌市,湾里区,招贤镇,matched_within,,,,,,
2021-12-12,14:46,15:25,南昌市,新建区,烟炉,2.0,阴,小雨,10,10.0,农业抗旱,115.664,28.739,POINT (115.664 28.739),392.0,江西省,南昌市,湾里区,招贤镇,matched_within,,,,,,
2021-12-12,15:28,15:58,南昌市,安义县,烟炉,2.0,阵雨,小雨,110,50.0,农业抗旱,115.675,28.792,POINT (115.675 28.792),391.0,江西省,南昌市,湾里区,太平镇,matched_within,,,,,,
2021-12-12,13:40,14:05,上饶市,广丰区,烟炉,1.0,阴,小雨,100,50.0,降低火险,118.259,28.276,POINT (118.259 28.276),1220.0,江西省,上饶市,广丰县,铜钹山镇,matched_within,,,,,,
2021-12-12,15:18,15:50,鹰潭市,月湖区,烟炉,2.0,阴,小雨,100,50.0,农业抗旱,116.963,28.098,POINT (116.963 28.098),1132.0,江西省,鹰潭市,贵溪市,龙虎山镇,matched_within,,,,,,
2021-12-12,04:22,04:37,九江市,庐山市,烟炉,1.0,小雨,小到中雨,100,50.0,降低火险,115.955,29.535,POINT (115.955 29.535),227.0,江西省,九江市,庐山区,牯岭镇,matched_within,,,,,,
2021-11-21,14:22,15:13,南昌市,新建区,烟炉,3.0,阴,小雨,15,12.0,农业抗旱,115.815,28.841,POINT (115.815 28.841),401.0,江西省,南昌市,新建县,溪霞镇,matched_within,,,,,,
2021-11-21,13:17,13:47,南昌市,安义县,烟炉,2.0,阵雨,小到中雨,110,60.0,农业抗旱,115.675,28.792,POINT (115.675 28.792),391.0,江西省,南昌市,湾里区,太平镇,matched_within,,,,,,
2021-11-20,17:03,17:05,九江市,柴桑区,火箭弹,2.0,阴,小雨,300,150.0,改善空气,115.884,29.652,POINT (115.884 29.652),203.0,江西省,九江市,九江县,沙河街镇,matched_within,,,,,,
2021-11-20,13:46,15:00,南昌市,新建区,烟炉,3.0,阴,小雨,15,15.0,农业抗旱,115.815,28.841,POINT (115.815 28.841),401.0,江西省,南昌市,新建县,溪霞镇,matched_within,,,,,,
2021-11-20,18:29,18:44,九江市,庐山市,烟炉,1.0,小雨,中雨,100,50.0,降低火险,115.956,29.56,POINT (115.956 29.56),227.0,江西省,九江市,庐山区,牯岭镇,matched_within,,,,,,
2021-11-20,13:42,14:12,南昌市,安义县,烟炉,2.0,阵雨,小到中雨,125,75.0,农业抗旱,115.675,28.792,POINT (115.675 28.792),391.0,江西省,南昌市,湾里区,太平镇,matched_within,,,,,,
2021-11-20,18:30,18:45,九江市,庐山市,烟炉,1.0,小雨,中雨,100,50.0,降低火险,115.955,29.535,POINT (115.955 29.535),227.0,江西省,九江市,庐山区,牯岭镇,matched_within,,,,,,
2021-11-20,18:28,18:43,九江市,庐山市,烟炉,1.0,小雨,小到中雨,100,50.0,农业抗旱,115.993,29.58,POINT (115.993 29.58),227.0,江西省,九江市,庐山区,牯岭镇,matched_within,,,,,,
2021-11-17,08:43,09:13,南昌市,安义县,烟炉,2.0,阴,小雨,120,50.0,农业抗旱,115.675,28.792,POINT (115.675 28.792),391.0,江西省,南昌市,湾里区,太平镇,matched_within,,,,,,
2021-11-17,15:55,15:57,鹰潭市,中华人民共和国,火箭弹,4.0,小雨,小到中雨,300,150.0,农业抗旱,117.08,28.449,POINT (117.08 28.449),1133.0,江西省,鹰潭市,贵溪市,塔桥园艺场,matched_within,,,,,,
2021-11-17,09:52,09:54,抚州市,东乡区,火箭弹,2.0,阴,小雨,300,150.0,水库增蓄,116.6,28.29,POINT (116.6 28.29),1676.0,江西省,抚州市,东乡县,孝岗镇,matched_within,,,,,,
2021-11-17,07:21,07:36,九江市,庐山市,烟炉,1.0,阴,小雨,100,50.0,降低火险,115.955,29.535,POINT (115.955 29.535),227.0,江西省,九江市,庐山区,牯岭镇,matched_within,,,,,,
2021-11-17,07:20,07:35,九江市,庐山市,烟炉,1.0,阴,小雨,100,50.0,降低火险,115.956,29.56,POINT (115.956 29.56),227.0,江西省,九江市,庐山区,牯岭镇,matched_within,,,,,,
2021-11-17,07:19,07:34,九江市,庐山市,烟炉,1.0,阴,小雨,100,50.0,降低火险,115.993,29.58,POINT (115.993 29.58),227.0,江西省,九江市,庐山区,牯岭镇,matched_within,,,,,,
2021-11-17,12:50,13:25,南昌市,新建区,烟炉,2.0,阴,小雨,10,10.0,农业抗旱,115.664,28.739,POINT (115.664 28.739),392.0,江西省,南昌市,湾里区,招贤镇,matched_within,,,,,,
2021-11-07,16:00,16:39,南昌市,新建区,烟炉,2.0,阴,小雨,10,10.0,农业抗旱,115.664,28.739,POINT (115.664 28.739),392.0,江西省,南昌市,湾里区,招贤镇,matched_within,,,,,,
2021-11-06,8:52,09:07,南昌市,安义县,烟炉,1.0,阴,小雨,100,50.0,农业抗旱,115.675,28.792,POINT (115.675 28.792),391.0,江西省,南昌市,湾里区,太平镇,matched_within,,,,,,
2021-11-05,10:01,10:33,南昌市,新建区,烟炉,2.0,阴,小雨,10,10.0,农业抗旱,115.664,28.739,POINT (115.664 28.739),392.0,江西省,南昌市,湾里区,招贤镇,matched_within,,,,,,
2021-11-05,06:30,06:33,抚州市,东乡区,火箭弹,4.0,小雨,小到中雨,300,150.0,水库增蓄,116.6,28.29,POINT (116.6 28.29),1676.0,江西省,抚州市,东乡县,孝岗镇,matched_within,,,,,,
2021-11-05,15:19,15:30,南昌市,安义县,烟炉,1.0,阴,小雨,110,50.0,农业抗旱,115.675,28.792,POINT (115.675 28.792),391.0,江西省,南昌市,湾里区,太平镇,matched_within,,,,,,
2021-11-05,10:06,10:36,南昌市,安义县,烟炉,2.0,阴,小雨,160,60.0,农业抗旱,115.675,28.792,POINT (115.675 28.792),391.0,江西省,南昌市,湾里区,太平镇,matched_within,,,,,,
2021-11-05,14:33,15:20,南昌市,新建区,烟炉,3.0,阴,小雨,15,15.0,农业抗旱,115.664,28.739,POINT (115.664 28.739),392.0,江西省,南昌市,湾里区,招贤镇,matched_within,,,,,,
2021-11-05,12:45,12:46,九江市,庐山市,火箭弹,1.0,小雨,小到中雨,300,150.0,降低火险,116.036,29.447,POINT (116.036 29.447),262.0,江西省,九江市,星子县,南康镇,matched_within,,,,,,
2021-11-04,10:45,11:35,南昌市,新建区,烟炉,2.0,阴,小雨,20,50.0,农业抗旱,115.664,28.739,POINT (115.664 28.739),392.0,江西省,南昌市,湾里区,招贤镇,matched_within,,,,,,
2021-11-04,09:25,09:55,南昌市,安义县,烟炉,2.0,阴,小雨,50,25.0,农业抗旱,115.675,28.792,POINT (115.675 28.792),391.0,江西省,南昌市,湾里区,太平镇,matched_within,,,,,,
2021-11-04,21:35,22:10,南昌市,安义县,烟炉,2.0,阴,小雨,150,80.0,农业抗旱,115.675,28.792,POINT (115.675 28.792),391.0,江西省,南昌市,湾里区,太平镇,matched_within,,,,,,
2021-11-04,08:34,08:49,吉安市,永丰县,烟炉,1.0,小雨,小到中雨,100,50.0,农业抗旱,115.746,27.113,POINT (115.746 27.113),1664.0,江西省,抚州市,乐安县,罗陂乡,matched_within,,,,,,
2021-11-04,20:24,20:56,南昌市,新建区,烟炉,2.0,阴,小雨,10,10.0,农业抗旱,115.664,28.739,POINT (115.664 28.739),392.0,江西省,南昌市,湾里区,招贤镇,matched_within,,,,,,
2021-10-20,11:43,11:43,上饶市,广丰区,烟炉,1.0,小雨,小到中雨,100,50.0,农业抗旱,118.259,28.276,POINT (118.259 28.276),1220.0,江西省,上饶市,广丰县,铜钹山镇,matched_within,,,,,,
2021-10-20,08:51,09:06,上饶市,三清山,烟炉,1.0,小雨,小到中雨,50,10.0,农业抗旱,118.031,28.93,POINT (118.031 28.93),1221.0,江西省,上饶市,玉山县,枫林街道,matched_within,,,,,,
2021-10-20,16:41,16:45,鹰潭市,余江区,火箭弹,2.0,小雨,中雨,300,150.0,水库增蓄,116.904,28.194,POINT (116.904 28.194),1505.0,江西省,鹰潭市,余江县,洪湖乡,matched_within,,,,,,
2021-10-20,16:19,16:52,鹰潭市,月湖区,烟炉,2.0,小雨,小雨,100,50.0,农业抗旱,116.963,28.098,POINT (116.963 28.098),1132.0,江西省,鹰潭市,贵溪市,龙虎山镇,matched_within,,,,,,
2021-10-19,16:43,16:45,鹰潭市,余江区,火箭弹,2.0,小雨,中雨,300,150.0,水库增蓄,116.904,28.194,POINT (116.904 28.194),1505.0,江西省,鹰潭市,余江县,洪湖乡,matched_within,,,,,,
2021-10-19,21:32,22:03,南昌市,安义县,烟炉,2.0,阴,小雨,100,50.0,农业抗旱,115.675,28.792,POINT (115.675 28.792),391.0,江西省,南昌市,湾里区,太平镇,matched_within,,,,,,
2021-10-17,16:00,16:42,抚州市,东乡区,火箭弹,2.0,阴,小雨,100,150.0,水库增蓄,116.6,28.29,POINT (116.6 28.29),1676.0,江西省,抚州市,东乡县,孝岗镇,matched_within,,,,,,
2021-10-16,09:40,10:21,鹰潭市,月湖区,烟炉,2.0,阴,小雨,100,50.0,农业抗旱,116.963,28.098,POINT (116.963 28.098),1132.0,江西省,鹰潭市,贵溪市,龙虎山镇,matched_within,,,,,,
2021-10-16,11:22,11:24,抚州市,东乡区,火箭弹,2.0,阴,小雨,100,150.0,水库增蓄,116.6,28.29,POINT (116.6 28.29),1676.0,江西省,抚州市,东乡县,孝岗镇,matched_within,,,,,,
2021-10-16,22:35,22:37,抚州市,东乡区,火箭弹,2.0,阴,小到中雨,100,150.0,水库增蓄,116.6,28.29,POINT (116.6 28.29),1676.0,江西省,抚州市,东乡县,孝岗镇,matched_within,,,,,,
2021-10-16,11:30,12:05,南昌市,新建区,烟炉,2.0,阴,小雨,15,10.0,农业抗旱,115.664,28.739,POINT (115.664 28.739),392.0,江西省,南昌市,湾里区,招贤镇,matched_within,,,,,,
2021-10-16,20:50,21:05,上饶市,三清山,烟炉,1.0,阴,小雨,50,5.0,农业抗旱,118.031,28.93,POINT (118.031 28.93),1221.0,江西省,上饶市,玉山县,枫林街道,matched_within,,,,,,
2021-10-16,10:51,10:51,上饶市,广丰区,烟炉,1.0,阴,小雨,100,50.0,农业抗旱,118.259,28.276,POINT (118.259 28.276),1220.0,江西省,上饶市,广丰县,铜钹山镇,matched_within,,,,,,
2021-10-16,14:16,14:20,鹰潭市,余江区,火箭弹,4.0,阴,小到中雨,300,150.0,农业抗旱,116.904,28.194,POINT (116.904 28.194),1505.0,江西省,鹰潭市,余江县,洪湖乡,matched_within,,,,,,
2021-10-16,11:31,12:01,南昌市,安义县,烟炉,2.0,阴,小雨,100,50.0,农业抗旱,115.675,28.792,POINT (115.675 28.792),391.0,江西省,南昌市,湾里区,太平镇,matched_within,,,,,,
2021-10-15,14:50,15:05,吉安市,永丰县,烟炉,1.0,阴,小雨,100,50.0,农业抗旱,115.746,27.113,POINT (115.746 27.113),1664.0,江西省,抚州市,乐安县,罗陂乡,matched_within,,,,,,
2021-10-14,20:09,20:24,上饶市,三清山,烟炉,1.0,阴,小雨,50,5.0,农业抗旱,118.031,28.93,POINT (118.031 28.93),1221.0,江西省,上饶市,玉山县,枫林街道,matched_within,,,,,,
2021-10-14,19:03,19:05,上饶市,广信区,火箭弹,2.0,小雨,小雨,300,150.0,农业抗旱,117.886,28.551,POINT (117.886 28.551),1526.0,江西省,上饶市,上饶县,清水乡,matched_within,,,,,,
2021-10-13,10:30,10:45,鹰潭市,月湖区,烟炉,1.0,阴,小雨,100,50.0,农业抗旱,116.963,28.098,POINT (116.963 28.098),1132.0,江西省,鹰潭市,贵溪市,龙虎山镇,matched_within,,,,,,
2021-10-12,11:26,11:26,上饶市,广丰区,火箭弹,2.0,阴,小雨,300,150.0,农业抗旱,118.196,28.482,POINT (118.196 28.482),133.0,江西省,上饶市,广丰县,下溪镇,matched_within,,,,,,
2021-10-12,14:18,14:20,赣州市,赣县区,火箭弹,4.0,阴,阵雨,100,10.0,农业抗旱,115.154,26.067,POINT (115.154 26.067),1682.0,江西省,赣州市,赣县,吉埠镇,matched_within,,,,,,
2021-10-08,22:21,22:23,赣州市,赣县区,火箭弹,4.0,阴,小雨,300,150.0,农业抗旱,115.043,25.889,POINT (115.043 25.889),844.0,江西省,赣州市,赣县,茅店镇,matched_within,,,,,,
2021-09-29,15:04,15:19,上饶市,三清山,烟炉,1.0,小雨,小到中雨,50,5.0,降低火险,118.031,28.93,POINT (118.031 28.93),1221.0,江西省,上饶市,玉山县,枫林街道,matched_within,,,,,,
2021-09-29,06:29,06:31,九江市,庐山市,火箭弹,4.0,阴,小到中雨,300,150.0,农业抗旱,116.036,29.447,POINT (116.036 29.447),262.0,江西省,九江市,星子县,南康镇,matched_within,,,,,,
2021-09-29,12:30,12:55,南昌市,安义县,烟炉,2.0,阵雨,小雨,100,50.0,农业抗旱,115.675,28.792,POINT (115.675 28.792),391.0,江西省,南昌市,湾里区,太平镇,matched_within,,,,,,
2021-09-29,16:22,16:25,鹰潭市,中华人民共和国,火箭弹,2.0,阴,小雨,30,150.0,农业抗旱,117.08,28.449,POINT (117.08 28.449),1133.0,江西省,鹰潭市,贵溪市,塔桥园艺场,matched_within,,,,,,
2021-09-29,06:02,06:17,九江市,庐山市,烟炉,1.0,阴,小到中雨,100,50.0,农业抗旱,115.993,29.58,POINT (115.993 29.58),227.0,江西省,九江市,庐山区,牯岭镇,matched_within,,,,,,
2021-09-29,05:26,05:56,九江市,武宁县,烟炉,2.0,小雨,中雨,100,50.0,农业抗旱,115.192,29.492,POINT (115.192 29.492),1625.0,江西省,九江市,瑞昌市,乐园乡,matched_within,,,,,,
2021-09-29,11:05,11:20,南昌市,新建区,烟炉,1.0,小雨,中到大雨,100,50.0,农业抗旱,115.664,28.739,POINT (115.664 28.739),392.0,江西省,南昌市,湾里区,招贤镇,matched_within,,,,,,
2021-09-29,06:03,06:18,九江市,庐山市,烟炉,1.0,阴,小到中雨,100,50.0,农业抗旱,115.956,29.56,POINT (115.956 29.56),227.0,江西省,九江市,庐山区,牯岭镇,matched_within,,,,,,
2021-09-29,11:15,11:29,南昌市,安义县,烟炉,1.0,阴,小到中雨,100,50.0,农业抗旱,115.675,28.792,POINT (115.675 28.792),391.0,江西省,南昌市,湾里区,太平镇,matched_within,,,,,,
2021-09-20,12:22,12:23,赣州市,赣县区,火箭弹,4.0,阴,小到中雨,300,150.0,农业抗旱,114.969,26.058,POINT (114.969 26.058),1370.0,江西省,赣州市,赣县,湖江镇,matched_within,,,,,,
2021-09-20,08:37,08:39,抚州市,东乡区,火箭弹,2.0,阴,小雨,300,150.0,水库增蓄,116.6,28.29,POINT (116.6 28.29),1676.0,江西省,抚州市,东乡县,孝岗镇,matched_within,,,,,,
2021-09-19,17:50,18:30,鹰潭市,月湖区,烟炉,2.0,阴,阵雨,100,50.0,农业抗旱,116.963,28.098,POINT (116.963 28.098),1132.0,江西省,鹰潭市,贵溪市,龙虎山镇,matched_within,,,,,,
2021-09-06,17:23,17:39,鹰潭市,月湖区,烟炉,1.0,阴,阴,10,5.0,农业抗旱,116.963,28.098,POINT (116.963 28.098),1132.0,江西省,鹰潭市,贵溪市,龙虎山镇,matched_within,,,,,,
2021-08-27,14:40,15:11,鹰潭市,月湖区,烟炉,2.0,阴,小到中雨,30,50.0,农业抗旱,116.963,28.098,POINT (116.963 28.098),1132.0,江西省,鹰潭市,贵溪市,龙虎山镇,matched_within,,,,,,
2021-08-25,14:20,14:50,上饶市,广丰区,烟炉,1.0,阴,小雨,100,50.0,降低火险,118.259,28.276,POINT (118.259 28.276),1220.0,江西省,上饶市,广丰县,铜钹山镇,matched_within,,,,,,
2021-08-24,20:50,21:01,上饶市,三清山,烟炉,1.0,小雨,小到中雨,50,1.0,农业抗旱,118.031,28.93,POINT (118.031 28.93),1221.0,江西省,上饶市,玉山县,枫林街道,matched_within,,,,,,
2021-08-24,21:41,21:44,上饶市,广信区,火箭弹,4.0,阴,小雨,300,150.0,农业抗旱,117.886,28.551,POINT (117.886 28.551),1526.0,江西省,上饶市,上饶县,清水乡,matched_within,,,,,,
2021-08-21,15:20,15:45,上饶市,广丰区,烟炉,1.0,阴,小雨,100,50.0,农业抗旱,118.259,28.276,POINT (118.259 28.276),1220.0,江西省,上饶市,广丰县,铜钹山镇,matched_within,,,,,,
2021-08-21,19:55,19:57,上饶市,广信区,火箭弹,2.0,小雨,小到中雨,300,150.0,农业抗旱,117.886,28.551,POINT (117.886 28.551),1526.0,江西省,上饶市,上饶县,清水乡,matched_within,,,,,,
2021-08-20,17:36,17:46,上饶市,三清山,烟炉,1.0,阴,小雨,50,0.1,农业抗旱,118.031,28.93,POINT (118.031 28.93),1221.0,江西省,上饶市,玉山县,枫林街道,matched_within,,,,,,
2021-08-20,14:34,14:36,抚州市,东乡区,火箭弹,2.0,阴,中到大雨,300,150.0,水库增蓄,116.6,28.29,POINT (116.6 28.29),1676.0,江西省,抚州市,东乡县,孝岗镇,matched_within,,,,,,
2021-08-19,16:23,16:53,九江市,武宁县,烟炉,2.0,阴,小雨,100,50.0,农业抗旱,115.192,29.492,POINT (115.192 29.492),1625.0,江西省,九江市,瑞昌市,乐园乡,matched_within,,,,,,
2021-08-17,18:57,19:12,吉安市,永丰县,烟炉,1.0,阴,小到中雨,100,50.0,农业抗旱,115.746,27.113,POINT (115.746 27.113),1664.0,江西省,抚州市,乐安县,罗陂乡,matched_within,,,,,,
2021-08-16,18:02,18:04,上饶市,广信区,火箭弹,4.0,小雨,小到中雨,300,150.0,农业抗旱,117.886,28.551,POINT (117.886 28.551),1526.0,江西省,上饶市,上饶县,清水乡,matched_within,,,,,,
2021-08-14,06:50,06:55,抚州市,东乡区,火箭弹,2.0,小雨,中雨,300,150.0,农业抗旱,116.6,28.29,POINT (116.6 28.29),1676.0,江西省,抚州市,东乡县,孝岗镇,matched_within,,,,,,
2021-08-13,14:35,14:40,抚州市,东乡区,火箭弹,2.0,小雨,中雨,300,150.0,水库增蓄,116.6,28.29,POINT (116.6 28.29),1676.0,江西省,抚州市,东乡县,孝岗镇,matched_within,,,,,,
2021-08-13,11:30,12:00,九江市,武宁县,烟炉,2.0,阴,小雨,100,50.0,农业抗旱,115.192,29.492,POINT (115.192 29.492),1625.0,江西省,九江市,瑞昌市,乐园乡,matched_within,,,,,,
2021-08-12,10:37,10:38,鹰潭市,中华人民共和国,火箭弹,3.0,小雨,小到中雨,300,150.0,农业抗旱,117.08,28.449,POINT (117.08 28.449),1133.0,江西省,鹰潭市,贵溪市,塔桥园艺场,matched_within,,,,,,
2021-08-12,06:35,06:38,抚州市,东乡区,火箭弹,4.0,小雨,大雨,300,150.0,水库增蓄,116.6,28.29,POINT (116.6 28.29),1676.0,江西省,抚州市,东乡县,孝岗镇,matched_within,,,,,,
2021-08-12,08:00,08:32,鹰潭市,月湖区,烟炉,2.0,小雨,小到中雨,100,50.0,农业抗旱,116.963,28.098,POINT (116.963 28.098),1132.0,江西省,鹰潭市,贵溪市,龙虎山镇,matched_within,,,,,,
2021-08-11,14:08,14:38,九江市,武宁县,烟炉,2.0,小雨,小到中雨,100,50.0,农业抗旱,115.192,29.492,POINT (115.192 29.492),1625.0,江西省,九江市,瑞昌市,乐园乡,matched_within,,,,,,
2021-08-11,16:45,16:50,抚州市,东乡区,火箭弹,2.0,小雨,小到中雨,100,100.0,水库增蓄,116.6,28.29,POINT (116.6 28.29),1676.0,江西省,抚州市,东乡县,孝岗镇,matched_within,,,,,,
2021-08-10,15:45,16:01,鹰潭市,月湖区,烟炉,1.0,阴,小雨,100,50.0,农业抗旱,116.963,28.098,POINT (116.963 28.098),1132.0,江西省,鹰潭市,贵溪市,龙虎山镇,matched_within,,,,,,
2021-08-10,16:22,16:23,九江市,柴桑区,火箭弹,3.0,阴,大雨,300,150.0,农业抗旱,115.884,29.652,POINT (115.884 29.652),203.0,江西省,九江市,九江县,沙河街镇,matched_within,,,,,,
2021-08-10,16:14,16:16,抚州市,东乡区,火箭弹,2.0,小雨,小到中雨,300,150.0,水库增蓄,116.6,28.29,POINT (116.6 28.29),1676.0,江西省,抚州市,东乡县,孝岗镇,matched_within,,,,,,
2021-08-10,18:32,18:34,九江市,柴桑区,火箭弹,3.0,小雨,中到大雨,300,150.0,农业抗旱,115.884,29.652,POINT (115.884 29.652),203.0,江西省,九江市,九江县,沙河街镇,matched_within,,,,,,
2021-08-09,14:31,15:01,鹰潭市,月湖区,烟炉,2.0,阴,小到中雨,100,50.0,农业抗旱,116.963,28.098,POINT (116.963 28.098),1132.0,江西省,鹰潭市,贵溪市,龙虎山镇,matched_within,,,,,,
2021-08-09,15:57,15:58,鹰潭市,中华人民共和国,火箭弹,2.0,阴,小到中雨,300,150.0,水库增蓄,117.08,28.449,POINT (117.08 28.449),1133.0,江西省,鹰潭市,贵溪市,塔桥园艺场,matched_within,,,,,,
2021-08-09,16:35,16:36,九江市,柴桑区,火箭弹,2.0,阴,小雨,300,150.0,农业抗旱,115.84,29.61,POINT (115.84 29.61),200.0,江西省,九江市,九江县,狮子镇,matched_within,,,,,,
2021-08-09,21:05,21:10,抚州市,东乡区,火箭弹,2.0,小雨,中到大雨,300,150.0,农业抗旱,116.4,28.21,POINT (116.4 28.21),807.0,江西省,抚州市,东乡县,詹圩镇,matched_within,,,,,,
2021-08-09,20:22,20:37,吉安市,永丰县,烟炉,1.0,小雨,大雨,100,50.0,农业抗旱,115.746,27.113,POINT (115.746 27.113),1664.0,江西省,抚州市,乐安县,罗陂乡,matched_within,,,,,,
2021-08-06,14:55,15:10,吉安市,永丰县,烟炉,1.0,阴,阴,99,50.0,农业抗旱,115.746,27.113,POINT (115.746 27.113),1664.0,江西省,抚州市,乐安县,罗陂乡,matched_within,,,,,,
2021-08-04,16:50,17:05,鹰潭市,月湖区,烟炉,1.0,阴,小雨,100,50.0,农业抗旱,116.963,28.098,POINT (116.963 28.098),1132.0,江西省,鹰潭市,贵溪市,龙虎山镇,matched_within,,,,,,
2021-08-04,15:41,15:42,鹰潭市,中华人民共和国,火箭弹,2.0,阴,阵雨,50,150.0,农业抗旱,117.08,28.449,POINT (117.08 28.449),1133.0,江西省,鹰潭市,贵溪市,塔桥园艺场,matched_within,,,,,,
2021-08-03,15:59,16:30,鹰潭市,月湖区,烟炉,2.0,阴,阵雨,50,50.0,农业抗旱,116.963,28.098,POINT (116.963 28.098),1132.0,江西省,鹰潭市,贵溪市,龙虎山镇,matched_within,,,,,,
2021-07-31,12:15,12:46,鹰潭市,月湖区,烟炉,2.0,阴,阵雨,300,150.0,改善空气,116.963,28.098,POINT (116.963 28.098),1132.0,江西省,鹰潭市,贵溪市,龙虎山镇,matched_within,,,,,,
2021-07-31,15:05,15:10,抚州市,东乡区,火箭弹,2.0,小雨,中雨,300,150.0,水库增蓄,116.6,28.29,POINT (116.6 28.29),1676.0,江西省,抚州市,东乡县,孝岗镇,matched_within,,,,,,
2021-07-28,15:20,15:51,鹰潭市,月湖区,烟炉,2.0,阴,小雨,100,,农业抗旱,116.963,28.098,POINT (116.963 28.098),1132.0,江西省,鹰潭市,贵溪市,龙虎山镇,matched_within,,,,,,
2021-07-27,14:26,14:27,鹰潭市,中华人民共和国,火箭弹,2.0,阴,小雨,300,150.0,农业抗旱,117.08,28.449,POINT (117.08 28.449),1133.0,江西省,鹰潭市,贵溪市,塔桥园艺场,matched_within,,,,,,
2021-07-27,09:43,09:48,鹰潭市,中华人民共和国,火箭弹,2.0,阴,小雨,50,0.0,农业抗旱,117.08,28.449,POINT (117.08 28.449),1133.0,江西省,鹰潭市,贵溪市,塔桥园艺场,matched_within,,,,,,
2021-07-23,15:30,16:01,鹰潭市,月湖区,烟炉,2.0,阴,小雨,300,150.0,改善空气,116.963,28.098,POINT (116.963 28.098),1132.0,江西省,鹰潭市,贵溪市,龙虎山镇,matched_within,,,,,,
2021-07-20,17:40,17:55,鹰潭市,月湖区,烟炉,1.0,阴,小雨,300,150.0,改善空气,116.963,28.098,POINT (116.963 28.098),1132.0,江西省,鹰潭市,贵溪市,龙虎山镇,matched_within,,,,,,
2021-07-19,15:00,15:05,抚州市,东乡区,火箭弹,2.0,小雨,小到中雨,100,,水库增蓄,116.613,28.29,POINT (116.613 28.29),1676.0,江西省,抚州市,东乡县,孝岗镇,matched_within,,,,,,
2021-07-19,15:00,15:05,抚州市,东乡区,火箭弹,2.0,小雨,小到中雨,300,150.0,水库增蓄,116.6,28.29,POINT (116.6 28.29),1676.0,江西省,抚州市,东乡县,孝岗镇,matched_within,,,,,,
2021-07-19,14:05,14:20,抚州市,乐安县,烟炉,1.0,小雨,小雨,300,150.0,农业抗旱,115.418,27.568,POINT (115.418 27.568),33.0,江西省,吉安市,峡江县,马埠镇,matched_within,,,,,,
2021-07-18,06:28,06:30,抚州市,东乡区,火箭弹,2.0,阴,小到中雨,300,150.0,水库增蓄,116.6,28.29,POINT (116.6 28.29),1676.0,江西省,抚州市,东乡县,孝岗镇,matched_within,,,,,,
2021-07-18,13:17,13:30,抚州市,乐安县,烟炉,1.0,小雨,小雨,300,150.0,农业抗旱,115.418,27.568,POINT (115.418 27.568),33.0,江西省,吉安市,峡江县,马埠镇,matched_within,,,,,,
2021-07-18,06:28,06:30,抚州市,东乡区,火箭弹,2.0,阴,小到中雨,100,,农业抗旱,116.613,28.29,POINT (116.613 28.29),1676.0,江西省,抚州市,东乡县,孝岗镇,matched_within,,,,,,
2021-07-17,21:57,21:59,抚州市,东乡区,火箭弹,2.0,阴,小雨,300,150.0,水库增蓄,116.6,28.29,POINT (116.6 28.29),1676.0,江西省,抚州市,东乡县,孝岗镇,matched_within,,,,,,
2021-07-17,21:57,21:59,抚州市,东乡区,火箭弹,2.0,阴,小到中雨,300,150.0,水库增蓄,116.6,28.29,POINT (116.6 28.29),1676.0,江西省,抚州市,东乡县,孝岗镇,matched_within,,,,,,
2021-06-18,11:19,11:19,鹰潭市,月湖区,火箭弹,1.0,阴,阴,100,20.0,农业抗旱,117.047,27.987,POINT (117.047 27.987),1117.0,江西省,鹰潭市,贵溪市,上清镇,matched_within,,,,,,
2021-06-16,17:09,17:25,鹰潭市,月湖区,烟炉,1.0,阴,小雨,300,150.0,改善空气,116.963,28.098,POINT (116.963 28.098),1132.0,江西省,鹰潭市,贵溪市,龙虎山镇,matched_within,,,,,,
2021-06-04,16:10,16:16,南昌市,新建区,火箭弹,1.0,阴,阴,200,40.0,农业抗旱,115.813,28.841,POINT (115.813 28.841),401.0,江西省,南昌市,新建县,溪霞镇,matched_within,,,,,,
2021-04-27,14:40,14:55,吉安市,永丰县,烟炉,1.0,小雨,小到中雨,300,150.0,农业抗旱,115.746,27.113,POINT (115.746 27.113),1664.0,江西省,抚州市,乐安县,罗陂乡,matched_within,,,,,,
2021-04-27,15:21,15:36,抚州市,乐安县,烟炉,1.0,小雨,小雨,300,150.0,农业抗旱,115.418,27.568,POINT (115.418 27.568),33.0,江西省,吉安市,峡江县,马埠镇,matched_within,,,,,,
2021-04-25,09:11,09:27,鹰潭市,月湖区,烟炉,1.0,小雨,小雨,300,150.0,改善空气,116.963,28.098,POINT (116.963 28.098),1132.0,江西省,鹰潭市,贵溪市,龙虎山镇,matched_within,,,,,,
2021-04-24,20:55,21:05,抚州市,乐安县,烟炉,1.0,小雨,小到中雨,300,150.0,农业抗旱,115.418,27.568,POINT (115.418 27.568),33.0,江西省,吉安市,峡江县,马埠镇,matched_within,,,,,,
2021-04-24,20:35,20:50,抚州市,乐安县,烟炉,1.0,小雨,小雨,300,150.0,农业抗旱,115.418,27.568,POINT (115.418 27.568),33.0,江西省,吉安市,峡江县,马埠镇,matched_within,,,,,,
2021-04-22,08:28,09:00,抚州市,乐安县,烟炉,2.0,阴,小到中雨,300,150.0,农业抗旱,115.418,27.568,POINT (115.418 27.568),33.0,江西省,吉安市,峡江县,马埠镇,matched_within,,,,,,
2021-04-22,08:53,09:02,吉安市,永丰县,烟炉,1.0,阴,小到中雨,300,150.0,农业抗旱,115.746,27.113,POINT (115.746 27.113),1664.0,江西省,抚州市,乐安县,罗陂乡,matched_within,,,,,,
2021-04-16,11:30,11:45,吉安市,永丰县,烟炉,1.0,阴,小雨,300,150.0,农业抗旱,115.746,27.113,POINT (115.746 27.113),1664.0,江西省,抚州市,乐安县,罗陂乡,matched_within,,,,,,
2021-04-14,12:50,12:52,赣州市,赣县区,火箭弹,3.0,阴,小雨,300,150.0,农业抗旱,115.043,25.889,POINT (115.043 25.889),844.0,江西省,赣州市,赣县,茅店镇,matched_within,,,,,,
2021-04-14,08:32,08:47,吉安市,永丰县,烟炉,1.0,小雨,小到中雨,300,150.0,农业抗旱,115.746,27.113,POINT (115.746 27.113),1664.0,江西省,抚州市,乐安县,罗陂乡,matched_within,,,,,,
2021-04-14,19:12,19:25,抚州市,乐安县,烟炉,1.0,小雨,小雨,300,150.0,农业抗旱,115.418,27.568,POINT (115.418 27.568),33.0,江西省,吉安市,峡江县,马埠镇,matched_within,,,,,,
2021-04-12,14:47,15:02,抚州市,乐安县,烟炉,1.0,小雨,小雨,300,150.0,农业抗旱,115.418,27.568,POINT (115.418 27.568),33.0,江西省,吉安市,峡江县,马埠镇,matched_within,,,,,,
2021-04-10,14:09,14:24,吉安市,永丰县,烟炉,1.0,阴,小雨,300,150.0,农业抗旱,115.746,27.113,POINT (115.746 27.113),1664.0,江西省,抚州市,乐安县,罗陂乡,matched_within,,,,,,
2021-04-07,21:19,21:22,赣州市,赣县区,火箭弹,3.0,阴,小雨,300,150.0,农业抗旱,114.969,26.058,POINT (114.969 26.058),1370.0,江西省,赣州市,赣县,湖江镇,matched_within,,,,,,
2021-04-05,17:48,17:49,赣州市,赣县区,火箭弹,2.0,阴,小雨,300,150.0,农业抗旱,115.111,26.061,POINT (115.111 26.061),843.0,江西省,赣州市,赣县,石芫乡,matched_within,,,,,,
2021-03-01,09:00,09:15,鹰潭市,月湖区,烟炉,1.0,小雨,小雨,300,150.0,改善空气,116.963,28.098,POINT (116.963 28.098),1132.0,江西省,鹰潭市,贵溪市,龙虎山镇,matched_within,,,,,,
2021-02-26,15:09,15:10,上饶市,广信区,火箭弹,2.0,小雨,小到中雨,300,150.0,农业抗旱,117.886,28.551,POINT (117.886 28.551),1526.0,江西省,上饶市,上饶县,清水乡,matched_within,,,,,,
2021-02-26,16:07,17:37,鹰潭市,月湖区,烟炉,2.0,阴,小雨,300,150.0,农业抗旱,116.963,28.098,POINT (116.963 28.098),1132.0,江西省,鹰潭市,贵溪市,龙虎山镇,matched_within,,,,,,
2021-02-26,01:41,01:43,抚州市,东乡区,火箭弹,2.0,小雨,小雨,300,150.0,水库增蓄,116.6,28.29,POINT (116.6 28.29),1676.0,江西省,抚州市,东乡县,孝岗镇,matched_within,,,,,,
2021-02-26,09:55,09:58,上饶市,广丰区,火箭弹,4.0,小雨,中雨,300,150.0,农业抗旱,118.196,28.482,POINT (118.196 28.482),133.0,江西省,上饶市,广丰县,下溪镇,matched_within,,,,,,
2021-02-26,00:08,00:09,上饶市,广信区,火箭弹,4.0,小雨,小到中雨,300,150.0,降低火险,117.886,28.551,POINT (117.886 28.551),1526.0,江西省,上饶市,上饶县,清水乡,matched_within,,,,,,
2021-02-25,07:54,08:24,九江市,武宁县,烟炉,2.0,阴,小雨,300,150.0,农业抗旱,115.192,29.492,POINT (115.192 29.492),1625.0,江西省,九江市,瑞昌市,乐园乡,matched_within,,,,,,
2021-02-25,19:02,19:03,九江市,柴桑区,火箭弹,2.0,小雨,小雨,300,150.0,降低火险,115.84,29.61,POINT (115.84 29.61),200.0,江西省,九江市,九江县,狮子镇,matched_within,,,,,,
2021-02-25,15:25,15:42,抚州市,乐安县,烟炉,1.0,小雨,小雨,300,150.0,农业抗旱,115.418,27.568,POINT (115.418 27.568),33.0,江西省,吉安市,峡江县,马埠镇,matched_within,,,,,,
2021-02-25,10:58,11:00,九江市,庐山市,火箭弹,4.0,小雨,中雨,300,150.0,农业抗旱,115.876,29.422,POINT (115.876 29.422),1248.0,江西省,九江市,星子县,温泉镇,matched_within,,,,,,
2021-02-25,17:15,17:30,鹰潭市,月湖区,烟炉,1.0,小雨,小雨,300,150.0,农业抗旱,116.963,28.098,POINT (116.963 28.098),1132.0,江西省,鹰潭市,贵溪市,龙虎山镇,matched_within,,,,,,
2021-02-25,09:30,10:04,鹰潭市,月湖区,烟炉,2.0,阴,小雨,300,150.0,农业抗旱,116.963,28.098,POINT (116.963 28.098),1132.0,江西省,鹰潭市,贵溪市,龙虎山镇,matched_within,,,,,,
2021-02-25,16:10,16:11,鹰潭市,月湖区,烟炉,3.0,小雨,中雨,300,150.0,农业抗旱,116.963,28.098,POINT (116.963 28.098),1132.0,江西省,鹰潭市,贵溪市,龙虎山镇,matched_within,,,,,,
2021-02-25,08:53,09:45,南昌市,安义县,烟炉,3.0,小雨,中雨,300,150.0,农业抗旱,115.675,28.792,POINT (115.675 28.792),391.0,江西省,南昌市,湾里区,太平镇,matched_within,,,,,,
2021-02-25,16:20,16:35,吉安市,永丰县,烟炉,1.0,阴,小雨,300,150.0,农业抗旱,115.746,27.113,POINT (115.746 27.113),1664.0,江西省,抚州市,乐安县,罗陂乡,matched_within,,,,,,
2021-02-25,13:01,13:03,抚州市,东乡区,火箭弹,2.0,小雨,小到中雨,300,150.0,水库增蓄,116.6,28.29,POINT (116.6 28.29),1676.0,江西省,抚州市,东乡县,孝岗镇,matched_within,,,,,,
2021-02-25,16:00,16:03,上饶市,三清山,火箭弹,2.0,小雨,小雨,300,150.0,降低火险,118.049,28.85,POINT (118.049 28.85),1221.0,江西省,上饶市,玉山县,枫林街道,matched_within,,,,,,
2021-02-22,19:39,19:54,吉安市,永丰县,烟炉,1.0,阴,小雨,300,150.0,降低火险,115.746,27.113,POINT (115.746 27.113),1664.0,江西省,抚州市,乐安县,罗陂乡,matched_within,,,,,,
2021-02-16,16:29,16:57,抚州市,乐安县,烟炉,2.0,小雨,小到中雨,300,150.0,农业抗旱,115.418,27.568,POINT (115.418 27.568),33.0,江西省,吉安市,峡江县,马埠镇,matched_within,,,,,,
2021-02-16,12:39,12:54,吉安市,永丰县,烟炉,1.0,阴,小雨,300,150.0,降低火险,115.746,27.113,POINT (115.746 27.113),1664.0,江西省,抚州市,乐安县,罗陂乡,matched_within,,,,,,
2021-02-16,15:16,15:31,吉安市,永丰县,烟炉,1.0,阴,小雨,300,150.0,降低火险,115.746,27.113,POINT (115.746 27.113),1664.0,江西省,抚州市,乐安县,罗陂乡,matched_within,,,,,,
2021-02-10,08:51,09:21,抚州市,乐安县,烟炉,2.0,小雨,小到中雨,300,150.0,农业抗旱,115.418,27.568,POINT (115.418 27.568),33.0,江西省,吉安市,峡江县,马埠镇,matched_within,,,,,,
2021-02-10,10:23,10:24,鹰潭市,中华人民共和国,火箭弹,4.0,小雨,小到中雨,300,150.0,农业抗旱,117.08,28.449,POINT (117.08 28.449),1133.0,江西省,鹰潭市,贵溪市,塔桥园艺场,matched_within,,,,,,
2021-02-10,11:30,12:05,鹰潭市,月湖区,烟炉,2.0,小雨,小雨,300,150.0,农业抗旱,116.963,28.098,POINT (116.963 28.098),1132.0,江西省,鹰潭市,贵溪市,龙虎山镇,matched_within,,,,,,
2021-02-10,06:46,06:48,抚州市,东乡区,火箭弹,4.0,小雨,小到中雨,300,150.0,水库增蓄,116.6,28.29,POINT (116.6 28.29),1676.0,江西省,抚州市,东乡县,孝岗镇,matched_within,,,,,,
2021-02-10,09:05,09:20,吉安市,永丰县,烟炉,1.0,小雨,小到中雨,300,150.0,改善空气,115.746,27.113,POINT (115.746 27.113),1664.0,江西省,抚州市,乐安县,罗陂乡,matched_within,,,,,,
2021-02-10,12:13,12:15,九江市,庐山市,火箭弹,2.0,小雨,中雨,300,150.0,降低火险,115.876,29.422,POINT (115.876 29.422),1248.0,江西省,九江市,星子县,温泉镇,matched_within,,,,,,
2021-02-09,11:07,11:23,吉安市,永丰县,烟炉,1.0,小雨,小雨,300,150.0,改善空气,115.746,27.113,POINT (115.746 27.113),1664.0,江西省,抚州市,乐安县,罗陂乡,matched_within,,,,,,
2021-02-09,11:51,12:03,抚州市,乐安县,烟炉,1.0,小雨,小雨,300,150.0,农业抗旱,115.418,27.568,POINT (115.418 27.568),33.0,江西省,吉安市,峡江县,马埠镇,matched_within,,,,,,
2021-02-09,16:50,17:05,吉安市,永丰县,烟炉,1.0,小雨,小到中雨,300,150.0,改善空气,115.746,27.113,POINT (115.746 27.113),1664.0,江西省,抚州市,乐安县,罗陂乡,matched_within,,,,,,
2021-02-09,15:12,15:15,抚州市,东乡区,火箭弹,2.0,小雨,小到中雨,300,150.0,水库增蓄,116.6,28.29,POINT (116.6 28.29),1676.0,江西省,抚州市,东乡县,孝岗镇,matched_within,,,,,,
2021-02-09,08:15,08:30,鹰潭市,月湖区,烟炉,1.0,小雨,小雨,300,150.0,改善空气,116.963,28.098,POINT (116.963 28.098),1132.0,江西省,鹰潭市,贵溪市,龙虎山镇,matched_within,,,,,,
2021-02-09,20:40,21:10,抚州市,乐安县,烟炉,2.0,小雨,小雨,300,150.0,农业抗旱,115.418,27.568,POINT (115.418 27.568),33.0,江西省,吉安市,峡江县,马埠镇,matched_within,,,,,,
2021-02-08,15:27,15:28,鹰潭市,中华人民共和国,火箭弹,2.0,阴,小到中雨,300,150.0,农业抗旱,117.08,28.449,POINT (117.08 28.449),1133.0,江西省,鹰潭市,贵溪市,塔桥园艺场,matched_within,,,,,,
2021-02-08,15:15,15:16,上饶市,广信区,火箭弹,2.0,小雨,小雨,300,150.0,改善空气,117.886,28.551,POINT (117.886 28.551),1526.0,江西省,上饶市,上饶县,清水乡,matched_within,,,,,,
2021-02-08,16:15,16:25,上饶市,三清山,烟炉,1.0,小雨,小雨,300,150.0,农业抗旱,118.031,28.93,POINT (118.031 28.93),1221.0,江西省,上饶市,玉山县,枫林街道,matched_within,,,,,,
2021-02-07,21:23,21:56,南昌市,安义县,烟炉,2.0,小雨,小雨,300,150.0,农业抗旱,115.675,28.792,POINT (115.675 28.792),391.0,江西省,南昌市,湾里区,太平镇,matched_within,,,,,,
2021-02-07,22:37,22:38,南昌市,新建区,火箭弹,2.0,阴,小雨,300,150.0,改善空气,115.644,28.364,POINT (115.644 28.364),1276.0,江西省,南昌市,新建县,松湖镇,matched_within,,,,,,
2021-02-05,13:06,13:22,九江市,武宁县,烟炉,1.0,阴,小雨,300,150.0,农业抗旱,115.192,29.492,POINT (115.192 29.492),1625.0,江西省,九江市,瑞昌市,乐园乡,matched_within,,,,,,
2021-02-05,00:40,00:42,抚州市,东乡区,火箭弹,2.0,小雨,小到中雨,300,150.0,水库增蓄,116.6,28.29,POINT (116.6 28.29),1676.0,江西省,抚州市,东乡县,孝岗镇,matched_within,,,,,,
2021-02-04,00:27,00:28,南昌市,新建区,火箭弹,3.0,阴,小雨,300,150.0,改善空气,115.644,28.364,POINT (115.644 28.364),1276.0,江西省,南昌市,新建县,松湖镇,matched_within,,,,,,
2021-02-03,22:29,22:57,南昌市,安义县,烟炉,2.0,小雨,小雨,300,150.0,降低火险,115.675,28.792,POINT (115.675 28.792),391.0,江西省,南昌市,湾里区,太平镇,matched_within,,,,,,
2021-02-03,21:22,21:23,南昌市,安义县,火箭弹,2.0,阴,小雨,300,150.0,改善空气,116.359,28.319,POINT (116.359 28.319),1282.0,江西省,南昌市,进贤县,下埠集乡,matched_within,,,,,,
2021-02-01,18:17,18:50,鹰潭市,月湖区,烟炉,2.0,阴,小雨,300,150.0,改善空气,116.963,28.098,POINT (116.963 28.098),1132.0,江西省,鹰潭市,贵溪市,龙虎山镇,matched_within,,,,,,
2021-02-01,08:36,09:19,鹰潭市,月湖区,烟炉,2.0,阴,小雨,300,150.0,改善空气,116.963,28.098,POINT (116.963 28.098),1132.0,江西省,鹰潭市,贵溪市,龙虎山镇,matched_within,,,,,,
2021-01-31,22:46,22:47,南昌市,新建区,火箭弹,2.0,阴,小雨,300,150.0,改善空气,115.644,28.364,POINT (115.644 28.364),1276.0,江西省,南昌市,新建县,松湖镇,matched_within,,,,,,
2021-01-27,16:10,16:11,鹰潭市,中华人民共和国,火箭弹,2.0,阴,小雨,300,150.0,农业抗旱,117.08,28.449,POINT (117.08 28.449),1133.0,江西省,鹰潭市,贵溪市,塔桥园艺场,matched_within,,,,,,
2021-01-27,22:54,22:55,南昌市,新建区,火箭弹,3.0,阴,小雨,300,150.0,改善空气,115.644,28.364,POINT (115.644 28.364),1276.0,江西省,南昌市,新建县,松湖镇,matched_within,,,,,,
2021-01-27,17:04,18:28,南昌市,安义县,烟炉,2.0,小雨,小到中雨,300,150.0,降低火险,115.675,28.792,POINT (115.675 28.792),391.0,江西省,南昌市,湾里区,太平镇,matched_within,,,,,,
2021-01-27,12:32,12:35,九江市,庐山市,火箭弹,3.0,小雨,中雨,300,150.0,降低火险,115.876,29.422,POINT (115.876 29.422),1248.0,江西省,九江市,星子县,温泉镇,matched_within,,,,,,
2021-01-25,16:05,16:20,鹰潭市,月湖区,烟炉,1.0,阴,小雨,300,150.0,改善空气,116.963,28.098,POINT (116.963 28.098),1132.0,江西省,鹰潭市,贵溪市,龙虎山镇,matched_within,,,,,,
2021-01-22,09:01,09:35,南昌市,安义县,烟炉,2.0,阴,小雨,300,150.0,降低火险,115.675,28.792,POINT (115.675 28.792),391.0,江西省,南昌市,湾里区,太平镇,matched_within,,,,,,
2021-01-22,09:34,09:35,鹰潭市,中华人民共和国,火箭弹,3.0,阴,小雨,300,150.0,农业抗旱,117.08,28.449,POINT (117.08 28.449),1133.0,江西省,鹰潭市,贵溪市,塔桥园艺场,matched_within,,,,,,
2021-01-22,09:30,09:33,赣州市,赣县区,火箭弹,3.0,阴,小雨,300,150.0,水库增蓄,115.043,25.889,POINT (115.043 25.889),844.0,江西省,赣州市,赣县,茅店镇,matched_within,,,,,,
2021-01-22,20:34,21:11,南昌市,安义县,烟炉,2.0,阴,小雨,300,150.0,降低火险,115.675,28.792,POINT (115.675 28.792),391.0,江西省,南昌市,湾里区,太平镇,matched_within,,,,,,
2021-01-22,08:09,08:20,上饶市,三清山,烟炉,1.0,阴,小雨,300,150.0,降低火险,118.031,28.93,POINT (118.031 28.93),1221.0,江西省,上饶市,玉山县,枫林街道,matched_within,,,,,,
2021-01-21,18:26,18:27,九江市,柴桑区,火箭弹,2.0,阴,小雨,300,150.0,降低火险,115.884,29.652,POINT (115.884 29.652),203.0,江西省,九江市,九江县,沙河街镇,matched_within,,,,,,
2021-01-21,07:12,07:30,九江市,庐山市,烟炉,1.0,阴,小雨,300,150.0,降低火险,115.993,29.58,POINT (115.993 29.58),227.0,江西省,九江市,庐山区,牯岭镇,matched_within,,,,,,
2021-01-21,07:13,07:30,九江市,庐山市,烟炉,1.0,阴,小雨,300,150.0,降低火险,115.956,29.56,POINT (115.956 29.56),227.0,江西省,九江市,庐山区,牯岭镇,matched_within,,,,,,
2021-01-21,22:48,22:50,南昌市,新建区,火箭弹,2.0,阴,小雨,300,150.0,改善空气,115.644,28.364,POINT (115.644 28.364),1276.0,江西省,南昌市,新建县,松湖镇,matched_within,,,,,,
2021-01-21,08:49,09:00,九江市,武宁县,烟炉,1.0,阴,小雨,300,150.0,农业抗旱,115.192,29.492,POINT (115.192 29.492),1625.0,江西省,九江市,瑞昌市,乐园乡,matched_within,,,,,,
2021-01-21,17:28,17:43,吉安市,永丰县,烟炉,1.0,阴,小雨,300,150.0,改善空气,115.746,27.113,POINT (115.746 27.113),1664.0,江西省,抚州市,乐安县,罗陂乡,matched_within,,,,,,
2021-01-06,20:04,20:05,鹰潭市,中华人民共和国,火箭弹,4.0,阴,小雨,300,150.0,农业抗旱,117.08,28.449,POINT (117.08 28.449),1133.0,江西省,鹰潭市,贵溪市,塔桥园艺场,matched_within,,,,,,
2021-01-06,16:49,17:04,吉安市,永丰县,烟炉,1.0,小雨,小雨,300,150.0,改善空气,115.746,27.113,POINT (115.746 27.113),1664.0,江西省,抚州市,乐安县,罗陂乡,matched_within,,,,,,
2021-01-06,15:49,16:50,南昌市,安义县,烟炉,4.0,阴,小雨,300,150.0,降低火险,115.675,28.792,POINT (115.675 28.792),391.0,江西省,南昌市,湾里区,太平镇,matched_within,,,,,,
2022-12-08,10:23,10:38,九江市,庐山市,烟炉,1.0,阴,阴,75,25.0,科学研究,115.955,29.535,POINT (115.955 29.535),227.0,江西省,九江市,庐山区,牯岭镇,matched_within,,,,,,
2022-12-08,16:05,16:20,九江市,庐山市,烟炉,1.0,阴,阴,75,25.0,科学研究,115.955,29.535,POINT (115.955 29.535),227.0,江西省,九江市,庐山区,牯岭镇,matched_within,,,,,,
2022-12-05,10:10,10:45,九江市,庐山市,烟炉,2.0,阴,阴,75,25.0,科学研究,115.955,29.535,POINT (115.955 29.535),227.0,江西省,九江市,庐山区,牯岭镇,matched_within,,,,,,
2022-12-04,10:31,11:03,九江市,庐山市,烟炉,2.0,小雨,小雨,75,25.0,科学研究,115.955,29.535,POINT (115.955 29.535),227.0,江西省,九江市,庐山区,牯岭镇,matched_within,,,,,,
2022-11-27,10:03,10:05,九江市,庐山市,火箭弹,2.0,中雨,中到大雨,150,50.0,农业抗旱,116.036,29.447,POINT (116.036 29.447),262.0,江西省,九江市,星子县,南康镇,matched_within,,,,,,
2022-11-27,11:55,11:56,九江市,柴桑区,火箭弹,3.0,小雨,小到中雨,150,50.0,水库增蓄,115.84,29.61,POINT (115.84 29.61),200.0,江西省,九江市,九江县,狮子镇,matched_within,,,,,,
2022-11-27,12:20,12:25,九江市,濂溪区,火箭弹,4.0,小雨,小到中雨,150,50.0,农业抗旱,115.895,29.704,POINT (115.895 29.704),205.0,江西省,九江市,九江县,赛城湖水产场,matched_within,,,,,,
2022-11-27,07:00,07:15,南昌市,新建区,烟炉,1.0,阴,阴,75,25.0,农业抗旱,115.664,28.739,POINT (115.664 28.739),392.0,江西省,南昌市,湾里区,招贤镇,matched_within,,,,,,
2022-11-27,07:20,07:50,抚州市,乐安县,烟炉,2.0,小雨,中到大雨,75,25.0,农业抗旱,115.418,27.568,POINT (115.418 27.568),33.0,江西省,吉安市,峡江县,马埠镇,matched_within,,,,,,
2022-11-23,09:34,09:39,赣州市,赣县区,烟炉,1.0,小雨,小到中雨,75,25.0,农业抗旱,115.014,25.758,POINT (115.014 25.758),1394.0,江西省,赣州市,章贡区,沙石镇,matched_within,,,,,,
2022-11-22,05:21,05:36,南昌市,新建区,烟炉,1.0,阴,小雨,75,25.0,农业抗旱,115.664,28.739,POINT (115.664 28.739),392.0,江西省,南昌市,湾里区,招贤镇,matched_within,,,,,,
2022-11-22,09:30,09:46,鹰潭市,月湖区,烟炉,1.0,阴,小雨,75,25.0,农业抗旱,116.959,28.098,POINT (116.959 28.098),1132.0,江西省,鹰潭市,贵溪市,龙虎山镇,matched_within,,,,,,
2022-11-22,05:10,05:43,抚州市,乐安县,烟炉,2.0,小雨,中雨,75,25.0,农业抗旱,115.418,27.568,POINT (115.418 27.568),33.0,江西省,吉安市,峡江县,马埠镇,matched_within,,,,,,
2022-11-22,15:10,15:25,赣州市,赣县区,烟炉,1.0,阴,小雨,75,25.0,农业抗旱,115.33,26.045,POINT (115.33 26.045),1728.0,江西省,赣州市,赣县,三溪乡,matched_within,,,,,,
2022-11-22,04:15,04:16,九江市,柴桑区,火箭弹,4.0,小雨,中雨,150,50.0,农业抗旱,115.84,29.61,POINT (115.84 29.61),200.0,江西省,九江市,九江县,狮子镇,matched_within,,,,,,
2022-11-22,22:33,23:08,抚州市,乐安县,烟炉,2.0,阵雨,小雨,75,25.0,农业抗旱,115.418,27.568,POINT (115.418 27.568),33.0,江西省,吉安市,峡江县,马埠镇,matched_within,,,,,,
2022-11-22,09:48,09:51,上饶市,广丰区,火箭弹,2.0,小雨,中雨,150,50.0,农业抗旱,118.196,28.482,POINT (118.196 28.482),133.0,江西省,上饶市,广丰县,下溪镇,matched_within,,,,,,
2022-11-21,22:39,22:43,九江市,濂溪区,火箭弹,2.0,阴,小雨,150,50.0,农业抗旱,115.895,29.704,POINT (115.895 29.704),205.0,江西省,九江市,九江县,赛城湖水产场,matched_within,,,,,,
2022-11-19,09:15,09:20,赣州市,赣县区,烟炉,1.0,阴,小雨,75,25.0,农业抗旱,115.33,26.045,POINT (115.33 26.045),1728.0,江西省,赣州市,赣县,三溪乡,matched_within,,,,,,
2022-11-19,08:40,09:11,鹰潭市,月湖区,烟炉,2.0,阴,小雨,75,25.0,农业抗旱,116.959,28.098,POINT (116.959 28.098),1132.0,江西省,鹰潭市,贵溪市,龙虎山镇,matched_within,,,,,,
2022-11-19,04:43,05:13,抚州市,乐安县,烟炉,2.0,阵雨,小雨,75,25.0,农业抗旱,115.418,27.568,POINT (115.418 27.568),33.0,江西省,吉安市,峡江县,马埠镇,matched_within,,,,,,
2022-11-18,11:33,11:48,上饶市,三清山,烟炉,1.0,阴,小雨,75,25.0,降低火险,118.031,28.93,POINT (118.031 28.93),1221.0,江西省,上饶市,玉山县,枫林街道,matched_within,,,,,,
2022-11-18,16:01,16:25,上饶市,广丰区,烟炉,1.0,小雨,小到中雨,75,25.0,农业抗旱,118.259,28.276,POINT (118.259 28.276),1220.0,江西省,上饶市,广丰县,铜钹山镇,matched_within,,,,,,
2022-11-18,11:04,11:05,九江市,柴桑区,火箭弹,4.0,阴,小到中雨,150,50.0,农业抗旱,115.718,29.586,POINT (115.718 29.586),198.0,江西省,九江市,九江县,新塘乡,matched_within,,,,,,
2022-11-18,13:22,13:26,上饶市,三清山,火箭弹,2.0,小雨,小到中雨,150,50.0,降低火险,118.049,28.85,POINT (118.049 28.85),1221.0,江西省,上饶市,玉山县,枫林街道,matched_within,,,,,,
2022-11-18,13:13,13:28,鹰潭市,余江区,烟炉,1.0,阴,小雨,75,25.0,农业抗旱,117.123,28.546,POINT (117.123 28.546),1162.0,江西省,鹰潭市,余江县,高公寨营林场,matched_within,,,,,,
2022-11-18,14:29,14:30,上饶市,广信区,火箭弹,2.0,小雨,小雨,150,50.0,降低火险,117.982,28.334,POINT (117.982 28.334),116.0,江西省,上饶市,上饶县,尊桥乡,matched_within,,,,,,
2022-11-18,15:24,15:25,南昌市,新建区,火箭弹,2.0,阴,小雨,75,50.0,农业抗旱,115.596,28.612,POINT (115.596 28.612),406.0,江西省,南昌市,新建县,西山镇,matched_within,,,,,,
2022-11-18,23:27,23:57,抚州市,乐安县,烟炉,2.0,阵雨,小雨,75,25.0,农业抗旱,115.418,27.568,POINT (115.418 27.568),33.0,江西省,吉安市,峡江县,马埠镇,matched_within,,,,,,
2022-11-18,04:02,04:05,南昌市,新建区,火箭弹,2.0,小雨,小到中雨,150,50.0,农业抗旱,115.596,28.612,POINT (115.596 28.612),406.0,江西省,南昌市,新建县,西山镇,matched_within,,,,,,
2022-11-18,13:45,13:47,九江市,濂溪区,火箭弹,3.0,阵雨,小到中雨,150,50.0,水库增蓄,115.895,29.704,POINT (115.895 29.704),205.0,江西省,九江市,九江县,赛城湖水产场,matched_within,,,,,,
2022-11-18,12:45,13:00,南昌市,安义县,烟炉,1.0,阴,小雨,75,25.0,农业抗旱,115.675,28.792,POINT (115.675 28.792),391.0,江西省,南昌市,湾里区,太平镇,matched_within,,,,,,
2022-11-18,14:18,14:20,南昌市,新建区,火箭弹,3.0,阴,阴,75,50.0,农业抗旱,115.596,28.612,POINT (115.596 28.612),406.0,江西省,南昌市,新建县,西山镇,matched_within,,,,,,
2022-11-18,10:14,10:15,鹰潭市,月湖区,火箭弹,3.0,小雨,小到中雨,150,50.0,农业抗旱,117.056,28.299,POINT (117.056 28.299),1128.0,江西省,鹰潭市,贵溪市,江北街道,matched_within,,,,,,
2022-11-18,13:47,14:02,南昌市,安义县,烟炉,1.0,阴,小雨,75,25.0,农业抗旱,115.675,28.792,POINT (115.675 28.792),391.0,江西省,南昌市,湾里区,太平镇,matched_within,,,,,,
2022-11-18,11:47,11:49,九江市,庐山市,火箭弹,2.0,小雨,小到中雨,150,50.0,农业抗旱,116.036,29.447,POINT (116.036 29.447),262.0,江西省,九江市,星子县,南康镇,matched_within,,,,,,
2022-11-18,07:16,07:31,上饶市,三清山,烟炉,1.0,阵雨,小雨,75,25.0,降低火险,118.031,28.93,POINT (118.031 28.93),1221.0,江西省,上饶市,玉山县,枫林街道,matched_within,,,,,,
2022-11-18,06:24,06:39,上饶市,广信区,烟炉,1.0,小雨,中雨,75,25.0,降低火险,118.013,28.086,POINT (118.013 28.086),1538.0,江西省,上饶市,上饶县,五府山镇,matched_within,,,,,,
2022-11-18,02:51,02:52,南昌市,新建区,火箭弹,2.0,小雨,小到中雨,150,50.0,农业抗旱,115.596,28.612,POINT (115.596 28.612),406.0,江西省,南昌市,新建县,西山镇,matched_within,,,,,,
2022-11-17,09:46,10:02,赣州市,赣县区,烟炉,1.0,阴,小雨,75,25.0,农业抗旱,115.209,25.633,POINT (115.209 25.633),1685.0,江西省,赣州市,赣县,韩坊乡,matched_within,,,,,,
2022-11-17,00:00,00:30,抚州市,乐安县,烟炉,2.0,阴,阴,75,25.0,农业抗旱,115.418,27.568,POINT (115.418 27.568),33.0,江西省,吉安市,峡江县,马埠镇,matched_within,,,,,,
2022-11-16,17:01,17:03,上饶市,广丰区,火箭弹,2.0,阴,小雨,150,50.0,农业抗旱,118.196,28.482,POINT (118.196 28.482),133.0,江西省,上饶市,广丰县,下溪镇,matched_within,,,,,,
2022-11-16,14:29,14:44,上饶市,三清山,烟炉,1.0,阴,小到中雨,75,25.0,降低火险,118.031,28.93,POINT (118.031 28.93),1221.0,江西省,上饶市,玉山县,枫林街道,matched_within,,,,,,
2022-11-16,07:27,07:59,抚州市,乐安县,烟炉,2.0,阵雨,小雨,75,25.0,农业抗旱,115.418,27.568,POINT (115.418 27.568),33.0,江西省,吉安市,峡江县,马埠镇,matched_within,,,,,,
2022-11-16,09:45,10:17,鹰潭市,月湖区,烟炉,2.0,阴,小到中雨,75,25.0,农业抗旱,116.959,28.098,POINT (116.959 28.098),1132.0,江西省,鹰潭市,贵溪市,龙虎山镇,matched_within,,,,,,
2022-11-16,13:32,13:47,吉安市,永丰县,烟炉,1.0,阴,小雨,75,25.0,农业抗旱,115.746,27.113,POINT (115.746 27.113),1664.0,江西省,抚州市,乐安县,罗陂乡,matched_within,,,,,,
2022-11-16,13:43,14:12,赣州市,赣县区,烟炉,1.0,阴,小雨,75,25.0,农业抗旱,115.33,26.045,POINT (115.33 26.045),1728.0,江西省,赣州市,赣县,三溪乡,matched_within,,,,,,
2022-11-16,14:12,14:42,鹰潭市,余江区,烟炉,2.0,阴,小雨,75,25.0,农业抗旱,117.123,28.546,POINT (117.123 28.546),1162.0,江西省,鹰潭市,余江县,高公寨营林场,matched_within,,,,,,
2022-11-16,09:47,10:02,九江市,庐山市,烟炉,1.0,阴,小到中雨,75,25.0,农业抗旱,115.993,29.58,POINT (115.993 29.58),227.0,江西省,九江市,庐山区,牯岭镇,matched_within,,,,,,
2022-11-16,15:16,15:18,上饶市,广信区,火箭弹,2.0,小雨,小雨,150,50.0,农业抗旱,117.886,28.551,POINT (117.886 28.551),1526.0,江西省,上饶市,上饶县,清水乡,matched_within,,,,,,
2022-11-16,15:23,15:25,九江市,濂溪区,火箭弹,3.0,阴,小雨,150,50.0,农业抗旱,115.895,29.704,POINT (115.895 29.704),205.0,江西省,九江市,九江县,赛城湖水产场,matched_within,,,,,,
2022-11-16,14:35,14:37,上饶市,三清山,火箭弹,4.0,小雨,小到中雨,150,50.0,降低火险,118.049,28.85,POINT (118.049 28.85),1221.0,江西省,上饶市,玉山县,枫林街道,matched_within,,,,,,
2022-11-16,19:38,19:40,九江市,庐山市,火箭弹,2.0,阴,小雨,150,50.0,农业抗旱,116.036,29.447,POINT (116.036 29.447),262.0,江西省,九江市,星子县,南康镇,matched_within,,,,,,
2022-11-16,12:35,12:37,宜春市,上高县,火箭弹,2.0,小雨,小到中雨,150,50.0,农业抗旱,115.961,28.241,POINT (115.961 28.241),1466.0,江西省,宜春市,丰城市,白土镇,matched_within,,,,,,
2022-11-16,13:52,13:53,九江市,柴桑区,火箭弹,3.0,小雨,中雨,150,50.0,农业抗旱,115.718,29.586,POINT (115.718 29.586),198.0,江西省,九江市,九江县,新塘乡,matched_within,,,,,,
2022-11-16,10:49,10:50,赣州市,赣县区,火箭弹,2.0,小雨,小到中雨,150,50.0,农业抗旱,115.203,26.086,POINT (115.203 26.086),1673.0,江西省,赣州市,赣县,南塘镇,matched_within,,,,,,
2022-11-16,15:15,15:45,抚州市,乐安县,烟炉,2.0,阴,小雨,75,25.0,农业抗旱,115.418,27.568,POINT (115.418 27.568),33.0,江西省,吉安市,峡江县,马埠镇,matched_within,,,,,,
2022-11-16,09:48,10:03,九江市,庐山市,烟炉,1.0,阴,小到中雨,75,25.0,降低火险,115.956,29.56,POINT (115.956 29.56),227.0,江西省,九江市,庐山区,牯岭镇,matched_within,,,,,,
2022-11-16,05:40,05:42,南昌市,新建区,火箭弹,2.0,阴,小雨,75,50.0,农业抗旱,115.596,28.612,POINT (115.596 28.612),406.0,江西省,南昌市,新建县,西山镇,matched_within,,,,,,
2022-11-16,21:51,22:06,上饶市,三清山,烟炉,1.0,小雨,小到中雨,75,25.0,降低火险,118.031,28.93,POINT (118.031 28.93),1221.0,江西省,上饶市,玉山县,枫林街道,matched_within,,,,,,
2022-11-16,09:46,10:01,九江市,庐山市,烟炉,1.0,阴,小到中雨,75,25.0,降低火险,115.955,29.535,POINT (115.955 29.535),227.0,江西省,九江市,庐山区,牯岭镇,matched_within,,,,,,
2022-11-15,10:30,10:51,赣州市,赣县区,烟炉,1.0,阴,小雨,75,25.0,农业抗旱,115.014,25.758,POINT (115.014 25.758),1394.0,江西省,赣州市,章贡区,沙石镇,matched_within,,,,,,
2022-11-15,11:49,12:03,赣州市,赣县区,烟炉,1.0,阴,小雨,75,25.0,农业抗旱,115.209,25.633,POINT (115.209 25.633),1685.0,江西省,赣州市,赣县,韩坊乡,matched_within,,,,,,
2022-11-15,06:03,06:33,赣州市,赣县区,烟炉,1.0,阴,小雨,75,25.0,农业抗旱,115.209,25.633,POINT (115.209 25.633),1685.0,江西省,赣州市,赣县,韩坊乡,matched_within,,,,,,
2022-11-15,11:25,11:40,赣州市,赣县区,火箭弹,2.0,阴,小雨,150,50.0,农业抗旱,115.111,26.061,POINT (115.111 26.061),843.0,江西省,赣州市,赣县,石芫乡,matched_within,,,,,,
2022-11-14,09:11,09:26,九江市,庐山市,烟炉,1.0,阴,小雨,75,25.0,降低火险,115.993,29.58,POINT (115.993 29.58),227.0,江西省,九江市,庐山区,牯岭镇,matched_within,,,,,,
2022-11-14,11:41,11:43,九江市,庐山市,火箭弹,2.0,阴,小雨,150,50.0,农业抗旱,115.876,29.422,POINT (115.876 29.422),1248.0,江西省,九江市,星子县,温泉镇,matched_within,,,,,,
2022-11-14,13:57,14:28,鹰潭市,月湖区,烟炉,2.0,阴,小雨,75,25.0,农业抗旱,116.959,28.098,POINT (116.959 28.098),1132.0,江西省,鹰潭市,贵溪市,龙虎山镇,matched_within,,,,,,
2022-11-14,18:52,18:54,上饶市,广丰区,火箭弹,2.0,阴,小雨,150,50.0,农业抗旱,118.196,28.482,POINT (118.196 28.482),133.0,江西省,上饶市,广丰县,下溪镇,matched_within,,,,,,
2022-11-14,15:32,15:47,上饶市,三清山,烟炉,1.0,阴,小雨,75,25.0,农业抗旱,118.031,28.93,POINT (118.031 28.93),1221.0,江西省,上饶市,玉山县,枫林街道,matched_within,,,,,,
2022-11-14,18:39,18:42,九江市,濂溪区,火箭弹,15.0,阴,阵雨,150,50.0,降低火险,115.946,29.57,POINT (115.946 29.57),231.0,江西省,九江市,庐山区,赛阳镇,matched_within,,,,,,
2022-11-14,16:21,16:22,鹰潭市,月湖区,火箭弹,2.0,阴,阴,150,50.0,农业抗旱,117.056,28.299,POINT (117.056 28.299),1128.0,江西省,鹰潭市,贵溪市,江北街道,matched_within,,,,,,
2022-11-14,09:12,09:27,九江市,庐山市,烟炉,1.0,阴,小雨,75,25.0,降低火险,115.956,29.56,POINT (115.956 29.56),227.0,江西省,九江市,庐山区,牯岭镇,matched_within,,,,,,
2022-11-14,09:10,09:25,九江市,庐山市,烟炉,1.0,阴,小雨,75,25.0,降低火险,115.955,29.535,POINT (115.955 29.535),227.0,江西省,九江市,庐山区,牯岭镇,matched_within,,,,,,
2022-11-14,18:14,18:16,宜春市,上高县,火箭弹,2.0,小雨,小雨,150,50.0,农业抗旱,115.961,28.241,POINT (115.961 28.241),1466.0,江西省,宜春市,丰城市,白土镇,matched_within,,,,,,
2022-11-14,13:49,13:51,九江市,濂溪区,火箭弹,3.0,阴,小雨,150,50.0,降低火险,115.946,29.57,POINT (115.946 29.57),231.0,江西省,九江市,庐山区,赛阳镇,matched_within,,,,,,
2022-11-14,17:28,18:00,鹰潭市,余江区,烟炉,2.0,阴,小雨,75,25.0,农业抗旱,117.123,28.546,POINT (117.123 28.546),1162.0,江西省,鹰潭市,余江县,高公寨营林场,matched_within,,,,,,
2022-11-14,15:56,15:58,九江市,濂溪区,火箭弹,3.0,阴,小雨,150,50.0,降低火险,115.946,29.57,POINT (115.946 29.57),231.0,江西省,九江市,庐山区,赛阳镇,matched_within,,,,,,
2022-11-13,17:37,17:39,上饶市,广信区,火箭弹,2.0,阴,阴,150,50.0,农业抗旱,118.037,28.341,POINT (118.037 28.341),1529.0,江西省,上饶市,上饶县,田墩镇,matched_within,,,,,,
2022-11-13,17:55,17:57,九江市,濂溪区,火箭弹,2.0,阴,阵雨,150,50.0,降低火险,115.946,29.57,POINT (115.946 29.57),231.0,江西省,九江市,庐山区,赛阳镇,matched_within,,,,,,
2022-11-13,11:21,11:23,九江市,濂溪区,火箭弹,2.0,阴,阵雨,150,50.0,降低火险,115.946,29.57,POINT (115.946 29.57),231.0,江西省,九江市,庐山区,赛阳镇,matched_within,,,,,,
2022-11-13,10:46,11:01,九江市,庐山市,烟炉,1.0,阴,小雨,75,25.0,降低火险,115.955,29.535,POINT (115.955 29.535),227.0,江西省,九江市,庐山区,牯岭镇,matched_within,,,,,,
2022-11-13,10:47,11:02,九江市,庐山市,烟炉,1.0,阴,小雨,75,25.0,降低火险,115.993,29.58,POINT (115.993 29.58),227.0,江西省,九江市,庐山区,牯岭镇,matched_within,,,,,,
2022-11-13,10:48,11:03,九江市,庐山市,烟炉,1.0,阴,小雨,75,25.0,降低火险,115.956,29.56,POINT (115.956 29.56),227.0,江西省,九江市,庐山区,牯岭镇,matched_within,,,,,,
2022-11-09,09:10,09:30,上饶市,广丰区,烟炉,1.0,阴,小雨,75,25.0,农业抗旱,118.259,28.276,POINT (118.259 28.276),1220.0,江西省,上饶市,广丰县,铜钹山镇,matched_within,,,,,,
2022-11-09,08:37,08:52,上饶市,广信区,烟炉,1.0,阴,小雨,75,25.0,降低火险,118.013,28.086,POINT (118.013 28.086),1538.0,江西省,上饶市,上饶县,五府山镇,matched_within,,,,,,
2022-11-06,13:36,14:05,赣州市,赣县区,烟炉,1.0,阴,小雨,75,25.0,农业抗旱,115.209,25.633,POINT (115.209 25.633),1685.0,江西省,赣州市,赣县,韩坊乡,matched_within,,,,,,
2022-11-05,10:07,10:37,赣州市,赣县区,烟炉,1.0,阴,小雨,75,25.0,农业抗旱,115.014,25.758,POINT (115.014 25.758),1394.0,江西省,赣州市,章贡区,沙石镇,matched_within,,,,,,
2022-11-05,20:15,20:20,萍乡市,莲花县,火箭弹,2.0,阴,小雨,150,50.0,降低火险,113.96,27.01,POINT (113.96 27.01),583.0,江西省,吉安市,永新县,文竹镇,matched_within,,,,,,
2022-11-05,08:09,08:51,赣州市,赣县区,烟炉,2.0,阴,小雨,75,25.0,农业抗旱,115.33,26.045,POINT (115.33 26.045),1728.0,江西省,赣州市,赣县,三溪乡,matched_within,,,,,,
2022-11-05,18:33,18:48,赣州市,赣县区,烟炉,1.0,阴,小雨,75,25.0,农业抗旱,115.209,25.633,POINT (115.209 25.633),1685.0,江西省,赣州市,赣县,韩坊乡,matched_within,,,,,,
2022-11-04,05:37,05:52,上饶市,广信区,烟炉,1.0,阴,小雨,75,25.0,降低火险,118.013,28.086,POINT (118.013 28.086),1538.0,江西省,上饶市,上饶县,五府山镇,matched_within,,,,,,
2022-11-04,05:39,05:40,南昌市,新建区,火箭弹,2.0,阴,小雨,150,50.0,农业抗旱,115.58,28.563,POINT (115.58 28.563),406.0,江西省,南昌市,新建县,西山镇,matched_within,,,,,,
2022-11-04,07:01,07:33,鹰潭市,余江区,烟炉,2.0,阴,小雨,75,25.0,农业抗旱,117.123,28.546,POINT (117.123 28.546),1162.0,江西省,鹰潭市,余江县,高公寨营林场,matched_within,,,,,,
2022-11-04,19:16,19:31,上饶市,三清山,烟炉,1.0,阴,小雨,75,25.0,降低火险,118.031,28.93,POINT (118.031 28.93),1221.0,江西省,上饶市,玉山县,枫林街道,matched_within,,,,,,
2022-11-04,07:20,07:51,鹰潭市,月湖区,烟炉,2.0,阴,小雨,75,25.0,农业抗旱,116.959,28.098,POINT (116.959 28.098),1132.0,江西省,鹰潭市,贵溪市,龙虎山镇,matched_within,,,,,,
2022-11-04,10:05,10:20,上饶市,三清山,烟炉,1.0,阴,小雨,75,25.0,降低火险,118.031,28.93,POINT (118.031 28.93),1221.0,江西省,上饶市,玉山县,枫林街道,matched_within,,,,,,
2022-11-04,07:53,07:58,鹰潭市,余江区,火箭弹,2.0,阴,小雨,150,50.0,农业抗旱,116.778,28.202,POINT (116.778 28.202),1504.0,江西省,鹰潭市,余江县,杨溪乡,matched_within,,,,,,
2022-11-04,02:23,02:26,九江市,庐山市,火箭弹,4.0,阴,小雨,150,50.0,降低火险,116.046,29.514,POINT (116.046 29.514),1249.0,江西省,九江市,星子县,白鹿镇,matched_within,,,,,,
2022-11-04,15:20,15:40,上饶市,广丰区,烟炉,1.0,阵雨,小雨,75,25.0,农业抗旱,118.259,28.276,POINT (118.259 28.276),1220.0,江西省,上饶市,广丰县,铜钹山镇,matched_within,,,,,,
2022-11-04,08:55,09:40,抚州市,乐安县,烟炉,2.0,阵雨,小雨,75,25.0,农业抗旱,115.418,27.568,POINT (115.418 27.568),33.0,江西省,吉安市,峡江县,马埠镇,matched_within,,,,,,
2022-11-04,06:52,06:54,抚州市,东乡区,火箭弹,2.0,小雨,小到中雨,150,50.0,农业抗旱,116.6,28.29,POINT (116.6 28.29),1676.0,江西省,抚州市,东乡县,孝岗镇,matched_within,,,,,,
2022-11-04,08:55,09:10,吉安市,永丰县,烟炉,1.0,阴,小雨,75,25.0,农业抗旱,115.746,27.113,POINT (115.746 27.113),1664.0,江西省,抚州市,乐安县,罗陂乡,matched_within,,,,,,
2022-11-03,09:14,09:16,上饶市,广丰区,火箭弹,2.0,阵雨,小雨,150,50.0,农业抗旱,118.196,28.482,POINT (118.196 28.482),133.0,江西省,上饶市,广丰县,下溪镇,matched_within,,,,,,
2022-11-03,06:56,07:30,鹰潭市,余江区,烟炉,2.0,阴,小雨,75,25.0,农业抗旱,117.123,28.546,POINT (117.123 28.546),1162.0,江西省,鹰潭市,余江县,高公寨营林场,matched_within,,,,,,
2022-11-03,10:10,10:12,上饶市,广信区,火箭弹,1.0,阴,小雨,150,50.0,降低火险,117.864,28.518,POINT (117.864 28.518),1210.0,江西省,上饶市,上饶县,枫岭头镇,matched_within,,,,,,
2022-11-03,19:46,19:48,九江市,庐山市,火箭弹,2.0,阴,小雨,150,25.0,农业抗旱,116.036,29.447,POINT (116.036 29.447),262.0,江西省,九江市,星子县,南康镇,matched_within,,,,,,
2022-11-03,23:37,23:39,上饶市,广信区,火箭弹,4.0,阴,小雨,150,50.0,降低火险,117.864,28.518,POINT (117.864 28.518),1210.0,江西省,上饶市,上饶县,枫岭头镇,matched_within,,,,,,
2022-11-03,21:51,21:53,上饶市,广信区,火箭弹,4.0,阴,小雨,150,50.0,降低火险,117.864,28.518,POINT (117.864 28.518),1210.0,江西省,上饶市,上饶县,枫岭头镇,matched_within,,,,,,
2022-11-03,16:16,16:17,赣州市,赣县区,火箭弹,2.0,阴,小雨,150,50.0,农业抗旱,115.111,26.061,POINT (115.111 26.061),843.0,江西省,赣州市,赣县,石芫乡,matched_within,,,,,,
2022-11-03,11:52,12:07,上饶市,广信区,烟炉,1.0,阴,小雨,75,25.0,降低火险,118.013,28.086,POINT (118.013 28.086),1538.0,江西省,上饶市,上饶县,五府山镇,matched_within,,,,,,
2022-11-03,08:41,08:56,吉安市,永丰县,烟炉,1.0,阴,小雨,75,25.0,农业抗旱,115.746,27.113,POINT (115.746 27.113),1664.0,江西省,抚州市,乐安县,罗陂乡,matched_within,,,,,,
2022-11-03,12:50,12:52,上饶市,广信区,火箭弹,2.0,阴,小雨,150,50.0,降低火险,117.864,28.518,POINT (117.864 28.518),1210.0,江西省,上饶市,上饶县,枫岭头镇,matched_within,,,,,,
2022-11-03,06:57,07:12,上饶市,广信区,烟炉,1.0,阴,小雨,75,25.0,农业抗旱,118.013,28.086,POINT (118.013 28.086),1538.0,江西省,上饶市,上饶县,五府山镇,matched_within,,,,,,
2022-11-03,15:28,15:33,赣州市,赣县区,烟炉,1.0,阴,小到中雨,75,25.0,农业抗旱,115.1,26.176,POINT (115.1 26.176),1371.0,江西省,赣州市,赣县,田村镇,matched_within,,,,,,
2022-11-03,02:20,02:24,上饶市,广信区,火箭弹,1.0,阴,小雨,150,50.0,降低火险,117.882,28.534,POINT (117.882 28.534),1526.0,江西省,上饶市,上饶县,清水乡,matched_within,,,,,,
2022-11-03,04:50,04:52,抚州市,东乡区,火箭弹,2.0,阴,小雨,150,50.0,农业抗旱,116.6,28.29,POINT (116.6 28.29),1676.0,江西省,抚州市,东乡县,孝岗镇,matched_within,,,,,,
2022-11-03,02:59,03:30,鹰潭市,月湖区,烟炉,2.0,阴,小雨,75,25.0,农业抗旱,116.959,28.098,POINT (116.959 28.098),1132.0,江西省,鹰潭市,贵溪市,龙虎山镇,matched_within,,,,,,
2022-11-03,07:05,07:20,上饶市,三清山,烟炉,1.0,阴,小雨,75,25.0,降低火险,118.031,28.93,POINT (118.031 28.93),1221.0,江西省,上饶市,玉山县,枫林街道,matched_within,,,,,,
2022-11-03,08:12,08:14,鹰潭市,余江区,火箭弹,2.0,阴,小雨,150,50.0,农业抗旱,116.904,28.194,POINT (116.904 28.194),1505.0,江西省,鹰潭市,余江县,洪湖乡,matched_within,,,,,,
2022-11-03,17:38,17:39,赣州市,赣县区,火箭弹,2.0,小雨,小到中雨,150,50.0,农业抗旱,114.969,26.058,POINT (114.969 26.058),1370.0,江西省,赣州市,赣县,湖江镇,matched_within,,,,,,
2022-11-03,02:07,02:08,鹰潭市,月湖区,火箭弹,2.0,阴,小雨,150,50.0,农业抗旱,117.056,28.299,POINT (117.056 28.299),1128.0,江西省,鹰潭市,贵溪市,江北街道,matched_within,,,,,,
2022-11-02,17:24,17:25,上饶市,广信区,火箭弹,1.0,阴,阴,75,50.0,降低火险,117.864,28.518,POINT (117.864 28.518),1210.0,江西省,上饶市,上饶县,枫岭头镇,matched_within,,,,,,
2022-11-02,15:58,15:59,赣州市,赣县区,火箭弹,2.0,阴,小雨,150,50.0,农业抗旱,115.118,25.838,POINT (115.118 25.838),820.0,江西省,赣州市,赣县,大田乡,matched_within,,,,,,
2022-11-02,13:58,13:59,赣州市,赣县区,火箭弹,4.0,阴,小到中雨,150,50.0,农业抗旱,115.107,25.808,POINT (115.107 25.808),820.0,江西省,赣州市,赣县,大田乡,matched_within,,,,,,
2022-11-02,19:55,20:25,抚州市,乐安县,烟炉,2.0,小雨,小雨,75,25.0,农业抗旱,115.418,27.568,POINT (115.418 27.568),33.0,江西省,吉安市,峡江县,马埠镇,matched_within,,,,,,
2022-11-02,21:41,21:56,上饶市,广信区,烟炉,1.0,阴,小雨,75,25.0,农业抗旱,118.013,28.086,POINT (118.013 28.086),1538.0,江西省,上饶市,上饶县,五府山镇,matched_within,,,,,,
2022-11-02,11:43,11:59,赣州市,赣县区,烟炉,1.0,阴,小雨,75,25.0,农业抗旱,115.209,25.633,POINT (115.209 25.633),1685.0,江西省,赣州市,赣县,韩坊乡,matched_within,,,,,,
2022-11-02,16:40,17:10,抚州市,乐安县,烟炉,2.0,阴,小雨,75,25.0,农业抗旱,115.418,27.568,POINT (115.418 27.568),33.0,江西省,吉安市,峡江县,马埠镇,matched_within,,,,,,
2022-11-02,10:13,10:37,赣州市,赣县区,烟炉,2.0,阴,小雨,75,25.0,农业抗旱,115.1,26.176,POINT (115.1 26.176),1371.0,江西省,赣州市,赣县,田村镇,matched_within,,,,,,
2022-11-01,15:15,15:31,赣州市,赣县区,烟炉,1.0,阴,小雨,75,25.0,农业抗旱,115.209,25.633,POINT (115.209 25.633),1685.0,江西省,赣州市,赣县,韩坊乡,matched_within,,,,,,
2022-11-01,20:23,20:30,赣州市,赣县区,火箭弹,2.0,阴,小雨,150,50.0,农业抗旱,115.011,25.611,POINT (115.011 25.611),1686.0,江西省,赣州市,赣县,王母渡镇,matched_within,,,,,,
2022-11-01,20:02,20:38,赣州市,赣县区,烟炉,2.0,阴,小雨,75,25.0,农业抗旱,115.209,25.633,POINT (115.209 25.633),1685.0,江西省,赣州市,赣县,韩坊乡,matched_within,,,,,,
2022-10-29,11:24,11:39,赣州市,赣县区,烟炉,1.0,阴,小雨,75,25.0,农业抗旱,115.1,26.176,POINT (115.1 26.176),1371.0,江西省,赣州市,赣县,田村镇,matched_within,,,,,,
2022-10-28,18:31,18:33,抚州市,东乡区,火箭弹,2.0,阴,小雨,150,50.0,农业抗旱,116.6,28.29,POINT (116.6 28.29),1676.0,江西省,抚州市,东乡县,孝岗镇,matched_within,,,,,,
2022-10-28,10:06,10:07,九江市,柴桑区,火箭弹,2.0,阴,小雨,150,50.0,农业抗旱,115.884,29.652,POINT (115.884 29.652),203.0,江西省,九江市,九江县,沙河街镇,matched_within,,,,,,
2022-10-28,15:28,15:30,九江市,庐山市,火箭弹,2.0,阴,小雨,150,50.0,农业抗旱,116.036,29.447,POINT (116.036 29.447),262.0,江西省,九江市,星子县,南康镇,matched_within,,,,,,
2022-10-28,11:25,11:25,萍乡市,湘东区,火箭弹,4.0,阴,小雨,300,150.0,农业抗旱,113.86,27.58,POINT (113.86 27.58),939.0,江西省,萍乡市,安源区,五陂镇,matched_within,,,,,,
2022-10-27,10:57,10:59,九江市,濂溪区,火箭弹,4.0,阴,小雨,150,50.0,农业抗旱,115.895,29.704,POINT (115.895 29.704),205.0,江西省,九江市,九江县,赛城湖水产场,matched_within,,,,,,
2022-10-27,05:57,06:12,南昌市,安义县,烟炉,1.0,阴,小雨,75,25.0,农业抗旱,115.675,28.792,POINT (115.675 28.792),391.0,江西省,南昌市,湾里区,太平镇,matched_within,,,,,,
2022-10-27,18:26,18:27,南昌市,新建区,火箭弹,1.0,阴,小雨,75,50.0,农业抗旱,115.73,28.47,POINT (115.73 28.47),398.0,江西省,南昌市,新建县,流湖乡,matched_within,,,,,,
2022-10-27,16:45,16:46,南昌市,新建区,火箭弹,1.0,阴,小雨,150,50.0,农业抗旱,115.596,28.612,POINT (115.596 28.612),406.0,江西省,南昌市,新建县,西山镇,matched_within,,,,,,
2022-10-27,18:22,18:23,南昌市,新建区,火箭弹,1.0,小雨,小雨,150,50.0,农业抗旱,115.596,28.612,POINT (115.596 28.612),406.0,江西省,南昌市,新建县,西山镇,matched_within,,,,,,
2022-10-27,18:42,18:44,上饶市,广信区,火箭弹,2.0,阴,小雨,150,50.0,农业抗旱,117.886,28.551,POINT (117.886 28.551),1526.0,江西省,上饶市,上饶县,清水乡,matched_within,,,,,,
2022-10-27,14:52,14:53,九江市,柴桑区,火箭弹,4.0,阴,小雨,150,50.0,农业抗旱,115.84,29.61,POINT (115.84 29.61),200.0,江西省,九江市,九江县,狮子镇,matched_within,,,,,,
2022-10-27,12:09,12:11,抚州市,东乡区,火箭弹,2.0,阴,小雨,150,50.0,水库增蓄,116.6,28.29,POINT (116.6 28.29),1676.0,江西省,抚州市,东乡县,孝岗镇,matched_within,,,,,,
2022-10-27,18:54,18:56,上饶市,广丰区,火箭弹,2.0,小雨,小到中雨,150,50.0,农业抗旱,118.196,28.482,POINT (118.196 28.482),133.0,江西省,上饶市,广丰县,下溪镇,matched_within,,,,,,
2022-10-27,12:10,12:30,上饶市,广丰区,烟炉,1.0,阴,阴,75,25.0,农业抗旱,118.259,28.276,POINT (118.259 28.276),1220.0,江西省,上饶市,广丰县,铜钹山镇,matched_within,,,,,,
2022-10-27,15:24,15:40,鹰潭市,余江区,烟炉,2.0,阴,小雨,75,25.0,农业抗旱,117.123,28.546,POINT (117.123 28.546),1162.0,江西省,鹰潭市,余江县,高公寨营林场,matched_within,,,,,,
2022-10-27,11:08,11:10,九江市,武宁县,火箭弹,2.0,阴,小雨,150,50.0,农业抗旱,114.286,29.191,POINT (114.286 29.191),1446.0,江西省,九江市,修水县,溪口镇,matched_within,,,,,,
2022-10-27,16:05,16:37,鹰潭市,月湖区,烟炉,2.0,阴,小雨,75,25.0,农业抗旱,116.959,28.098,POINT (116.959 28.098),1132.0,江西省,鹰潭市,贵溪市,龙虎山镇,matched_within,,,,,,
2022-10-27,12:18,12:20,萍乡市,湘东区,火箭弹,4.0,阴,小雨,300,150.0,农业抗旱,113.86,27.58,POINT (113.86 27.58),939.0,江西省,萍乡市,安源区,五陂镇,matched_within,,,,,,
2022-10-27,19:38,19:40,抚州市,东乡区,火箭弹,2.0,阴,小雨,150,50.0,农业抗旱,116.6,28.29,POINT (116.6 28.29),1676.0,江西省,抚州市,东乡县,孝岗镇,matched_within,,,,,,
2022-10-27,16:06,16:37,抚州市,乐安县,烟炉,2.0,阴,小雨,75,25.0,农业抗旱,115.418,27.568,POINT (115.418 27.568),33.0,江西省,吉安市,峡江县,马埠镇,matched_within,,,,,,
2022-10-27,17:29,17:31,上饶市,三清山,火箭弹,2.0,阴,小雨,150,25.0,降低火险,118.049,28.85,POINT (118.049 28.85),1221.0,江西省,上饶市,玉山县,枫林街道,matched_within,,,,,,
2022-10-27,06:40,06:55,上饶市,广信区,烟炉,1.0,小雨,小雨,75,25.0,降低火险,118.013,28.086,POINT (118.013 28.086),1538.0,江西省,上饶市,上饶县,五府山镇,matched_within,,,,,,
2022-10-27,05:34,05:35,南昌市,新建区,火箭弹,1.0,阴,小雨,150,50.0,农业抗旱,115.815,28.841,POINT (115.815 28.841),401.0,江西省,南昌市,新建县,溪霞镇,matched_within,,,,,,
2022-10-27,19:37,19:38,南昌市,新建区,火箭弹,3.0,阴,小雨,150,50.0,农业抗旱,115.596,28.612,POINT (115.596 28.612),406.0,江西省,南昌市,新建县,西山镇,matched_within,,,,,,
2022-10-27,15:51,16:06,上饶市,广信区,烟炉,1.0,阴,小雨,75,25.0,农业抗旱,118.013,28.086,POINT (118.013 28.086),1538.0,江西省,上饶市,上饶县,五府山镇,matched_within,,,,,,
2022-10-27,12:54,12:56,萍乡市,安源区,火箭弹,4.0,阴,小雨,300,150.0,农业抗旱,113.73,27.65,POINT (113.73 27.65),957.0,江西省,萍乡市,湘东区,湘东镇,matched_within,,,,,,
2022-10-27,11:20,11:22,九江市,庐山市,火箭弹,4.0,阴,小雨,150,50.0,农业抗旱,115.876,29.422,POINT (115.876 29.422),1248.0,江西省,九江市,星子县,温泉镇,matched_within,,,,,,
2022-10-27,12:55,13:10,宜春市,上高县,火箭弹,2.0,小雨,小雨,150,50.0,农业抗旱,115.961,28.241,POINT (115.961 28.241),1466.0,江西省,宜春市,丰城市,白土镇,matched_within,,,,,,
2022-10-27,13:35,13:40,鹰潭市,余江区,火箭弹,2.0,阴,小雨,150,50.0,农业抗旱,116.904,28.194,POINT (116.904 28.194),1505.0,江西省,鹰潭市,余江县,洪湖乡,matched_within,,,,,,
2022-10-26,18:13,18:28,九江市,庐山市,烟炉,1.0,阴,小雨,75,25.0,降低火险,115.956,29.56,POINT (115.956 29.56),227.0,江西省,九江市,庐山区,牯岭镇,matched_within,,,,,,
2022-10-26,22:00,22:02,九江市,庐山市,火箭弹,2.0,阴,小雨,150,50.0,农业抗旱,116.036,29.447,POINT (116.036 29.447),262.0,江西省,九江市,星子县,南康镇,matched_within,,,,,,
2022-10-26,18:11,18:26,九江市,庐山市,烟炉,1.0,阴,小雨,75,25.0,降低火险,115.955,29.535,POINT (115.955 29.535),227.0,江西省,九江市,庐山区,牯岭镇,matched_within,,,,,,
2022-10-26,18:12,18:27,九江市,庐山市,烟炉,1.0,阴,小雨,75,25.0,降低火险,115.993,29.58,POINT (115.993 29.58),227.0,江西省,九江市,庐山区,牯岭镇,matched_within,,,,,,
2022-10-26,21:35,21:37,九江市,濂溪区,火箭弹,2.0,阴,小雨,150,50.0,农业抗旱,115.895,29.704,POINT (115.895 29.704),205.0,江西省,九江市,九江县,赛城湖水产场,matched_within,,,,,,
2022-10-26,21:13,21:14,九江市,柴桑区,火箭弹,2.0,阴,小雨,150,50.0,农业抗旱,115.84,29.61,POINT (115.84 29.61),200.0,江西省,九江市,九江县,狮子镇,matched_within,,,,,,
2022-10-25,07:50,07:51,鹰潭市,月湖区,火箭弹,2.0,阴,小雨,150,50.0,农业抗旱,117.023,28.175,POINT (117.023 28.175),1405.0,江西省,鹰潭市,贵溪市,天禄镇,matched_within,,,,,,
2022-10-25,09:01,09:16,上饶市,广信区,烟炉,1.0,阴,小雨,75,25.0,降低火险,118.013,28.086,POINT (118.013 28.086),1538.0,江西省,上饶市,上饶县,五府山镇,matched_within,,,,,,
2022-10-25,08:35,9:24,上饶市,广丰区,烟炉,2.0,阴,小雨,75,25.0,农业抗旱,118.259,28.276,POINT (118.259 28.276),1220.0,江西省,上饶市,广丰县,铜钹山镇,matched_within,,,,,,
2022-10-10,01:48,01:49,赣州市,赣县区,火箭弹,2.0,阴,小雨,150,50.0,农业抗旱,115.011,25.611,POINT (115.011 25.611),1686.0,江西省,赣州市,赣县,王母渡镇,matched_within,,,,,,
2022-10-09,05:40,06:11,鹰潭市,月湖区,烟炉,2.0,阴,小到中雨,75,25.0,农业抗旱,116.963,28.098,POINT (116.963 28.098),1132.0,江西省,鹰潭市,贵溪市,龙虎山镇,matched_within,,,,,,
2022-10-09,04:57,05:12,南昌市,安义县,烟炉,1.0,阴,小雨,75,25.0,农业抗旱,115.675,28.792,POINT (115.675 28.792),391.0,江西省,南昌市,湾里区,太平镇,matched_within,,,,,,
2022-10-09,07:44,07:46,抚州市,东乡区,火箭弹,2.0,阴,小雨,150,50.0,农业抗旱,116.6,28.29,POINT (116.6 28.29),1676.0,江西省,抚州市,东乡县,孝岗镇,matched_within,,,,,,
2022-10-09,05:17,05:18,南昌市,新建区,火箭弹,2.0,阴,小雨,150,50.0,农业抗旱,115.73,28.47,POINT (115.73 28.47),398.0,江西省,南昌市,新建县,流湖乡,matched_within,,,,,,
2022-10-09,11:06,11:22,赣州市,赣县区,烟炉,1.0,阴,小雨,75,25.0,农业抗旱,115.1,26.176,POINT (115.1 26.176),1371.0,江西省,赣州市,赣县,田村镇,matched_within,,,,,,
2022-10-09,01:30,01:45,南昌市,安义县,烟炉,1.0,阴,小雨,75,25.0,农业抗旱,115.675,28.792,POINT (115.675 28.792),391.0,江西省,南昌市,湾里区,太平镇,matched_within,,,,,,
2022-10-09,03:29,03:30,南昌市,新建区,火箭弹,4.0,阴,小雨,150,50.0,农业抗旱,115.596,28.612,POINT (115.596 28.612),406.0,江西省,南昌市,新建县,西山镇,matched_within,,,,,,
2022-10-09,05:17,05:18,南昌市,新建区,火箭弹,2.0,小雨,小到中雨,150,50.0,农业抗旱,115.596,28.612,POINT (115.596 28.612),406.0,江西省,南昌市,新建县,西山镇,matched_within,,,,,,
2022-10-09,10:48,10:49,上饶市,广信区,火箭弹,2.0,阴,小雨,150,50.0,农业抗旱,117.886,28.551,POINT (117.886 28.551),1526.0,江西省,上饶市,上饶县,清水乡,matched_within,,,,,,
2022-10-09,04:35,04:36,南昌市,新建区,火箭弹,2.0,小雨,小雨,150,50.0,农业抗旱,115.596,28.612,POINT (115.596 28.612),406.0,江西省,南昌市,新建县,西山镇,matched_within,,,,,,
2022-10-09,16:13,16:43,赣州市,赣县区,烟炉,2.0,阴,阴,75,25.0,农业抗旱,115.1,26.176,POINT (115.1 26.176),1371.0,江西省,赣州市,赣县,田村镇,matched_within,,,,,,
2022-10-09,04:59,05:00,鹰潭市,月湖区,火箭弹,3.0,阴,小到中雨,150,50.0,农业抗旱,117.056,28.299,POINT (117.056 28.299),1128.0,江西省,鹰潭市,贵溪市,江北街道,matched_within,,,,,,
2022-10-09,16:04,16:43,赣州市,赣县区,烟炉,2.0,阴,小雨,75,25.0,农业抗旱,115.1,26.176,POINT (115.1 26.176),1371.0,江西省,赣州市,赣县,田村镇,matched_within,,,,,,
2022-10-09,05:53,05:54,南昌市,新建区,火箭弹,2.0,阴,小雨,150,50.0,农业抗旱,115.73,28.47,POINT (115.73 28.47),398.0,江西省,南昌市,新建县,流湖乡,matched_within,,,,,,
2022-10-09,07:06,07:08,九江市,庐山市,火箭弹,4.0,阵雨,小雨,150,50.0,农业抗旱,116.036,29.447,POINT (116.036 29.447),262.0,江西省,九江市,星子县,南康镇,matched_within,,,,,,
2022-10-09,10:18,10:48,吉安市,永丰县,烟炉,2.0,阴,小雨,75,25.0,农业抗旱,115.746,27.113,POINT (115.746 27.113),1664.0,江西省,抚州市,乐安县,罗陂乡,matched_within,,,,,,
2022-10-09,11:01,11:03,上饶市,德兴市,火箭弹,2.0,阴,小雨,150,50.0,农业抗旱,117.533,29.292,POINT (117.533 29.292),1520.0,江西省,上饶市,婺源县,赋春镇,matched_within,,,,,,
2022-10-09,16:12,16:42,赣州市,赣县区,烟炉,2.0,阴,小雨,75,25.0,农业抗旱,115.33,26.045,POINT (115.33 26.045),1728.0,江西省,赣州市,赣县,三溪乡,matched_within,,,,,,
2022-10-09,16:32,16:33,赣州市,赣县区,火箭弹,2.0,阴,小雨,150,50.0,农业抗旱,114.969,26.058,POINT (114.969 26.058),1370.0,江西省,赣州市,赣县,湖江镇,matched_within,,,,,,
2022-10-09,03:38,03:39,南昌市,新建区,火箭弹,2.0,阴,小雨,150,50.0,农业抗旱,115.73,28.47,POINT (115.73 28.47),398.0,江西省,南昌市,新建县,流湖乡,matched_within,,,,,,
2022-10-09,09:26,09:29,上饶市,广丰区,火箭弹,2.0,阵雨,小雨,150,50.0,农业抗旱,118.196,28.482,POINT (118.196 28.482),133.0,江西省,上饶市,广丰县,下溪镇,matched_within,,,,,,
2022-10-09,08:06,08:37,鹰潭市,余江区,烟炉,2.0,阴,小雨,75,25.0,农业抗旱,117.123,28.546,POINT (117.123 28.546),1162.0,江西省,鹰潭市,余江县,高公寨营林场,matched_within,,,,,,
2022-10-09,06:40,06:42,萍乡市,湘东区,火箭弹,4.0,阴,阴,300,150.0,农业抗旱,113.86,27.58,POINT (113.86 27.58),939.0,江西省,萍乡市,安源区,五陂镇,matched_within,,,,,,
2022-10-08,16:51,16:52,九江市,柴桑区,火箭弹,2.0,阴,小雨,150,50.0,农业抗旱,115.84,29.61,POINT (115.84 29.61),200.0,江西省,九江市,九江县,狮子镇,matched_within,,,,,,
2022-10-08,08:17,08:20,鹰潭市,余江区,火箭弹,2.0,阴,小雨,150,50.0,农业抗旱,116.904,28.194,POINT (116.904 28.194),1505.0,江西省,鹰潭市,余江县,洪湖乡,matched_within,,,,,,
2022-10-08,15:56,15:58,九江市,庐山市,火箭弹,2.0,阴,小雨,150,50.0,农业抗旱,116.036,29.447,POINT (116.036 29.447),262.0,江西省,九江市,星子县,南康镇,matched_within,,,,,,
2022-10-08,09:41,09:43,九江市,濂溪区,火箭弹,4.0,阴,小雨,150,50.0,农业抗旱,115.895,29.704,POINT (115.895 29.704),205.0,江西省,九江市,九江县,赛城湖水产场,matched_within,,,,,,
2022-10-08,22:55,22:58,南昌市,新建区,火箭弹,3.0,阴,小雨,150,50.0,农业抗旱,115.006,29.078,POINT (115.006 29.078),245.0,江西省,九江市,武宁县,罗溪乡,matched_within,,,,,,
2022-10-08,08:29,08:30,鹰潭市,月湖区,火箭弹,2.0,小雨,小雨,150,50.0,农业抗旱,117.03,28.175,POINT (117.03 28.175),1405.0,江西省,鹰潭市,贵溪市,天禄镇,matched_within,,,,,,
2022-10-08,06:42,07:15,鹰潭市,余江区,烟炉,2.0,阴,小雨,75,25.0,农业抗旱,117.123,28.546,POINT (117.123 28.546),1162.0,江西省,鹰潭市,余江县,高公寨营林场,matched_within,,,,,,
2022-10-08,14:57,14:59,鹰潭市,余江区,火箭弹,2.0,阴,小雨,150,50.0,农业抗旱,116.848,28.326,POINT (116.848 28.326),1503.0,江西省,鹰潭市,余江县,春涛乡,matched_within,,,,,,
2022-10-08,07:26,07:28,抚州市,东乡区,火箭弹,2.0,阴,小雨,150,50.0,农业抗旱,116.6,28.29,POINT (116.6 28.29),1676.0,江西省,抚州市,东乡县,孝岗镇,matched_within,,,,,,
2022-10-07,17:50,17:51,上饶市,三清山,火箭弹,2.0,阵雨,小雨,150,25.0,降低火险,118.049,28.85,POINT (118.049 28.85),1221.0,江西省,上饶市,玉山县,枫林街道,matched_within,,,,,,
2022-10-07,08:07,08:22,九江市,庐山市,烟炉,1.0,小雨,小到中雨,75,25.0,降低火险,115.993,29.58,POINT (115.993 29.58),227.0,江西省,九江市,庐山区,牯岭镇,matched_within,,,,,,
2022-10-07,09:40,10:11,鹰潭市,月湖区,烟炉,2.0,阴,小雨,75,25.0,农业抗旱,116.963,28.098,POINT (116.963 28.098),1132.0,江西省,鹰潭市,贵溪市,龙虎山镇,matched_within,,,,,,
2022-10-07,17:53,17:55,九江市,庐山市,火箭弹,4.0,阴,小雨,150,50.0,农业抗旱,116.036,29.447,POINT (116.036 29.447),262.0,江西省,九江市,星子县,南康镇,matched_within,,,,,,
2022-10-07,11:19,11:21,九江市,柴桑区,火箭弹,4.0,阴,小雨,150,50.0,农业抗旱,115.84,29.61,POINT (115.84 29.61),200.0,江西省,九江市,九江县,狮子镇,matched_within,,,,,,
2022-10-07,23:28,23:29,鹰潭市,月湖区,火箭弹,2.0,阴,小雨,150,50.0,农业抗旱,117.03,28.175,POINT (117.03 28.175),1405.0,江西省,鹰潭市,贵溪市,天禄镇,matched_within,,,,,,
2022-10-07,02:11,02:16,南昌市,新建区,烟炉,1.0,阴,小雨,75,25.0,农业抗旱,115.664,28.739,POINT (115.664 28.739),392.0,江西省,南昌市,湾里区,招贤镇,matched_within,,,,,,
2022-10-07,09:17,09:19,萍乡市,莲花县,火箭弹,2.0,阴,小雨,150,25.0,农业抗旱,113.96,27.01,POINT (113.96 27.01),583.0,江西省,吉安市,永新县,文竹镇,matched_within,,,,,,
2022-10-07,08:06,08:21,九江市,庐山市,烟炉,1.0,小雨,小到中雨,75,25.0,降低火险,115.955,29.535,POINT (115.955 29.535),227.0,江西省,九江市,庐山区,牯岭镇,matched_within,,,,,,
2022-10-07,08:08,08:23,九江市,庐山市,烟炉,1.0,小雨,小到中雨,75,25.0,降低火险,115.956,29.56,POINT (115.956 29.56),227.0,江西省,九江市,庐山区,牯岭镇,matched_within,,,,,,
2022-10-07,09:13,10:16,九江市,武宁县,烟炉,2.0,阴,小雨,75,25.0,农业抗旱,115.192,29.492,POINT (115.192 29.492),1625.0,江西省,九江市,瑞昌市,乐园乡,matched_within,,,,,,
2022-10-07,19:49,19:50,南昌市,新建区,火箭弹,4.0,阴,小雨,150,50.0,农业抗旱,115.596,28.612,POINT (115.596 28.612),406.0,江西省,南昌市,新建县,西山镇,matched_within,,,,,,
2022-10-07,05:33,05:35,九江市,庐山市,火箭弹,4.0,阴,小雨,150,50.0,农业抗旱,116.036,29.447,POINT (116.036 29.447),262.0,江西省,九江市,星子县,南康镇,matched_within,,,,,,
2022-10-07,5:41,5:41,九江市,庐山市,火箭弹,4.0,阴,小雨,150,50.0,降低火险,116.036,29.447,POINT (116.036 29.447),262.0,江西省,九江市,星子县,南康镇,matched_within,,,,,,
2022-10-07,20:14,20:15,南昌市,新建区,火箭弹,3.0,阴,小雨,150,50.0,农业抗旱,115.73,28.47,POINT (115.73 28.47),398.0,江西省,南昌市,新建县,流湖乡,matched_within,,,,,,
2022-10-07,16:58,17:35,九江市,武宁县,烟炉,2.0,阴,小雨,75,25.0,农业抗旱,115.192,29.492,POINT (115.192 29.492),1625.0,江西省,九江市,瑞昌市,乐园乡,matched_within,,,,,,
2022-10-07,18:52,19:07,上饶市,广信区,烟炉,1.0,小雨,小雨,75,25.0,降低火险,118.013,28.086,POINT (118.013 28.086),1538.0,江西省,上饶市,上饶县,五府山镇,matched_within,,,,,,
2022-10-07,16:48,16:50,上饶市,广丰区,火箭弹,2.0,小雨,小到中雨,150,50.0,农业抗旱,118.196,28.482,POINT (118.196 28.482),133.0,江西省,上饶市,广丰县,下溪镇,matched_within,,,,,,
2022-10-07,09:23,09:24,南昌市,新建区,火箭弹,3.0,阴,小雨,75,50.0,农业抗旱,115.58,28.563,POINT (115.58 28.563),406.0,江西省,南昌市,新建县,西山镇,matched_within,,,,,,
2022-10-07,10:48,11:03,上饶市,广信区,烟炉,1.0,小雨,小雨,75,25.0,降低火险,118.013,28.086,POINT (118.013 28.086),1538.0,江西省,上饶市,上饶县,五府山镇,matched_within,,,,,,
2022-10-07,01:52,02:07,南昌市,安义县,烟炉,1.0,阴,小雨,75,25.0,农业抗旱,115.675,28.792,POINT (115.675 28.792),391.0,江西省,南昌市,湾里区,太平镇,matched_within,,,,,,
2022-10-07,10:05,10:07,鹰潭市,余江区,火箭弹,4.0,阴,小雨,150,50.0,农业抗旱,116.778,28.202,POINT (116.778 28.202),1504.0,江西省,鹰潭市,余江县,杨溪乡,matched_within,,,,,,
2022-10-07,08:50,08:52,抚州市,东乡区,火箭弹,2.0,阴,小雨,150,50.0,农业抗旱,116.6,28.29,POINT (116.6 28.29),1676.0,江西省,抚州市,东乡县,孝岗镇,matched_within,,,,,,
2022-10-07,17:30,17:32,上饶市,广信区,火箭弹,2.0,阴,小雨,150,50.0,降低火险,117.886,28.551,POINT (117.886 28.551),1526.0,江西省,上饶市,上饶县,清水乡,matched_within,,,,,,
2022-10-07,11:16,11:18,九江市,濂溪区,火箭弹,4.0,阴,小雨,150,50.0,农业抗旱,115.895,29.704,POINT (115.895 29.704),205.0,江西省,九江市,九江县,赛城湖水产场,matched_within,,,,,,
2022-10-06,05:44,05:45,鹰潭市,月湖区,火箭弹,2.0,阴,小雨,50,150.0,农业抗旱,117.056,28.299,POINT (117.056 28.299),1128.0,江西省,鹰潭市,贵溪市,江北街道,matched_within,,,,,,
2022-10-06,20:36,20:38,上饶市,广丰区,火箭弹,2.0,小雨,小到中雨,150,50.0,农业抗旱,118.196,28.482,POINT (118.196 28.482),133.0,江西省,上饶市,广丰县,下溪镇,matched_within,,,,,,
2022-10-06,12:28,13:00,鹰潭市,余江区,烟炉,2.0,阴,小雨,75,25.0,农业抗旱,117.123,28.546,POINT (117.123 28.546),1162.0,江西省,鹰潭市,余江县,高公寨营林场,matched_within,,,,,,
2022-10-06,21:46,21:47,鹰潭市,月湖区,烟炉,2.0,阴,小雨,75,25.0,农业抗旱,116.963,28.098,POINT (116.963 28.098),1132.0,江西省,鹰潭市,贵溪市,龙虎山镇,matched_within,,,,,,
2022-10-06,20:07,20:08,上饶市,广信区,火箭弹,2.0,阴,小雨,150,50.0,降低火险,117.886,28.551,POINT (117.886 28.551),1526.0,江西省,上饶市,上饶县,清水乡,matched_within,,,,,,
2022-10-06,18:31,18:46,九江市,庐山市,烟炉,1.0,小雨,小到中雨,75,25.0,降低火险,115.955,29.535,POINT (115.955 29.535),227.0,江西省,九江市,庐山区,牯岭镇,matched_within,,,,,,
2022-10-06,20:49,21:04,上饶市,三清山,烟炉,1.0,阴,小雨,75,25.0,降低火险,118.031,28.93,POINT (118.031 28.93),1221.0,江西省,上饶市,玉山县,枫林街道,matched_within,,,,,,
2022-10-06,08:29,08:31,鹰潭市,余江区,火箭弹,2.0,阴,小雨,150,50.0,农业抗旱,116.904,28.194,POINT (116.904 28.194),1505.0,江西省,鹰潭市,余江县,洪湖乡,matched_within,,,,,,
2022-10-06,18:36,18:51,吉安市,永丰县,烟炉,1.0,阴,小雨,75,25.0,农业抗旱,115.746,27.113,POINT (115.746 27.113),1664.0,江西省,抚州市,乐安县,罗陂乡,matched_within,,,,,,
2022-10-06,22:32,22:34,上饶市,广丰区,火箭弹,2.0,小雨,小到中雨,150,50.0,农业抗旱,118.196,28.482,POINT (118.196 28.482),133.0,江西省,上饶市,广丰县,下溪镇,matched_within,,,,,,
2022-10-06,18:32,18:47,九江市,庐山市,烟炉,1.0,小雨,小到中雨,75,25.0,降低火险,115.993,29.58,POINT (115.993 29.58),227.0,江西省,九江市,庐山区,牯岭镇,matched_within,,,,,,
2022-10-06,17:46,18:17,上饶市,广信区,烟炉,2.0,阴,小雨,75,25.0,降低火险,118.013,28.086,POINT (118.013 28.086),1538.0,江西省,上饶市,上饶县,五府山镇,matched_within,,,,,,
2022-10-06,22:10,22:11,上饶市,广信区,火箭弹,2.0,小雨,小到中雨,150,50.0,降低火险,117.933,28.67,POINT (117.933 28.67),1531.0,江西省,上饶市,上饶县,石人乡,matched_within,,,,,,
2022-10-06,19:41,19:43,九江市,濂溪区,火箭弹,4.0,阴,小雨,150,50.0,农业抗旱,115.895,29.704,POINT (115.895 29.704),205.0,江西省,九江市,九江县,赛城湖水产场,matched_within,,,,,,
2022-10-06,08:40,08:42,抚州市,东乡区,火箭弹,2.0,阴,小雨,150,50.0,农业抗旱,116.6,28.29,POINT (116.6 28.29),1676.0,江西省,抚州市,东乡县,孝岗镇,matched_within,,,,,,
2022-10-06,10:46,10:48,鹰潭市,余江区,火箭弹,2.0,阴,小雨,150,50.0,农业抗旱,116.931,28.487,POINT (116.931 28.487),1400.0,江西省,鹰潭市,余江县,黄庄乡,matched_within,,,,,,
2022-10-06,21:16,21:18,上饶市,德兴市,火箭弹,2.0,小雨,小到中雨,150,50.0,农业抗旱,117.533,29.292,POINT (117.533 29.292),1520.0,江西省,上饶市,婺源县,赋春镇,matched_within,,,,,,
2022-10-06,19:40,19:42,九江市,柴桑区,火箭弹,8.0,阴,小到中雨,150,50.0,降低火险,115.884,29.652,POINT (115.884 29.652),203.0,江西省,九江市,九江县,沙河街镇,matched_within,,,,,,
2022-10-06,11:49,11:53,萍乡市,湘东区,火箭弹,4.0,阴,小雨,300,150.0,农业抗旱,113.86,27.58,POINT (113.86 27.58),939.0,江西省,萍乡市,安源区,五陂镇,matched_within,,,,,,
2022-10-06,18:33,18:48,九江市,庐山市,烟炉,1.0,小雨,小到中雨,75,25.0,降低火险,115.956,29.56,POINT (115.956 29.56),227.0,江西省,九江市,庐山区,牯岭镇,matched_within,,,,,,
2022-10-06,16:01,16:31,抚州市,乐安县,烟炉,2.0,阴,小雨,75,25.0,农业抗旱,115.418,27.568,POINT (115.418 27.568),33.0,江西省,吉安市,峡江县,马埠镇,matched_within,,,,,,
2022-10-06,17:43,17:45,宜春市,上高县,火箭弹,2.0,阴,小雨,150,50.0,农业抗旱,115.961,28.241,POINT (115.961 28.241),1466.0,江西省,宜春市,丰城市,白土镇,matched_within,,,,,,
2022-10-06,16:05,16:06,南昌市,新建区,火箭弹,3.0,阴,小雨,75,50.0,农业抗旱,115.58,28.563,POINT (115.58 28.563),406.0,江西省,南昌市,新建县,西山镇,matched_within,,,,,,
2022-10-05,09:31,09:46,南昌市,安义县,烟炉,1.0,阴,小雨,75,25.0,农业抗旱,115.675,28.792,POINT (115.675 28.792),391.0,江西省,南昌市,湾里区,太平镇,matched_within,,,,,,
2022-10-05,06:06,06:55,赣州市,赣县区,烟炉,2.0,阴,小雨,75,25.0,农业抗旱,115.209,25.633,POINT (115.209 25.633),1685.0,江西省,赣州市,赣县,韩坊乡,matched_within,,,,,,
2022-10-05,06:59,07:00,鹰潭市,月湖区,火箭弹,3.0,小雨,小到中雨,300,150.0,农业抗旱,117.056,28.299,POINT (117.056 28.299),1128.0,江西省,鹰潭市,贵溪市,江北街道,matched_within,,,,,,
2022-10-05,13:37,13:52,九江市,庐山市,烟炉,1.0,阴,小雨,75,25.0,降低火险,115.993,29.58,POINT (115.993 29.58),227.0,江西省,九江市,庐山区,牯岭镇,matched_within,,,,,,
2022-10-05,10:57,10:59,九江市,庐山市,火箭弹,2.0,阴,小雨,150,50.0,降低火险,115.876,29.422,POINT (115.876 29.422),1248.0,江西省,九江市,星子县,温泉镇,matched_within,,,,,,
2022-10-05,10:19,10:53,九江市,武宁县,烟炉,2.0,阴,小雨,75,25.0,农业抗旱,115.192,29.492,POINT (115.192 29.492),1625.0,江西省,九江市,瑞昌市,乐园乡,matched_within,,,,,,
2022-10-05,14:20,15:03,九江市,武宁县,烟炉,2.0,阴,小雨,75,25.0,农业抗旱,115.192,29.492,POINT (115.192 29.492),1625.0,江西省,九江市,瑞昌市,乐园乡,matched_within,,,,,,
2022-10-05,21:10,21:12,上饶市,广丰区,火箭弹,2.0,小雨,小到中雨,150,50.0,农业抗旱,118.196,28.482,POINT (118.196 28.482),133.0,江西省,上饶市,广丰县,下溪镇,matched_within,,,,,,
2022-10-05,06:48,06:50,上饶市,三清山,火箭弹,2.0,阴,小雨,150,25.0,降低火险,118.049,28.85,POINT (118.049 28.85),1221.0,江西省,上饶市,玉山县,枫林街道,matched_within,,,,,,
2022-10-05,08:36,08:37,九江市,柴桑区,火箭弹,2.0,阴,阴,150,50.0,农业抗旱,115.884,29.652,POINT (115.884 29.652),203.0,江西省,九江市,九江县,沙河街镇,matched_within,,,,,,
2022-10-05,11:23,11:25,九江市,濂溪区,火箭弹,2.0,阴,小雨,150,50.0,农业抗旱,115.895,29.704,POINT (115.895 29.704),205.0,江西省,九江市,九江县,赛城湖水产场,matched_within,,,,,,
2022-10-05,13:38,13:53,九江市,庐山市,烟炉,1.0,阴,小雨,75,25.0,降低火险,115.956,29.56,POINT (115.956 29.56),227.0,江西省,九江市,庐山区,牯岭镇,matched_within,,,,,,
2022-10-05,13:36,13:51,九江市,庐山市,烟炉,1.0,阴,小雨,75,25.0,降低火险,115.955,29.535,POINT (115.955 29.535),227.0,江西省,九江市,庐山区,牯岭镇,matched_within,,,,,,
2022-10-05,19:19,19:34,上饶市,广信区,烟炉,1.0,阴,小雨,75,25.0,降低火险,118.013,28.086,POINT (118.013 28.086),1538.0,江西省,上饶市,上饶县,五府山镇,matched_within,,,,,,
2022-10-04,18:32,18:34,上饶市,广信区,火箭弹,2.0,阴,小雨,150,50.0,农业抗旱,117.886,28.551,POINT (117.886 28.551),1526.0,江西省,上饶市,上饶县,清水乡,matched_within,,,,,,
2022-10-04,17:06,17:08,上饶市,广信区,火箭弹,2.0,阴,小雨,150,50.0,农业抗旱,117.904,28.461,POINT (117.904 28.461),1211.0,江西省,上饶市,上饶县,罗桥街道,matched_within,,,,,,
2022-10-04,17:03,17:18,上饶市,广信区,烟炉,1.0,阴,小雨,75,25.0,农业抗旱,118.013,28.086,POINT (118.013 28.086),1538.0,江西省,上饶市,上饶县,五府山镇,matched_within,,,,,,
2022-10-04,19:49,20:04,上饶市,广信区,烟炉,1.0,阴,小雨,75,25.0,农业抗旱,118.013,28.086,POINT (118.013 28.086),1538.0,江西省,上饶市,上饶县,五府山镇,matched_within,,,,,,
2022-09-23,19:05,19:07,九江市,庐山市,火箭弹,2.0,阴,小雨,150,50.0,降低火险,115.876,29.422,POINT (115.876 29.422),1248.0,江西省,九江市,星子县,温泉镇,matched_within,,,,,,
2022-09-22,10:20,10:22,九江市,濂溪区,火箭弹,4.0,阴,小雨,150,50.0,农业抗旱,115.895,29.704,POINT (115.895 29.704),205.0,江西省,九江市,九江县,赛城湖水产场,matched_within,,,,,,
2022-09-22,08:07,08:47,九江市,武宁县,烟炉,2.0,阴,小雨,75,25.0,农业抗旱,115.192,29.492,POINT (115.192 29.492),1625.0,江西省,九江市,瑞昌市,乐园乡,matched_within,,,,,,
2022-09-22,15:20,15:25,九江市,武宁县,烟炉,2.0,阴,小雨,75,25.0,农业抗旱,115.192,29.492,POINT (115.192 29.492),1625.0,江西省,九江市,瑞昌市,乐园乡,matched_within,,,,,,
2022-09-22,14:53,14:54,九江市,柴桑区,火箭弹,4.0,阴,小雨,150,50.0,农业抗旱,115.884,29.652,POINT (115.884 29.652),203.0,江西省,九江市,九江县,沙河街镇,matched_within,,,,,,
2022-09-22,20:52,21:07,上饶市,广信区,烟炉,1.0,阴,小雨,75,25.0,农业抗旱,118.013,28.086,POINT (118.013 28.086),1538.0,江西省,上饶市,上饶县,五府山镇,matched_within,,,,,,
2022-09-21,14:26,14:41,九江市,庐山市,烟炉,1.0,阴,小雨,75,25.0,降低火险,115.956,29.56,POINT (115.956 29.56),227.0,江西省,九江市,庐山区,牯岭镇,matched_within,,,,,,
2022-09-21,21:15,21:30,南昌市,安义县,烟炉,1.0,阴,阵雨,75,25.0,农业抗旱,115.675,28.792,POINT (115.675 28.792),391.0,江西省,南昌市,湾里区,太平镇,matched_within,,,,,,
2022-09-21,16:05,16:20,南昌市,安义县,烟炉,1.0,阴,小雨,75,25.0,农业抗旱,115.675,28.792,POINT (115.675 28.792),391.0,江西省,南昌市,湾里区,太平镇,matched_within,,,,,,
2022-09-21,12:15,12:16,九江市,柴桑区,火箭弹,2.0,阴,小雨,150,50.0,农业抗旱,115.884,29.652,POINT (115.884 29.652),203.0,江西省,九江市,九江县,沙河街镇,matched_within,,,,,,
2022-09-21,16:03,16:23,南昌市,新建区,烟炉,1.0,阴,小雨,75,25.0,农业抗旱,115.664,28.739,POINT (115.664 28.739),392.0,江西省,南昌市,湾里区,招贤镇,matched_within,,,,,,
2022-09-21,20:45,20:47,九江市,庐山市,火箭弹,2.0,阴,阵雨,150,50.0,降低火险,116.036,29.447,POINT (116.036 29.447),262.0,江西省,九江市,星子县,南康镇,matched_within,,,,,,
2022-09-21,14:25,14:40,九江市,庐山市,烟炉,1.0,阴,小雨,75,25.0,降低火险,115.955,29.535,POINT (115.955 29.535),227.0,江西省,九江市,庐山区,牯岭镇,matched_within,,,,,,
2022-09-21,11:46,11:48,九江市,濂溪区,火箭弹,4.0,阴,小雨,150,50.0,农业抗旱,115.895,29.704,POINT (115.895 29.704),205.0,江西省,九江市,九江县,赛城湖水产场,matched_within,,,,,,
2022-09-21,20:52,20:53,鹰潭市,月湖区,火箭弹,3.0,阴,小雨,300,150.0,农业抗旱,117.056,28.299,POINT (117.056 28.299),1128.0,江西省,鹰潭市,贵溪市,江北街道,matched_within,,,,,,
2022-09-20,14:18,14:33,南昌市,安义县,烟炉,1.0,阴,阵雨,75,25.0,农业抗旱,115.675,28.792,POINT (115.675 28.792),391.0,江西省,南昌市,湾里区,太平镇,matched_within,,,,,,
2022-09-20,17:03,17:04,南昌市,新建区,火箭弹,2.0,阴,小雨,75,50.0,农业抗旱,115.596,28.612,POINT (115.596 28.612),406.0,江西省,南昌市,新建县,西山镇,matched_within,,,,,,
2022-09-20,14:20,14:35,南昌市,新建区,烟炉,1.0,阴,小雨,75,25.0,农业抗旱,115.664,28.739,POINT (115.664 28.739),392.0,江西省,南昌市,湾里区,招贤镇,matched_within,,,,,,
2022-09-18,18:49,18:50,上饶市,广信区,火箭弹,2.0,阴,阴,150,50.0,降低火险,117.993,28.281,POINT (117.993 28.281),117.0,江西省,上饶市,上饶县,应家乡,matched_within,,,,,,
2022-09-14,16:09,16:10,上饶市,广信区,火箭弹,2.0,阴,小雨,150,50.0,农业抗旱,118.037,28.341,POINT (118.037 28.341),1529.0,江西省,上饶市,上饶县,田墩镇,matched_within,,,,,,
2022-09-14,17:51,17:51,九江市,柴桑区,火箭弹,4.0,阴,小雨,150,50.0,农业抗旱,115.84,29.61,POINT (115.84 29.61),200.0,江西省,九江市,九江县,狮子镇,matched_within,,,,,,
2022-09-14,18:54,18:57,上饶市,广信区,火箭弹,2.0,阴,小雨,75,50.0,农业抗旱,117.982,28.334,POINT (117.982 28.334),116.0,江西省,上饶市,上饶县,尊桥乡,matched_within,,,,,,
2022-09-14,18:02,18:03,鹰潭市,月湖区,火箭弹,2.0,阴,小雨,100,150.0,农业抗旱,117.03,28.175,POINT (117.03 28.175),1405.0,江西省,鹰潭市,贵溪市,天禄镇,matched_within,,,,,,
2022-09-14,17:26,17:28,九江市,濂溪区,火箭弹,4.0,阴,小雨,150,50.0,农业抗旱,115.895,29.704,POINT (115.895 29.704),205.0,江西省,九江市,九江县,赛城湖水产场,matched_within,,,,,,
2022-09-14,19:35,19:50,上饶市,广信区,烟炉,1.0,阴,小雨,75,25.0,农业抗旱,118.013,28.086,POINT (118.013 28.086),1538.0,江西省,上饶市,上饶县,五府山镇,matched_within,,,,,,
2022-09-14,17:30,17:32,九江市,庐山市,火箭弹,4.0,阵雨,小到中雨,150,50.0,农业抗旱,115.876,29.422,POINT (115.876 29.422),1248.0,江西省,九江市,星子县,温泉镇,matched_within,,,,,,
2022-09-14,15:23,15:38,九江市,庐山市,烟炉,1.0,小雨,小雨,75,25.0,降低火险,115.956,29.56,POINT (115.956 29.56),227.0,江西省,九江市,庐山区,牯岭镇,matched_within,,,,,,
2022-09-14,15:01,15:16,上饶市,广信区,烟炉,1.0,阴,小雨,75,25.0,农业抗旱,118.013,28.086,POINT (118.013 28.086),1538.0,江西省,上饶市,上饶县,五府山镇,matched_within,,,,,,
2022-09-14,15:22,15:37,九江市,庐山市,烟炉,1.0,小雨,小雨,75,25.0,降低火险,115.955,29.535,POINT (115.955 29.535),227.0,江西省,九江市,庐山区,牯岭镇,matched_within,,,,,,
2022-09-14,18:35,18:50,宜春市,上高县,火箭弹,2.0,阴,小雨,150,50.0,农业抗旱,115.961,28.241,POINT (115.961 28.241),1466.0,江西省,宜春市,丰城市,白土镇,matched_within,,,,,,
2022-09-14,13:10,13:25,上饶市,广信区,烟炉,1.0,阴,小雨,75,25.0,农业抗旱,118.013,28.086,POINT (118.013 28.086),1538.0,江西省,上饶市,上饶县,五府山镇,matched_within,,,,,,
2022-09-13,22:37,22:39,上饶市,广丰区,火箭弹,2.0,阴,小雨,150,50.0,农业抗旱,118.196,28.482,POINT (118.196 28.482),133.0,江西省,上饶市,广丰县,下溪镇,matched_within,,,,,,
2022-09-13,15:40,15:55,上饶市,广信区,烟炉,1.0,阴,小雨,75,25.0,农业抗旱,118.013,28.086,POINT (118.013 28.086),1538.0,江西省,上饶市,上饶县,五府山镇,matched_within,,,,,,
2022-09-13,18:41,18:42,鹰潭市,月湖区,火箭弹,3.0,阴,小雨,300,150.0,农业抗旱,117.056,28.299,POINT (117.056 28.299),1128.0,江西省,鹰潭市,贵溪市,江北街道,matched_within,,,,,,
2022-09-09,21:02,21:16,上饶市,广信区,烟炉,1.0,阴,小雨,75,25.0,农业抗旱,118.013,28.086,POINT (118.013 28.086),1538.0,江西省,上饶市,上饶县,五府山镇,matched_within,,,,,,
2022-09-08,08:44,08:45,九江市,柴桑区,火箭弹,2.0,阴,小雨,150,50.0,农业抗旱,115.884,29.652,POINT (115.884 29.652),203.0,江西省,九江市,九江县,沙河街镇,matched_within,,,,,,
2022-09-08,07:29,08:00,南昌市,安义县,烟炉,2.0,阴,阵雨,75,25.0,农业抗旱,115.675,28.792,POINT (115.675 28.792),391.0,江西省,南昌市,湾里区,太平镇,matched_within,,,,,,
2022-09-08,08:20,08:35,南昌市,新建区,烟炉,1.0,阴,小雨,75,25.0,农业抗旱,115.664,28.739,POINT (115.664 28.739),392.0,江西省,南昌市,湾里区,招贤镇,matched_within,,,,,,
2022-09-07,16:04,16:24,赣州市,赣县区,烟炉,1.0,阴,小雨,75,25.0,农业抗旱,115.33,26.045,POINT (115.33 26.045),1728.0,江西省,赣州市,赣县,三溪乡,matched_within,,,,,,
2022-09-07,16:11,16:12,赣州市,赣县区,火箭弹,2.0,阴,小雨,150,50.0,农业抗旱,115.096,25.889,POINT (115.096 25.889),820.0,江西省,赣州市,赣县,大田乡,matched_within,,,,,,
2022-09-07,08:35,08:55,赣州市,赣县区,烟炉,1.0,阴,小雨,75,25.0,农业抗旱,115.209,25.633,POINT (115.209 25.633),1685.0,江西省,赣州市,赣县,韩坊乡,matched_within,,,,,,
2022-09-06,13:32,13:47,赣州市,赣县区,烟炉,1.0,阴,小雨,75,25.0,农业抗旱,115.209,25.633,POINT (115.209 25.633),1685.0,江西省,赣州市,赣县,韩坊乡,matched_within,,,,,,
2022-09-06,15:34,15:49,赣州市,赣县区,烟炉,1.0,阴,小雨,75,25.0,农业抗旱,115.209,25.633,POINT (115.209 25.633),1685.0,江西省,赣州市,赣县,韩坊乡,matched_within,,,,,,
2022-09-04,18:13,18:15,上饶市,广信区,火箭弹,1.0,阴,小雨,150,50.0,农业抗旱,117.886,28.551,POINT (117.886 28.551),1526.0,江西省,上饶市,上饶县,清水乡,matched_within,,,,,,
2022-09-04,09:30,09:31,鹰潭市,月湖区,火箭弹,3.0,阴,小雨,300,150.0,农业抗旱,117.056,28.299,POINT (117.056 28.299),1128.0,江西省,鹰潭市,贵溪市,江北街道,matched_within,,,,,,
2022-09-03,20:17,20:32,南昌市,新建区,烟炉,1.0,阴,小雨,75,25.0,农业抗旱,115.664,28.739,POINT (115.664 28.739),392.0,江西省,南昌市,湾里区,招贤镇,matched_within,,,,,,
2022-09-03,15:41,15:42,鹰潭市,月湖区,火箭弹,2.0,阴,小雨,300,10.0,农业抗旱,117.03,28.175,POINT (117.03 28.175),1405.0,江西省,鹰潭市,贵溪市,天禄镇,matched_within,,,,,,
2022-09-03,07:50,08:20,南昌市,新建区,烟炉,2.0,阴,小雨,75,25.0,农业抗旱,115.664,28.739,POINT (115.664 28.739),392.0,江西省,南昌市,湾里区,招贤镇,matched_within,,,,,,
2022-09-03,20:14,20:15,抚州市,东乡区,火箭弹,1.0,阴,小雨,150,50.0,农业抗旱,116.515,28.201,POINT (116.515 28.201),818.0,江西省,抚州市,东乡县,红星垦殖场,matched_within,,,,,,
2022-09-03,18:40,18:55,上饶市,广信区,烟炉,1.0,阴,小雨,75,25.0,农业抗旱,118.013,28.086,POINT (118.013 28.086),1538.0,江西省,上饶市,上饶县,五府山镇,matched_within,,,,,,
2022-09-03,23:00,23:02,上饶市,广丰区,火箭弹,2.0,小雨,中雨,150,50.0,农业抗旱,118.196,28.482,POINT (118.196 28.482),133.0,江西省,上饶市,广丰县,下溪镇,matched_within,,,,,,
2022-09-01,12:59,13:59,九江市,武宁县,烟炉,2.0,阴,阴,75,25.0,农业抗旱,115.192,29.492,POINT (115.192 29.492),1625.0,江西省,九江市,瑞昌市,乐园乡,matched_within,,,,,,
2022-09-01,18:03,18:20,南昌市,新建区,烟炉,1.0,阴,小雨,75,25.0,农业抗旱,115.664,28.739,POINT (115.664 28.739),392.0,江西省,南昌市,湾里区,招贤镇,matched_within,,,,,,
2022-09-01,19:26,19:27,鹰潭市,月湖区,火箭弹,3.0,小雨,小到中雨,300,150.0,农业抗旱,117.056,28.299,POINT (117.056 28.299),1128.0,江西省,鹰潭市,贵溪市,江北街道,matched_within,,,,,,
2022-09-01,19:43,19:44,南昌市,新建区,火箭弹,2.0,阴,小雨,75,25.0,农业抗旱,115.815,28.841,POINT (115.815 28.841),401.0,江西省,南昌市,新建县,溪霞镇,matched_within,,,,,,
2022-09-01,18:04,18:35,南昌市,安义县,烟炉,2.0,阴,阵雨,75,25.0,农业抗旱,115.675,28.792,POINT (115.675 28.792),391.0,江西省,南昌市,湾里区,太平镇,matched_within,,,,,,
2022-08-31,09:13,09:57,南昌市,安义县,烟炉,2.0,阴,小雨,70,40.0,农业抗旱,115.675,28.792,POINT (115.675 28.792),391.0,江西省,南昌市,湾里区,太平镇,matched_within,,,,,,
2022-08-31,10:12,10:13,鹰潭市,月湖区,火箭弹,2.0,阴,小雨,300,150.0,农业抗旱,117.03,28.175,POINT (117.03 28.175),1405.0,江西省,鹰潭市,贵溪市,天禄镇,matched_within,,,,,,
2022-08-31,19:13,19:15,上饶市,广丰区,火箭弹,2.0,小雨,中到大雨,150,50.0,农业抗旱,118.196,28.482,POINT (118.196 28.482),133.0,江西省,上饶市,广丰县,下溪镇,matched_within,,,,,,
2022-08-31,13:26,13:28,上饶市,广信区,火箭弹,2.0,小雨,小到中雨,300,150.0,农业抗旱,117.867,28.709,POINT (117.867 28.709),1536.0,江西省,上饶市,上饶县,郑坊镇,matched_within,,,,,,
2022-08-31,08:05,08:40,南昌市,新建区,烟炉,2.0,阴,小雨,80,40.0,农业抗旱,115.664,28.739,POINT (115.664 28.739),392.0,江西省,南昌市,湾里区,招贤镇,matched_within,,,,,,
2022-08-30,14:32,14:47,上饶市,广信区,烟炉,1.0,阴,小雨,100,50.0,农业抗旱,118.013,28.086,POINT (118.013 28.086),1538.0,江西省,上饶市,上饶县,五府山镇,matched_within,,,,,,
2022-08-30,21:16,21:18,九江市,庐山市,火箭弹,2.0,阴,小雨,300,150.0,农业抗旱,115.876,29.422,POINT (115.876 29.422),1248.0,江西省,九江市,星子县,温泉镇,matched_within,,,,,,
2022-08-30,21:50,21:52,九江市,濂溪区,火箭弹,3.0,阴,小雨,300,150.0,农业抗旱,115.895,29.704,POINT (115.895 29.704),205.0,江西省,九江市,九江县,赛城湖水产场,matched_within,,,,,,
2022-08-30,11:49,12:23,抚州市,乐安县,烟炉,2.0,阴,小到中雨,100,50.0,农业抗旱,115.418,27.568,POINT (115.418 27.568),33.0,江西省,吉安市,峡江县,马埠镇,matched_within,,,,,,
2022-08-30,13:23,13:54,吉安市,永丰县,烟炉,2.0,阴,小雨,100,50.0,农业抗旱,115.746,27.113,POINT (115.746 27.113),1664.0,江西省,抚州市,乐安县,罗陂乡,matched_within,,,,,,
2022-08-30,20:37,20:38,九江市,柴桑区,火箭弹,2.0,小雨,小到中雨,300,150.0,农业抗旱,115.84,29.61,POINT (115.84 29.61),200.0,江西省,九江市,九江县,狮子镇,matched_within,,,,,,
2022-08-30,15:12,15:27,上饶市,广信区,烟炉,1.0,小雨,中雨,100,50.0,农业抗旱,118.013,28.086,POINT (118.013 28.086),1538.0,江西省,上饶市,上饶县,五府山镇,matched_within,,,,,,
2022-08-30,13:20,13:24,上饶市,三清山,火箭弹,4.0,阴,中到大雨,50,20.0,农业抗旱,118.049,28.85,POINT (118.049 28.85),1221.0,江西省,上饶市,玉山县,枫林街道,matched_within,,,,,,
2022-08-30,16:33,16:34,赣州市,赣县区,火箭弹,2.0,阴,小到中雨,300,150.0,农业抗旱,115.03,25.94,POINT (115.03 25.94),844.0,江西省,赣州市,赣县,茅店镇,matched_within,,,,,,
2022-08-30,16:25,16:27,上饶市,广信区,火箭弹,2.0,阴,小雨,300,150.0,农业抗旱,118.037,28.341,POINT (118.037 28.341),1529.0,江西省,上饶市,上饶县,田墩镇,matched_within,,,,,,
2022-08-29,18:00,18:01,九江市,柴桑区,火箭弹,2.0,阴,小雨,300,150.0,农业抗旱,115.84,29.61,POINT (115.84 29.61),200.0,江西省,九江市,九江县,狮子镇,matched_within,,,,,,
2022-08-29,14:50,14:53,九江市,武宁县,火箭弹,2.0,阴,小雨,80,50.0,农业抗旱,114.752,29.084,POINT (114.752 29.084),1432.0,江西省,九江市,修水县,庙岭乡,matched_within,,,,,,
2022-08-29,18:01,18:04,九江市,濂溪区,火箭弹,4.0,阴,小雨,300,150.0,农业抗旱,115.895,29.704,POINT (115.895 29.704),205.0,江西省,九江市,九江县,赛城湖水产场,matched_within,,,,,,
2022-08-29,14:23,14:38,上饶市,广信区,烟炉,1.0,阴,小雨,100,50.0,农业抗旱,118.013,28.086,POINT (118.013 28.086),1538.0,江西省,上饶市,上饶县,五府山镇,matched_within,,,,,,
2022-08-29,16:33,16:34,赣州市,赣县区,火箭弹,2.0,阴,小雨,300,150.0,农业抗旱,114.966,25.932,POINT (114.966 25.932),821.0,江西省,赣州市,赣县,储潭镇,matched_within,,,,,,
2022-08-29,16:30,16:45,九江市,庐山市,烟炉,1.0,小雨,小到中雨,100,50.0,降低火险,115.955,29.535,POINT (115.955 29.535),227.0,江西省,九江市,庐山区,牯岭镇,matched_within,,,,,,
2022-08-29,16:31,16:46,九江市,庐山市,烟炉,1.0,小雨,小到中雨,100,50.0,降低火险,115.993,29.58,POINT (115.993 29.58),227.0,江西省,九江市,庐山区,牯岭镇,matched_within,,,,,,
2022-08-29,16:32,16:47,九江市,庐山市,烟炉,1.0,小雨,小到中雨,100,50.0,农业抗旱,115.956,29.56,POINT (115.956 29.56),227.0,江西省,九江市,庐山区,牯岭镇,matched_within,,,,,,
2022-08-29,14:39,15:46,九江市,武宁县,烟炉,4.0,阴,小雨,100,80.0,农业抗旱,115.192,29.492,POINT (115.192 29.492),1625.0,江西省,九江市,瑞昌市,乐园乡,matched_within,,,,,,
2022-08-29,14:55,15:10,赣州市,赣县区,烟炉,1.0,阴,小雨,100,50.0,农业抗旱,115.209,25.633,POINT (115.209 25.633),1685.0,江西省,赣州市,赣县,韩坊乡,matched_within,,,,,,
2022-08-29,18:56,18:58,抚州市,东乡区,火箭弹,2.0,阴,小到中雨,300,150.0,农业抗旱,116.6,28.29,POINT (116.6 28.29),1676.0,江西省,抚州市,东乡县,孝岗镇,matched_within,,,,,,
2022-08-29,18:47,18:49,鹰潭市,余江区,火箭弹,2.0,阴,小雨,300,150.0,农业抗旱,116.778,28.202,POINT (116.778 28.202),1504.0,江西省,鹰潭市,余江县,杨溪乡,matched_within,,,,,,
2022-08-29,17:22,17:23,鹰潭市,月湖区,火箭弹,4.0,小雨,小到中雨,300,150.0,农业抗旱,117.056,28.299,POINT (117.056 28.299),1128.0,江西省,鹰潭市,贵溪市,江北街道,matched_within,,,,,,
2022-08-29,14:38,15:08,南昌市,新建区,烟炉,2.0,阴,小到中雨,30,60.0,改善空气,115.664,28.739,POINT (115.664 28.739),392.0,江西省,南昌市,湾里区,招贤镇,matched_within,,,,,,
2022-08-29,19:35,19:37,抚州市,东乡区,火箭弹,2.0,小雨,中雨,300,150.0,农业抗旱,116.515,28.201,POINT (116.515 28.201),818.0,江西省,抚州市,东乡县,红星垦殖场,matched_within,,,,,,
2022-08-29,21:31,21:33,南昌市,新建区,火箭弹,2.0,阴,小到中雨,45,50.0,农业抗旱,115.637,29.449,POINT (115.637 29.449),250.0,江西省,九江市,德安县,吴山镇,matched_within,,,,,,
2022-08-29,17:57,17:59,九江市,庐山市,火箭弹,4.0,阴,小雨,300,150.0,农业抗旱,115.876,29.422,POINT (115.876 29.422),1248.0,江西省,九江市,星子县,温泉镇,matched_within,,,,,,
2022-08-29,18:45,18:48,南昌市,新建区,火箭弹,2.0,阴,小到中雨,60,30.0,农业抗旱,115.62,28.55,POINT (115.62 28.55),406.0,江西省,南昌市,新建县,西山镇,matched_within,,,,,,
2022-08-29,14:33,15:11,南昌市,安义县,烟炉,2.0,阴,小雨,75,40.0,农业抗旱,115.675,28.792,POINT (115.675 28.792),391.0,江西省,南昌市,湾里区,太平镇,matched_within,,,,,,
2022-08-28,16:53,16:55,赣州市,赣县区,火箭弹,2.0,阴,阴,300,150.0,农业抗旱,115.096,25.889,POINT (115.096 25.889),820.0,江西省,赣州市,赣县,大田乡,matched_within,,,,,,
2022-08-28,14:59,15:01,鹰潭市,余江区,火箭弹,2.0,阴,小雨,300,150.0,农业抗旱,116.904,28.194,POINT (116.904 28.194),1505.0,江西省,鹰潭市,余江县,洪湖乡,matched_within,,,,,,
2022-08-28,19:59,20:01,南昌市,新建区,火箭弹,2.0,阴,小雨,50,30.0,农业抗旱,115.596,28.612,POINT (115.596 28.612),406.0,江西省,南昌市,新建县,西山镇,matched_within,,,,,,
2022-08-28,16:12,16:14,抚州市,东乡区,火箭弹,2.0,阴,小到中雨,300,150.0,农业抗旱,116.65,28.24,POINT (116.65 28.24),1676.0,江西省,抚州市,东乡县,孝岗镇,matched_within,,,,,,
2022-08-28,15:55,16:29,九江市,武宁县,烟炉,2.0,阴,阴,50,50.0,农业抗旱,115.192,29.492,POINT (115.192 29.492),1625.0,江西省,九江市,瑞昌市,乐园乡,matched_within,,,,,,
2022-08-28,17:05,17:07,抚州市,东乡区,火箭弹,1.0,小雨,小雨,300,150.0,农业抗旱,116.4,28.21,POINT (116.4 28.21),807.0,江西省,抚州市,东乡县,詹圩镇,matched_within,,,,,,
2022-08-28,16:14,16:15,鹰潭市,月湖区,火箭弹,4.0,阴,阵雨,300,150.0,农业抗旱,117.03,28.175,POINT (117.03 28.175),1405.0,江西省,鹰潭市,贵溪市,天禄镇,matched_within,,,,,,
2022-08-28,15:58,16:00,上饶市,广丰区,火箭弹,2.0,小雨,小到中雨,300,500.0,农业抗旱,118.269,28.262,POINT (118.269 28.262),1220.0,江西省,上饶市,广丰县,铜钹山镇,matched_within,,,,,,
2022-08-28,19:17,19:55,南昌市,安义县,烟炉,2.0,阴,小雨,75,50.0,农业抗旱,115.675,28.792,POINT (115.675 28.792),391.0,江西省,南昌市,湾里区,太平镇,matched_within,,,,,,
2022-08-28,16:26,16:28,上饶市,广信区,火箭弹,2.0,阴,小雨,300,150.0,农业抗旱,118.041,28.302,POINT (118.041 28.302),117.0,江西省,上饶市,上饶县,应家乡,matched_within,,,,,,
2022-08-28,13:02,13:32,抚州市,乐安县,烟炉,2.0,阴,小雨,100,50.0,农业抗旱,115.418,27.568,POINT (115.418 27.568),33.0,江西省,吉安市,峡江县,马埠镇,matched_within,,,,,,
2022-08-28,15:03,15:18,上饶市,广信区,烟炉,1.0,阴,小雨,100,50.0,农业抗旱,118.013,28.086,POINT (118.013 28.086),1538.0,江西省,上饶市,上饶县,五府山镇,matched_within,,,,,,
2022-08-28,17:53,18:23,南昌市,新建区,烟炉,2.0,阴,小雨,30,60.0,改善空气,115.664,28.739,POINT (115.664 28.739),392.0,江西省,南昌市,湾里区,招贤镇,matched_within,,,,,,
2022-08-28,18:00,18:02,九江市,濂溪区,火箭弹,1.0,阴,小雨,300,150.0,农业抗旱,115.895,29.704,POINT (115.895 29.704),205.0,江西省,九江市,九江县,赛城湖水产场,matched_within,,,,,,
2022-08-27,17:55,17:56,上饶市,广信区,火箭弹,2.0,阴,小雨,300,150.0,农业抗旱,117.886,28.551,POINT (117.886 28.551),1526.0,江西省,上饶市,上饶县,清水乡,matched_within,,,,,,
2022-08-27,23:13,23:28,九江市,庐山市,烟炉,1.0,小雨,小到中雨,100,50.0,降低火险,115.955,29.535,POINT (115.955 29.535),227.0,江西省,九江市,庐山区,牯岭镇,matched_within,,,,,,
2022-08-27,23:14,23:29,九江市,庐山市,烟炉,1.0,小雨,小到中雨,100,50.0,降低火险,115.993,29.58,POINT (115.993 29.58),227.0,江西省,九江市,庐山区,牯岭镇,matched_within,,,,,,
2022-08-27,15:44,16:15,南昌市,安义县,烟炉,2.0,阴,小雨,90,45.0,农业抗旱,115.675,28.792,POINT (115.675 28.792),391.0,江西省,南昌市,湾里区,太平镇,matched_within,,,,,,
2022-08-27,16:48,16:51,上饶市,三清山,火箭弹,2.0,阴,小雨,50,10.0,农业抗旱,118.049,28.85,POINT (118.049 28.85),1221.0,江西省,上饶市,玉山县,枫林街道,matched_within,,,,,,
2022-08-27,23:15,23:30,九江市,庐山市,烟炉,1.0,小雨,小到中雨,100,50.0,降低火险,115.956,29.56,POINT (115.956 29.56),227.0,江西省,九江市,庐山区,牯岭镇,matched_within,,,,,,
2022-08-27,12:37,15:15,南昌市,新建区,烟炉,2.0,阴,小雨,80,40.0,农业抗旱,115.664,28.739,POINT (115.664 28.739),392.0,江西省,南昌市,湾里区,招贤镇,matched_within,,,,,,
2022-08-27,15:05,15:54,九江市,武宁县,烟炉,2.0,阴,小雨,100,50.0,农业抗旱,115.192,29.492,POINT (115.192 29.492),1625.0,江西省,九江市,瑞昌市,乐园乡,matched_within,,,,,,
2022-08-27,14:57,15:27,南昌市,安义县,烟炉,2.0,阴,阵雨,75,40.0,农业抗旱,115.675,28.792,POINT (115.675 28.792),391.0,江西省,南昌市,湾里区,太平镇,matched_within,,,,,,
2022-08-27,15:13,15:13,九江市,庐山市,火箭弹,4.0,阴,小雨,300,150.0,农业抗旱,115.876,29.422,POINT (115.876 29.422),1248.0,江西省,九江市,星子县,温泉镇,matched_within,,,,,,
2022-08-26,15:25,15:26,九江市,柴桑区,火箭弹,2.0,阴,小雨,300,150.0,农业抗旱,115.84,29.61,POINT (115.84 29.61),200.0,江西省,九江市,九江县,狮子镇,matched_within,,,,,,
2022-08-26,17:57,17:59,九江市,濂溪区,火箭弹,2.0,阴,小雨,300,150.0,农业抗旱,115.895,29.704,POINT (115.895 29.704),205.0,江西省,九江市,九江县,赛城湖水产场,matched_within,,,,,,
2022-08-26,15:51,15:53,九江市,柴桑区,火箭弹,2.0,阴,小雨,300,150.0,农业抗旱,115.84,29.61,POINT (115.84 29.61),200.0,江西省,九江市,九江县,狮子镇,matched_within,,,,,,
2022-08-25,15:40,15:42,上饶市,广丰区,火箭弹,2.0,阴,小雨,300,150.0,水库增蓄,118.269,28.262,POINT (118.269 28.262),1220.0,江西省,上饶市,广丰县,铜钹山镇,matched_within,,,,,,
2022-08-25,20:20,20:22,抚州市,东乡区,火箭弹,1.0,阴,小雨,100,50.0,农业抗旱,116.533,28.348,POINT (116.533 28.348),813.0,江西省,抚州市,东乡县,杨桥殿镇,matched_within,,,,,,
2022-08-25,23:42,23:43,九江市,柴桑区,火箭弹,2.0,阴,小雨,300,150.0,农业抗旱,115.884,29.652,POINT (115.884 29.652),203.0,江西省,九江市,九江县,沙河街镇,matched_within,,,,,,
2022-08-25,23:43,23:45,九江市,濂溪区,火箭弹,2.0,阴,小雨,300,150.0,农业抗旱,115.895,29.704,POINT (115.895 29.704),205.0,江西省,九江市,九江县,赛城湖水产场,matched_within,,,,,,
2022-08-25,15:31,15:32,上饶市,广信区,火箭弹,2.0,阴,小雨,300,150.0,农业抗旱,117.575,28.205,POINT (117.575 28.205),1235.0,江西省,上饶市,铅山县,汪二镇,matched_within,,,,,,
2022-08-25,16:59,18:23,九江市,武宁县,烟炉,4.0,阴,小到中雨,50,50.0,农业抗旱,115.192,29.492,POINT (115.192 29.492),1625.0,江西省,九江市,瑞昌市,乐园乡,matched_within,,,,,,
2022-08-25,22:17,22:19,上饶市,广丰区,火箭弹,2.0,小雨,中雨,300,150.0,农业抗旱,118.196,28.482,POINT (118.196 28.482),133.0,江西省,上饶市,广丰县,下溪镇,matched_within,,,,,,
2022-08-25,20:16,20:32,赣州市,赣县区,烟炉,1.0,阴,阵雨,100,50.0,农业抗旱,115.209,25.633,POINT (115.209 25.633),1685.0,江西省,赣州市,赣县,韩坊乡,matched_within,,,,,,
2022-08-25,14:51,15:06,上饶市,广信区,烟炉,1.0,阴,小雨,100,50.0,农业抗旱,118.013,28.086,POINT (118.013 28.086),1538.0,江西省,上饶市,上饶县,五府山镇,matched_within,,,,,,
2022-08-25,20:01,20:03,上饶市,广信区,火箭弹,2.0,阴,小雨,300,150.0,农业抗旱,118.041,28.302,POINT (118.041 28.302),117.0,江西省,上饶市,上饶县,应家乡,matched_within,,,,,,
2022-08-25,20:53,20:55,赣州市,赣县区,火箭弹,2.0,阴,小雨,300,150.0,农业抗旱,115.043,25.889,POINT (115.043 25.889),844.0,江西省,赣州市,赣县,茅店镇,matched_within,,,,,,
2022-08-25,16:06,17:41,赣州市,赣县区,烟炉,2.0,阴,阵雨,100,50.0,农业抗旱,115.209,25.633,POINT (115.209 25.633),1685.0,江西省,赣州市,赣县,韩坊乡,matched_within,,,,,,
2022-08-24,22:31,22:33,赣州市,赣县区,火箭弹,1.0,阴,小雨,300,150.0,农业抗旱,115.118,25.836,POINT (115.118 25.836),820.0,江西省,赣州市,赣县,大田乡,matched_within,,,,,,
2022-08-23,17:09,17:14,南昌市,新建区,烟炉,1.0,阴,小雨,100,50.0,农业抗旱,115.664,28.739,POINT (115.664 28.739),392.0,江西省,南昌市,湾里区,招贤镇,matched_within,,,,,,
2022-08-23,11:56,12:10,九江市,庐山市,烟炉,1.0,阴,阴,100,50.0,农业抗旱,115.955,29.535,POINT (115.955 29.535),227.0,江西省,九江市,庐山区,牯岭镇,matched_within,,,,,,
2022-08-23,11:56,12:11,九江市,庐山市,烟炉,1.0,阴,小到中雨,100,50.0,农业抗旱,115.993,29.58,POINT (115.993 29.58),227.0,江西省,九江市,庐山区,牯岭镇,matched_within,,,,,,
2022-08-23,15:18,16:05,九江市,武宁县,烟炉,3.0,阴,小雨,50,50.0,农业抗旱,115.192,29.492,POINT (115.192 29.492),1625.0,江西省,九江市,瑞昌市,乐园乡,matched_within,,,,,,
2022-08-23,11:57,12:12,九江市,庐山市,烟炉,1.0,小到中雨,阴,100,50.0,降低火险,115.956,29.56,POINT (115.956 29.56),227.0,江西省,九江市,庐山区,牯岭镇,matched_within,,,,,,
2022-08-19,16:48,16:51,上饶市,广丰区,火箭弹,2.0,阴,小雨,300,150.0,农业抗旱,118.269,28.262,POINT (118.269 28.262),1220.0,江西省,上饶市,广丰县,铜钹山镇,matched_within,,,,,,
2022-08-18,16:37,16:39,鹰潭市,余江区,火箭弹,2.0,阴,小雨,300,150.0,农业抗旱,116.904,28.194,POINT (116.904 28.194),1505.0,江西省,鹰潭市,余江县,洪湖乡,matched_within,,,,,,
2022-08-18,17:34,18:05,鹰潭市,余江区,烟炉,2.0,阴,小雨,100,50.0,农业抗旱,117.123,28.546,POINT (117.123 28.546),1162.0,江西省,鹰潭市,余江县,高公寨营林场,matched_within,,,,,,
2022-08-18,17:47,17:48,抚州市,东乡区,火箭弹,2.0,阴,小雨,300,150.0,农业抗旱,116.65,28.24,POINT (116.65 28.24),1676.0,江西省,抚州市,东乡县,孝岗镇,matched_within,,,,,,
2022-08-18,16:52,16:53,鹰潭市,月湖区,火箭弹,2.0,阴,小到中雨,300,150.0,农业抗旱,117.056,28.299,POINT (117.056 28.299),1128.0,江西省,鹰潭市,贵溪市,江北街道,matched_within,,,,,,
2022-08-18,15:13,15:15,九江市,武宁县,火箭弹,2.0,阴,阴,80,50.0,农业抗旱,114.286,29.191,POINT (114.286 29.191),1446.0,江西省,九江市,修水县,溪口镇,matched_within,,,,,,
2022-08-18,16:40,16:42,萍乡市,湘东区,火箭弹,4.0,阴,阴,300,150.0,农业抗旱,113.86,27.58,POINT (113.86 27.58),939.0,江西省,萍乡市,安源区,五陂镇,matched_within,,,,,,
2022-08-18,16:28,16:30,九江市,武宁县,火箭弹,2.0,阴,小雨,80,50.0,农业抗旱,114.752,29.084,POINT (114.752 29.084),1432.0,江西省,九江市,修水县,庙岭乡,matched_within,,,,,,
2022-08-17,13:09,13:14,上饶市,三清山,火箭弹,4.0,阴,小到中雨,100,15.0,农业抗旱,118.104,28.878,POINT (118.104 28.878),1489.0,江西省,上饶市,玉山县,三清乡,matched_within,,,,,,
2022-08-17,16:01,16:32,九江市,武宁县,烟炉,2.0,阴,小雨,50,50.0,农业抗旱,115.192,29.492,POINT (115.192 29.492),1625.0,江西省,九江市,瑞昌市,乐园乡,matched_within,,,,,,
2022-08-17,17:36,18:07,鹰潭市,余江区,烟炉,2.0,阴,小雨,100,50.0,农业抗旱,117.123,28.546,POINT (117.123 28.546),1162.0,江西省,鹰潭市,余江县,高公寨营林场,matched_within,,,,,,
2022-08-17,17:25,17:28,上饶市,广丰区,火箭弹,2.0,阴,小雨,300,150.0,农业抗旱,118.269,28.262,POINT (118.269 28.262),1220.0,江西省,上饶市,广丰县,铜钹山镇,matched_within,,,,,,
2022-08-17,16:52,16:53,鹰潭市,月湖区,火箭弹,2.0,阴,小到中雨,300,150.0,农业抗旱,117.056,28.299,POINT (117.056 28.299),1128.0,江西省,鹰潭市,贵溪市,江北街道,matched_within,,,,,,
2022-08-17,16:22,16:37,上饶市,广信区,烟炉,1.0,阴,小雨,100,50.0,农业抗旱,118.013,28.086,POINT (118.013 28.086),1538.0,江西省,上饶市,上饶县,五府山镇,matched_within,,,,,,
2022-08-17,00:15,00:45,上饶市,三清山,烟炉,2.0,阴,小雨,1,50.0,农业抗旱,118.031,28.93,POINT (118.031 28.93),1221.0,江西省,上饶市,玉山县,枫林街道,matched_within,,,,,,
2022-08-17,18:28,18:58,抚州市,乐安县,烟炉,2.0,阴,小雨,100,50.0,农业抗旱,115.418,27.568,POINT (115.418 27.568),33.0,江西省,吉安市,峡江县,马埠镇,matched_within,,,,,,
2022-08-17,15:31,15:33,上饶市,广信区,火箭弹,2.0,阴,小雨,300,150.0,农业抗旱,118.013,28.086,POINT (118.013 28.086),1538.0,江西省,上饶市,上饶县,五府山镇,matched_within,,,,,,
2022-08-17,13:30,13:45,九江市,庐山市,烟炉,1.0,阴,小到中雨,100,50.0,农业抗旱,115.955,29.535,POINT (115.955 29.535),227.0,江西省,九江市,庐山区,牯岭镇,matched_within,,,,,,
2022-08-17,15:05,15:06,九江市,柴桑区,火箭弹,4.0,阴,小雨,300,150.0,农业抗旱,115.84,29.61,POINT (115.84 29.61),200.0,江西省,九江市,九江县,狮子镇,matched_within,,,,,,
2022-08-17,15:05,15:20,上饶市,广信区,烟炉,1.0,小雨,中雨,100,50.0,农业抗旱,118.013,28.086,POINT (118.013 28.086),1538.0,江西省,上饶市,上饶县,五府山镇,matched_within,,,,,,
2022-08-17,13:31,13:46,九江市,庐山市,烟炉,1.0,阴,小到中雨,100,50.0,农业抗旱,115.993,29.58,POINT (115.993 29.58),227.0,江西省,九江市,庐山区,牯岭镇,matched_within,,,,,,
2022-08-17,13:31,13:46,九江市,庐山市,烟炉,1.0,阴,小到中雨,100,50.0,农业抗旱,115.956,29.56,POINT (115.956 29.56),227.0,江西省,九江市,庐山区,牯岭镇,matched_within,,,,,,
2022-08-17,16:50,16:56,鹰潭市,余江区,火箭弹,2.0,阴,小雨,300,150.0,农业抗旱,116.904,28.194,POINT (116.904 28.194),1505.0,江西省,鹰潭市,余江县,洪湖乡,matched_within,,,,,,
2022-08-16,14:47,14:50,九江市,濂溪区,火箭弹,3.0,阴,小雨,300,150.0,农业抗旱,115.895,29.704,POINT (115.895 29.704),205.0,江西省,九江市,九江县,赛城湖水产场,matched_within,,,,,,
2022-08-16,14:22,14:23,九江市,柴桑区,火箭弹,4.0,小雨,中到大雨,300,150.0,农业抗旱,115.884,29.652,POINT (115.884 29.652),203.0,江西省,九江市,九江县,沙河街镇,matched_within,,,,,,
2022-08-16,13:00,13:16,抚州市,乐安县,烟炉,2.0,阴,小雨,100,50.0,农业抗旱,115.418,27.568,POINT (115.418 27.568),33.0,江西省,吉安市,峡江县,马埠镇,matched_within,,,,,,
2022-08-16,15:20,16:46,九江市,武宁县,烟炉,4.0,阴,小到中雨,100,50.0,农业抗旱,115.192,29.492,POINT (115.192 29.492),1625.0,江西省,九江市,瑞昌市,乐园乡,matched_within,,,,,,
2022-08-16,12:45,13:00,上饶市,广信区,烟炉,1.0,阴,小雨,100,50.0,降低火险,118.013,28.086,POINT (118.013 28.086),1538.0,江西省,上饶市,上饶县,五府山镇,matched_within,,,,,,
2022-08-16,15:13,15:43,赣州市,赣县区,烟炉,1.0,阴,小雨,100,50.0,农业抗旱,115.209,25.633,POINT (115.209 25.633),1685.0,江西省,赣州市,赣县,韩坊乡,matched_within,,,,,,
2022-08-16,22:20,22:22,九江市,庐山市,火箭弹,4.0,阴,阵雨,300,150.0,农业抗旱,115.876,29.422,POINT (115.876 29.422),1248.0,江西省,九江市,星子县,温泉镇,matched_within,,,,,,
2022-08-16,13:56,14:11,吉安市,永丰县,烟炉,1.0,阴,小雨,100,50.0,农业抗旱,115.746,27.113,POINT (115.746 27.113),1664.0,江西省,抚州市,乐安县,罗陂乡,matched_within,,,,,,
2022-08-16,11:53,12:08,鹰潭市,月湖区,烟炉,1.0,阴,小雨,100,50.0,农业抗旱,116.963,28.098,POINT (116.963 28.098),1132.0,江西省,鹰潭市,贵溪市,龙虎山镇,matched_within,,,,,,
2022-08-15,14:46,15:16,抚州市,乐安县,烟炉,2.0,阴,小雨,100,50.0,农业抗旱,115.418,27.568,POINT (115.418 27.568),33.0,江西省,吉安市,峡江县,马埠镇,matched_within,,,,,,
2022-08-15,14:40,14:55,上饶市,广丰区,烟炉,1.0,阴,小雨,100,50.0,农业抗旱,118.259,28.276,POINT (118.259 28.276),1220.0,江西省,上饶市,广丰县,铜钹山镇,matched_within,,,,,,
2022-08-15,14:43,14:58,上饶市,广信区,烟炉,1.0,阴,小雨,100,50.0,降低火险,118.013,28.086,POINT (118.013 28.086),1538.0,江西省,上饶市,上饶县,五府山镇,matched_within,,,,,,
2022-08-14,15:46,16:17,鹰潭市,月湖区,烟炉,2.0,阴,小雨,100,50.0,农业抗旱,116.963,28.098,POINT (116.963 28.098),1132.0,江西省,鹰潭市,贵溪市,龙虎山镇,matched_within,,,,,,
2022-08-10,15:27,15:28,鹰潭市,月湖区,火箭弹,3.0,阴,小雨,300,150.0,农业抗旱,116.942,28.069,POINT (116.942 28.069),1132.0,江西省,鹰潭市,贵溪市,龙虎山镇,matched_within,,,,,,
2022-08-10,16:15,16:30,赣州市,赣县区,烟炉,1.0,阴,小雨,100,50.0,农业抗旱,115.209,25.633,POINT (115.209 25.633),1685.0,江西省,赣州市,赣县,韩坊乡,matched_within,,,,,,
2022-08-07,14:46,15:16,抚州市,乐安县,烟炉,2.0,小雨,小到中雨,100,50.0,农业抗旱,115.418,27.568,POINT (115.418 27.568),33.0,江西省,吉安市,峡江县,马埠镇,matched_within,,,,,,
2022-08-07,18:14,18:45,鹰潭市,月湖区,烟炉,2.0,阴,阵雨,100,50.0,农业抗旱,116.963,28.098,POINT (116.963 28.098),1132.0,江西省,鹰潭市,贵溪市,龙虎山镇,matched_within,,,,,,
2022-08-06,16:45,17:17,鹰潭市,月湖区,烟炉,2.0,阴,阵雨,100,50.0,农业抗旱,116.963,28.098,POINT (116.963 28.098),1132.0,江西省,鹰潭市,贵溪市,龙虎山镇,matched_within,,,,,,
2022-08-04,14:30,14:31,鹰潭市,月湖区,火箭弹,2.0,阴,阵雨,300,150.0,农业抗旱,117.08,28.449,POINT (117.08 28.449),1133.0,江西省,鹰潭市,贵溪市,塔桥园艺场,matched_within,,,,,,
2022-08-03,20:15,20:30,鹰潭市,月湖区,烟炉,1.0,阴,阴,100,50.0,农业抗旱,116.963,28.098,POINT (116.963 28.098),1132.0,江西省,鹰潭市,贵溪市,龙虎山镇,matched_within,,,,,,
2022-08-03,15:13,15:43,九江市,武宁县,烟炉,2.0,阴,小雨,100,50.0,农业抗旱,115.192,29.492,POINT (115.192 29.492),1625.0,江西省,九江市,瑞昌市,乐园乡,matched_within,,,,,,
2022-08-02,14:39,14:56,赣州市,赣县区,烟炉,2.0,阴,小到中雨,100,50.0,农业抗旱,115.33,26.045,POINT (115.33 26.045),1728.0,江西省,赣州市,赣县,三溪乡,matched_within,,,,,,
2022-08-02,14:54,15:27,南昌市,安义县,烟炉,2.0,阴,小雨,75,35.0,农业抗旱,115.675,28.792,POINT (115.675 28.792),391.0,江西省,南昌市,湾里区,太平镇,matched_within,,,,,,
2022-08-02,18:37,18:39,鹰潭市,余江区,火箭弹,2.0,阴,小雨,300,150.0,农业抗旱,116.904,28.194,POINT (116.904 28.194),1505.0,江西省,鹰潭市,余江县,洪湖乡,matched_within,,,,,,
2022-08-02,15:15,15:30,南昌市,新建区,烟炉,1.0,阴,小雨,60,30.0,改善空气,115.664,28.739,POINT (115.664 28.739),392.0,江西省,南昌市,湾里区,招贤镇,matched_within,,,,,,
2022-08-02,16:29,16:31,上饶市,广信区,火箭弹,4.0,阴,阴,300,150.0,降低火险,118.041,28.302,POINT (118.041 28.302),117.0,江西省,上饶市,上饶县,应家乡,matched_within,,,,,,
2022-08-02,19:51,19:53,上饶市,广信区,火箭弹,2.0,小雨,中雨,300,150.0,农业抗旱,118.041,28.302,POINT (118.041 28.302),117.0,江西省,上饶市,上饶县,应家乡,matched_within,,,,,,
2022-08-02,19:19,19:21,上饶市,广信区,火箭弹,2.0,小雨,中雨,300,150.0,农业抗旱,118.041,28.302,POINT (118.041 28.302),117.0,江西省,上饶市,上饶县,应家乡,matched_within,,,,,,
2022-08-02,20:30,20:31,鹰潭市,月湖区,火箭弹,2.0,阴,小雨,300,150.0,农业抗旱,117.08,28.449,POINT (117.08 28.449),1133.0,江西省,鹰潭市,贵溪市,塔桥园艺场,matched_within,,,,,,
2022-08-01,15:06,15:07,九江市,柴桑区,火箭弹,2.0,阴,小雨,300,150.0,改善空气,115.884,29.652,POINT (115.884 29.652),203.0,江西省,九江市,九江县,沙河街镇,matched_within,,,,,,
2022-08-01,18:09,19:52,赣州市,赣县区,烟炉,2.0,阴,小雨,100,50.0,农业抗旱,115.209,25.633,POINT (115.209 25.633),1685.0,江西省,赣州市,赣县,韩坊乡,matched_within,,,,,,
2022-08-01,18:07,18:22,赣州市,赣县区,烟炉,1.0,阴,小到中雨,100,50.0,农业抗旱,115.33,26.045,POINT (115.33 26.045),1728.0,江西省,赣州市,赣县,三溪乡,matched_within,,,,,,
2022-08-01,15:21,15:52,南昌市,安义县,烟炉,2.0,阴,小到中雨,80,50.0,农业抗旱,115.675,28.792,POINT (115.675 28.792),391.0,江西省,南昌市,湾里区,太平镇,matched_within,,,,,,
2022-08-01,18:22,19:13,赣州市,赣县区,烟炉,3.0,阴,小到中雨,100,50.0,农业抗旱,115.014,25.758,POINT (115.014 25.758),1394.0,江西省,赣州市,章贡区,沙石镇,matched_within,,,,,,
2022-07-31,14:35,15:23,南昌市,新建区,烟炉,2.0,小雨,中雨,60,40.0,改善空气,115.664,28.739,POINT (115.664 28.739),392.0,江西省,南昌市,湾里区,招贤镇,matched_within,,,,,,
2022-07-31,19:06,19:31,赣州市,赣县区,烟炉,2.0,小雨,中到大雨,100,50.0,农业抗旱,115.209,25.633,POINT (115.209 25.633),1685.0,江西省,赣州市,赣县,韩坊乡,matched_within,,,,,,
2022-07-31,14:53,15:23,南昌市,安义县,烟炉,2.0,阴,小到中雨,80,50.0,农业抗旱,115.675,28.792,POINT (115.675 28.792),391.0,江西省,南昌市,湾里区,太平镇,matched_within,,,,,,
2022-07-30,18:22,18:25,上饶市,广信区,火箭弹,2.0,阴,小雨,300,150.0,降低火险,117.522,28.272,POINT (117.522 28.272),1235.0,江西省,上饶市,铅山县,汪二镇,matched_within,,,,,,
2022-07-30,18:07,18:08,鹰潭市,月湖区,火箭弹,3.0,阴,阵雨,300,150.0,农业抗旱,117.08,28.449,POINT (117.08 28.449),1133.0,江西省,鹰潭市,贵溪市,塔桥园艺场,matched_within,,,,,,
2022-07-30,14:51,15:06,上饶市,广信区,烟炉,1.0,小雨,小到中雨,100,50.0,降低火险,118.013,28.086,POINT (118.013 28.086),1538.0,江西省,上饶市,上饶县,五府山镇,matched_within,,,,,,
2022-07-29,20:16,20:17,鹰潭市,月湖区,火箭弹,4.0,阴,小雨,300,150.0,农业抗旱,117.08,28.449,POINT (117.08 28.449),1133.0,江西省,鹰潭市,贵溪市,塔桥园艺场,matched_within,,,,,,
2022-07-29,14:43,14:46,上饶市,广信区,火箭弹,4.0,阴,小雨,300,150.0,农业抗旱,117.886,28.551,POINT (117.886 28.551),1526.0,江西省,上饶市,上饶县,清水乡,matched_within,,,,,,
2022-07-29,16:59,17:14,上饶市,广信区,烟炉,1.0,小雨,小到中雨,100,50.0,降低火险,118.013,28.086,POINT (118.013 28.086),1538.0,江西省,上饶市,上饶县,五府山镇,matched_within,,,,,,
2022-07-29,15:20,15:53,赣州市,赣县区,烟炉,2.0,阴,小雨,100,50.0,农业抗旱,115.209,25.633,POINT (115.209 25.633),1685.0,江西省,赣州市,赣县,韩坊乡,matched_within,,,,,,
2022-07-29,13:06,13:37,赣州市,赣县区,烟炉,2.0,阴,小雨,100,50.0,农业抗旱,115.33,26.045,POINT (115.33 26.045),1728.0,江西省,赣州市,赣县,三溪乡,matched_within,,,,,,
2022-07-29,16:28,16:30,上饶市,广丰区,火箭弹,2.0,阴,小到中雨,300,150.0,农业抗旱,118.196,28.482,POINT (118.196 28.482),133.0,江西省,上饶市,广丰县,下溪镇,matched_within,,,,,,
2022-07-29,04:50,05:23,南昌市,新建区,烟炉,2.0,阴,小到中雨,60,30.0,改善空气,115.664,28.739,POINT (115.664 28.739),392.0,江西省,南昌市,湾里区,招贤镇,matched_within,,,,,,
2022-07-28,21:51,22:07,赣州市,赣县区,烟炉,2.0,阴,中雨,100,50.0,农业抗旱,115.33,26.045,POINT (115.33 26.045),1728.0,江西省,赣州市,赣县,三溪乡,matched_within,,,,,,
2022-07-28,13:58,14:13,上饶市,广信区,烟炉,1.0,阴,小雨,100,50.0,降低火险,118.013,28.086,POINT (118.013 28.086),1538.0,江西省,上饶市,上饶县,五府山镇,matched_within,,,,,,
2022-07-26,13:15,13:30,上饶市,三清山,烟炉,1.0,阴,小雨,50,5.0,农业抗旱,118.031,28.93,POINT (118.031 28.93),1221.0,江西省,上饶市,玉山县,枫林街道,matched_within,,,,,,
2022-07-26,14:39,14:54,上饶市,广信区,烟炉,1.0,阴,小雨,100,50.0,降低火险,118.013,28.086,POINT (118.013 28.086),1538.0,江西省,上饶市,上饶县,五府山镇,matched_within,,,,,,
2022-07-26,13:05,15:25,景德镇市,浮梁县,火箭弹,4.0,阴,小到中雨,300,150.0,农业抗旱,117.241,29.31,POINT (117.241 29.31),1779.0,江西省,景德镇市,珠山区,竟成镇,matched_within,,,,,,
2022-07-26,14:50,15:08,上饶市,广丰区,烟炉,1.0,小雨,小雨,100,50.0,农业抗旱,118.259,28.276,POINT (118.259 28.276),1220.0,江西省,上饶市,广丰县,铜钹山镇,matched_within,,,,,,
2022-07-26,14:00,14:20,上饶市,广丰区,烟炉,1.0,阴,小雨,100,50.0,农业抗旱,118.259,28.276,POINT (118.259 28.276),1220.0,江西省,上饶市,广丰县,铜钹山镇,matched_within,,,,,,
2022-07-25,15:33,15:48,上饶市,三清山,烟炉,1.0,阴,小到中雨,100,50.0,降低火险,118.031,28.93,POINT (118.031 28.93),1221.0,江西省,上饶市,玉山县,枫林街道,matched_within,,,,,,
2022-07-25,15:55,16:10,上饶市,广信区,烟炉,1.0,阴,小雨,100,50.0,降低火险,118.013,28.086,POINT (118.013 28.086),1538.0,江西省,上饶市,上饶县,五府山镇,matched_within,,,,,,
2022-07-24,13:28,13:43,南昌市,安义县,烟炉,1.0,阴,阵雨,90,30.0,农业抗旱,115.675,28.792,POINT (115.675 28.792),391.0,江西省,南昌市,湾里区,太平镇,matched_within,,,,,,
2022-07-24,14:46,15:18,南昌市,新建区,烟炉,2.0,阴,中到大雨,60,50.0,改善空气,115.664,28.739,POINT (115.664 28.739),392.0,江西省,南昌市,湾里区,招贤镇,matched_within,,,,,,
2022-07-20,18:55,18:56,九江市,柴桑区,火箭弹,4.0,小雨,大雨,300,150.0,农业抗旱,115.884,29.652,POINT (115.884 29.652),203.0,江西省,九江市,九江县,沙河街镇,matched_within,,,,,,
2022-07-20,22:02,22:03,九江市,柴桑区,火箭弹,4.0,阴,小雨,300,150.0,农业抗旱,115.884,29.652,POINT (115.884 29.652),203.0,江西省,九江市,九江县,沙河街镇,matched_within,,,,,,
2022-07-20,19:22,19:23,九江市,庐山市,火箭弹,4.0,小雨,中到大雨,300,150.0,农业抗旱,115.876,29.422,POINT (115.876 29.422),1248.0,江西省,九江市,星子县,温泉镇,matched_within,,,,,,
2022-07-19,09:46,10:21,南昌市,新建区,烟炉,2.0,小雨,小到中雨,60,30.0,农业抗旱,115.664,28.739,POINT (115.664 28.739),392.0,江西省,南昌市,湾里区,招贤镇,matched_within,,,,,,
2022-07-19,10:08,10:25,上饶市,广信区,烟炉,1.0,阴,小雨,100,50.0,农业抗旱,118.013,28.086,POINT (118.013 28.086),1538.0,江西省,上饶市,上饶县,五府山镇,matched_within,,,,,,
2022-07-19,13:02,13:03,九江市,柴桑区,火箭弹,4.0,阴,小雨,300,150.0,农业抗旱,115.884,29.652,POINT (115.884 29.652),203.0,江西省,九江市,九江县,沙河街镇,matched_within,,,,,,
2022-07-19,14:07,14:10,九江市,濂溪区,火箭弹,2.0,阴,小雨,300,150.0,农业抗旱,115.895,29.704,POINT (115.895 29.704),205.0,江西省,九江市,九江县,赛城湖水产场,matched_within,,,,,,
2022-07-19,15:17,15:19,上饶市,广信区,火箭弹,2.0,阴,小雨,300,150.0,农业抗旱,117.886,28.551,POINT (117.886 28.551),1526.0,江西省,上饶市,上饶县,清水乡,matched_within,,,,,,
2022-07-19,11:36,11:56,九江市,庐山市,烟炉,1.0,阴,小雨,100,50.0,农业抗旱,115.993,29.58,POINT (115.993 29.58),227.0,江西省,九江市,庐山区,牯岭镇,matched_within,,,,,,
2022-07-19,09:00,09:32,鹰潭市,月湖区,烟炉,2.0,阴,小雨,100,50.0,农业抗旱,116.963,28.098,POINT (116.963 28.098),1132.0,江西省,鹰潭市,贵溪市,龙虎山镇,matched_within,,,,,,
2022-07-19,11:35,11:55,九江市,庐山市,烟炉,1.0,阴,小雨,100,50.0,农业抗旱,115.955,29.535,POINT (115.955 29.535),227.0,江西省,九江市,庐山区,牯岭镇,matched_within,,,,,,
2022-07-19,11:23,11:25,九江市,庐山市,火箭弹,3.0,阴,小雨,300,30.0,农业抗旱,115.876,29.422,POINT (115.876 29.422),1248.0,江西省,九江市,星子县,温泉镇,matched_within,,,,,,
2022-07-19,14:30,14:34,上饶市,广丰区,火箭弹,4.0,阴,小雨,300,150.0,农业抗旱,118.196,28.482,POINT (118.196 28.482),133.0,江西省,上饶市,广丰县,下溪镇,matched_within,,,,,,
2022-07-19,09:56,10:11,南昌市,安义县,烟炉,1.0,阴,小雨,90,45.0,农业抗旱,115.675,28.792,POINT (115.675 28.792),391.0,江西省,南昌市,湾里区,太平镇,matched_within,,,,,,
2022-07-19,10:55,11:15,上饶市,广丰区,烟炉,1.0,阴,小雨,100,50.0,农业抗旱,118.259,28.276,POINT (118.259 28.276),1220.0,江西省,上饶市,广丰县,铜钹山镇,matched_within,,,,,,
2022-07-19,11:37,11:57,九江市,庐山市,烟炉,1.0,阴,小雨,100,50.0,农业抗旱,115.956,29.56,POINT (115.956 29.56),227.0,江西省,九江市,庐山区,牯岭镇,matched_within,,,,,,
2022-07-18,23:05,23:06,南昌市,新建区,火箭弹,3.0,阴,小雨,100,50.0,农业抗旱,115.58,28.563,POINT (115.58 28.563),406.0,江西省,南昌市,新建县,西山镇,matched_within,,,,,,
2022-07-18,10:20,10:52,鹰潭市,月湖区,烟炉,2.0,阴,小雨,100,50.0,农业抗旱,116.963,28.098,POINT (116.963 28.098),1132.0,江西省,鹰潭市,贵溪市,龙虎山镇,matched_within,,,,,,
2022-07-18,15:04,15:24,赣州市,赣县区,烟炉,2.0,阴,小雨,100,50.0,农业抗旱,115.209,25.633,POINT (115.209 25.633),1685.0,江西省,赣州市,赣县,韩坊乡,matched_within,,,,,,
2022-07-18,21:16,21:18,九江市,庐山市,火箭弹,3.0,阴,小雨,300,150.0,农业抗旱,115.876,29.422,POINT (115.876 29.422),1248.0,江西省,九江市,星子县,温泉镇,matched_within,,,,,,
2022-07-18,10:38,10:39,鹰潭市,月湖区,火箭弹,1.0,阴,小雨,100,150.0,农业抗旱,117.08,28.449,POINT (117.08 28.449),1133.0,江西省,鹰潭市,贵溪市,塔桥园艺场,matched_within,,,,,,
2022-07-18,21:59,22:35,南昌市,新建区,烟炉,2.0,阴,小雨,80,40.0,改善空气,115.664,28.739,POINT (115.664 28.739),392.0,江西省,南昌市,湾里区,招贤镇,matched_within,,,,,,
2022-07-17,20:45,21:15,上饶市,三清山,烟炉,2.0,阴,小雨,50,5.0,降低火险,118.031,28.93,POINT (118.031 28.93),1221.0,江西省,上饶市,玉山县,枫林街道,matched_within,,,,,,
2022-07-17,20:30,21:15,南昌市,新建区,烟炉,3.0,阴,小雨,70,35.0,农业抗旱,115.664,28.739,POINT (115.664 28.739),392.0,江西省,南昌市,湾里区,招贤镇,matched_within,,,,,,
2022-07-17,21:45,21:46,上饶市,广信区,火箭弹,2.0,小雨,中雨,300,150.0,农业抗旱,117.886,28.551,POINT (117.886 28.551),1526.0,江西省,上饶市,上饶县,清水乡,matched_within,,,,,,
2022-07-17,20:46,20:48,抚州市,东乡区,火箭弹,2.0,阴,小雨,300,150.0,农业抗旱,116.6,28.29,POINT (116.6 28.29),1676.0,江西省,抚州市,东乡县,孝岗镇,matched_within,,,,,,
2022-07-17,11:00,11:20,上饶市,广丰区,烟炉,1.0,阴,小雨,100,50.0,农业抗旱,118.259,28.276,POINT (118.259 28.276),1220.0,江西省,上饶市,广丰县,铜钹山镇,matched_within,,,,,,
2022-07-17,16:48,17:08,景德镇市,昌江区,火箭弹,4.0,阴,小到中雨,300,150.0,农业抗旱,117.133,29.467,POINT (117.133 29.467),1768.0,江西省,景德镇市,浮梁县,黄坛乡,matched_within,,,,,,
2022-07-17,20:23,20:38,南昌市,安义县,烟炉,1.0,阴,小到中雨,110,60.0,农业抗旱,115.675,28.792,POINT (115.675 28.792),391.0,江西省,南昌市,湾里区,太平镇,matched_within,,,,,,
2022-07-17,18:20,18:57,鹰潭市,月湖区,烟炉,2.0,阴,阵雨,100,50.0,农业抗旱,116.963,28.098,POINT (116.963 28.098),1132.0,江西省,鹰潭市,贵溪市,龙虎山镇,matched_within,,,,,,
2022-07-17,20:58,20:59,上饶市,德兴市,火箭弹,2.0,小雨,小到中雨,300,50.0,农业抗旱,117.533,29.292,POINT (117.533 29.292),1520.0,江西省,上饶市,婺源县,赋春镇,matched_within,,,,,,
2022-07-17,23:28,23:30,上饶市,三清山,火箭弹,2.0,小雨,小到中雨,300,50.0,降低火险,118.049,28.85,POINT (118.049 28.85),1221.0,江西省,上饶市,玉山县,枫林街道,matched_within,,,,,,
2022-05-19,18:29,18:32,九江市,濂溪区,火箭弹,2.0,阴,小到中雨,300,150.0,改善空气,115.895,29.704,POINT (115.895 29.704),205.0,江西省,九江市,九江县,赛城湖水产场,matched_within,,,,,,
2022-05-19,19:39,19:54,九江市,庐山市,烟炉,1.0,小雨,小到中雨,100,50.0,改善空气,115.956,29.56,POINT (115.956 29.56),227.0,江西省,九江市,庐山区,牯岭镇,matched_within,,,,,,
2022-05-19,19:42,19:57,九江市,庐山市,烟炉,1.0,小雨,中雨,100,50.0,改善空气,115.955,29.535,POINT (115.955 29.535),227.0,江西省,九江市,庐山区,牯岭镇,matched_within,,,,,,
2022-05-19,19:37,19:52,九江市,庐山市,烟炉,1.0,小雨,中雨,100,50.0,改善空气,115.993,29.58,POINT (115.993 29.58),227.0,江西省,九江市,庐山区,牯岭镇,matched_within,,,,,,
2022-04-25,15:23,15:25,鹰潭市,余江区,火箭弹,4.0,小雨,中雨,300,100.0,其他,116.904,28.194,POINT (116.904 28.194),1505.0,江西省,鹰潭市,余江县,洪湖乡,matched_within,,,,,,
2022-04-25,15:02,15:03,鹰潭市,月湖区,火箭弹,4.0,阴,中雨,30,100.0,农业抗旱,117.08,28.449,POINT (117.08 28.449),1133.0,江西省,鹰潭市,贵溪市,塔桥园艺场,matched_within,,,,,,
2022-04-15,20:44,20:59,上饶市,广信区,烟炉,1.0,小雨,中雨,100,50.0,降低火险,118.013,28.086,POINT (118.013 28.086),1538.0,江西省,上饶市,上饶县,五府山镇,matched_within,,,,,,
2022-04-15,20:12,20:14,上饶市,三清山,火箭弹,4.0,小雨,中雨,50,50.0,降低火险,118.049,28.85,POINT (118.049 28.85),1221.0,江西省,上饶市,玉山县,枫林街道,matched_within,,,,,,
2022-04-15,19:45,19:45,上饶市,广丰区,烟炉,1.0,阴,小雨,100,50.0,农业抗旱,118.259,28.276,POINT (118.259 28.276),1220.0,江西省,上饶市,广丰县,铜钹山镇,matched_within,,,,,,
2022-04-13,10:35,10:50,上饶市,广信区,烟炉,1.0,阴,小雨,100,50.0,降低火险,118.013,28.086,POINT (118.013 28.086),1538.0,江西省,上饶市,上饶县,五府山镇,matched_within,,,,,,
2022-04-13,10:48,11:03,上饶市,三清山,烟炉,1.0,小雨,小到中雨,50,50.0,降低火险,118.031,28.93,POINT (118.031 28.93),1221.0,江西省,上饶市,玉山县,枫林街道,matched_within,,,,,,
2022-04-13,09:39,09:54,吉安市,永丰县,烟炉,1.0,小雨,小到中雨,100,50.0,农业抗旱,115.746,27.113,POINT (115.746 27.113),1664.0,江西省,抚州市,乐安县,罗陂乡,matched_within,,,,,,
2022-04-13,13:00,13:03,上饶市,广丰区,火箭弹,4.0,小雨,中雨,300,150.0,降低火险,118.196,28.482,POINT (118.196 28.482),133.0,江西省,上饶市,广丰县,下溪镇,matched_within,,,,,,
2022-04-13,11:36,11:37,上饶市,广信区,火箭弹,2.0,小雨,小到中雨,300,150.0,降低火险,117.886,28.551,POINT (117.886 28.551),1526.0,江西省,上饶市,上饶县,清水乡,matched_within,,,,,,
2022-03-31,10:43,10:45,九江市,庐山市,火箭弹,4.0,小雨,小到中雨,300,150.0,降低火险,115.876,29.422,POINT (115.876 29.422),1248.0,江西省,九江市,星子县,温泉镇,matched_within,,,,,,
2022-03-30,15:15,15:18,九江市,濂溪区,火箭弹,3.0,阴,小雨,300,150.0,降低火险,115.895,29.704,POINT (115.895 29.704),205.0,江西省,九江市,九江县,赛城湖水产场,matched_within,,,,,,
2022-03-16,18:27,18:58,赣州市,赣县区,烟炉,2.0,阴,小雨,100,50.0,水库增蓄,115.209,25.633,POINT (115.209 25.633),1685.0,江西省,赣州市,赣县,韩坊乡,matched_within,,,,,,
2022-02-16,23:51,23:52,南昌市,新建区,火箭弹,2.0,阴,小雨,150,150.0,改善空气,115.58,28.563,POINT (115.58 28.563),406.0,江西省,南昌市,新建县,西山镇,matched_within,,,,,,
2022-02-16,23:16,23:31,南昌市,安义县,烟炉,1.0,阴,小到中雨,110,65.0,农业抗旱,115.675,28.792,POINT (115.675 28.792),391.0,江西省,南昌市,湾里区,太平镇,matched_within,,,,,,
2022-02-16,19:55,20:25,南昌市,新建区,烟炉,2.0,阴,小雨,20,15.0,改善空气,115.664,28.739,POINT (115.664 28.739),392.0,江西省,南昌市,湾里区,招贤镇,matched_within,,,,,,
2022-01-23,09:47,10:40,南昌市,新建区,烟炉,2.0,阴,小雨,15,15.0,农业抗旱,115.664,28.739,POINT (115.664 28.739),392.0,江西省,南昌市,湾里区,招贤镇,matched_within,,,,,,
2022-01-22,10:50,11:20,南昌市,安义县,烟炉,2.0,阵雨,小到中雨,120,70.0,农业抗旱,115.675,28.792,POINT (115.675 28.792),391.0,江西省,南昌市,湾里区,太平镇,matched_within,,,,,,
2022-01-22,10:31,11:32,南昌市,新建区,烟炉,3.0,阴,阴,15,15.0,农业抗旱,115.664,28.739,POINT (115.664 28.739),392.0,江西省,南昌市,湾里区,招贤镇,matched_within,,,,,,
2022-01-22,10:28,10:30,九江市,濂溪区,火箭弹,4.0,小雨,小到中雨,300,150.0,改善空气,115.895,29.704,POINT (115.895 29.704),205.0,江西省,九江市,九江县,赛城湖水产场,matched_within,,,,,,
2022-01-22,16:29,17:03,南昌市,新建区,烟炉,2.0,小雨,小到中雨,15,15.0,农业抗旱,115.664,28.739,POINT (115.664 28.739),392.0,江西省,南昌市,湾里区,招贤镇,matched_within,,,,,,
2022-01-17,09:52,09:56,抚州市,东乡区,火箭弹,2.0,阴,小雨,300,150.0,水库增蓄,116.6,28.29,POINT (116.6 28.29),1676.0,江西省,抚州市,东乡县,孝岗镇,matched_within,,,,,,
2022-01-17,17:05,17:43,鹰潭市,月湖区,烟炉,2.0,阴,小雨,100,50.0,农业抗旱,116.963,28.098,POINT (116.963 28.098),1132.0,江西省,鹰潭市,贵溪市,龙虎山镇,matched_within,,,,,,
2022-01-16,06:54,07:25,南昌市,新建区,烟炉,2.0,阴,小雨,15,15.0,农业抗旱,115.815,28.841,POINT (115.815 28.841),401.0,江西省,南昌市,新建县,溪霞镇,matched_within,,,,,,
2022-01-16,11:20,11:51,鹰潭市,月湖区,烟炉,2.0,阴,小到中雨,100,50.0,农业抗旱,116.963,28.098,POINT (116.963 28.098),1132.0,江西省,鹰潭市,贵溪市,龙虎山镇,matched_within,,,,,,
2022-01-16,17:06,17:07,萍乡市,湘东区,火箭弹,4.0,阴,小到中雨,300,150.0,改善空气,113.86,27.58,POINT (113.86 27.58),939.0,江西省,萍乡市,安源区,五陂镇,matched_within,,,,,,
2022-01-16,11:34,11:36,抚州市,东乡区,火箭弹,2.0,阴,小雨,200,100.0,农业抗旱,116.6,28.29,POINT (116.6 28.29),1676.0,江西省,抚州市,东乡县,孝岗镇,matched_within,,,,,,
2022-01-16,11:25,11:26,鹰潭市,月湖区,火箭弹,3.0,阴,小到中雨,300,150.0,农业抗旱,117.08,28.449,POINT (117.08 28.449),1133.0,江西省,鹰潭市,贵溪市,塔桥园艺场,matched_within,,,,,,
2022-01-16,09:24,09:54,南昌市,安义县,烟炉,2.0,阴,小雨,115,55.0,农业抗旱,115.675,28.792,POINT (115.675 28.792),391.0,江西省,南昌市,湾里区,太平镇,matched_within,,,,,,
2022-01-16,15:00,15:15,吉安市,永丰县,烟炉,1.0,小雨,小到中雨,100,50.0,改善空气,115.746,27.113,POINT (115.746 27.113),1664.0,江西省,抚州市,乐安县,罗陂乡,matched_within,,,,,,
2022-01-15,23:15,23:16,南昌市,新建区,火箭弹,2.0,阴,小雨,200,100.0,农业抗旱,115.58,28.563,POINT (115.58 28.563),406.0,江西省,南昌市,新建县,西山镇,matched_within,,,,,,
2022-01-14,11:00,11:02,九江市,柴桑区,火箭弹,2.0,阴,小雨,300,150.0,改善空气,115.884,29.652,POINT (115.884 29.652),203.0,江西省,九江市,九江县,沙河街镇,matched_within,,,,,,
2022-01-10,17:44,18:15,南昌市,新建区,烟炉,2.0,小雨,小到中雨,15,15.0,农业抗旱,115.664,28.739,POINT (115.664 28.739),392.0,江西省,南昌市,湾里区,招贤镇,matched_within,,,,,,
2022-01-10,15:13,15:15,九江市,濂溪区,火箭弹,2.0,阴,小雨,300,150.0,改善空气,115.895,29.704,POINT (115.895 29.704),205.0,江西省,九江市,九江县,赛城湖水产场,matched_within,,,,,,
2022-01-10,17:40,18:10,南昌市,安义县,烟炉,2.0,阴,小雨,110,60.0,农业抗旱,115.675,28.792,POINT (115.675 28.792),391.0,江西省,南昌市,湾里区,太平镇,matched_within,,,,,,
2022-01-08,17:45,18:00,九江市,庐山市,烟炉,1.0,阴,小雨,100,50.0,改善空气,115.956,29.56,POINT (115.956 29.56),227.0,江西省,九江市,庐山区,牯岭镇,matched_within,,,,,,
2022-01-08,18:40,18:55,九江市,武宁县,烟炉,1.0,小雨,中到大雨,100,50.0,农业抗旱,115.192,29.492,POINT (115.192 29.492),1625.0,江西省,九江市,瑞昌市,乐园乡,matched_within,,,,,,
2022-01-08,18:10,18:40,鹰潭市,月湖区,烟炉,2.0,阴,小雨,100,50.0,农业抗旱,116.963,28.098,POINT (116.963 28.098),1132.0,江西省,鹰潭市,贵溪市,龙虎山镇,matched_within,,,,,,
2022-01-08,17:45,18:00,九江市,庐山市,烟炉,1.0,阴,小雨,100,50.0,改善空气,115.955,29.535,POINT (115.955 29.535),227.0,江西省,九江市,庐山区,牯岭镇,matched_within,,,,,,
2022-01-08,17:45,18:00,九江市,庐山市,烟炉,1.0,阴,小雨,100,50.0,改善空气,115.993,29.58,POINT (115.993 29.58),227.0,江西省,九江市,庐山区,牯岭镇,matched_within,,,,,,
2022-01-05,07:01,07:32,南昌市,新建区,烟炉,2.0,小雨,小到中雨,15,15.0,农业抗旱,115.664,28.739,POINT (115.664 28.739),392.0,江西省,南昌市,湾里区,招贤镇,matched_within,,,,,,
2022-01-05,06:36,07:06,南昌市,安义县,烟炉,2.0,阵雨,小到中雨,110,65.0,农业抗旱,115.675,28.792,POINT (115.675 28.792),391.0,江西省,南昌市,湾里区,太平镇,matched_within,,,,,,
2022-01-05,10:03,10:04,鹰潭市,月湖区,火箭弹,3.0,小雨,小到中雨,300,150.0,农业抗旱,117.08,28.449,POINT (117.08 28.449),1133.0,江西省,鹰潭市,贵溪市,塔桥园艺场,matched_within,,,,,,
2022-01-05,09:07,09:22,上饶市,弋阳县,烟炉,1.0,阴,小雨,100,50.0,农业抗旱,117.26,28.61,POINT (117.26 28.61),1461.0,江西省,鹰潭市,贵溪市,三县岭林场,matched_within,,,,,,
2022-01-05,10:20,10:50,鹰潭市,月湖区,烟炉,2.0,小雨,小到中雨,100,50.0,农业抗旱,116.963,28.098,POINT (116.963 28.098),1132.0,江西省,鹰潭市,贵溪市,龙虎山镇,matched_within,,,,,,
2022-01-05,17:00,17:15,上饶市,广信区,烟炉,1.0,阴,小雨,100,50.0,降低火险,118.013,28.086,POINT (118.013 28.086),1538.0,江西省,上饶市,上饶县,五府山镇,matched_within,,,,,,
2022-01-05,09:17,09:19,抚州市,东乡区,火箭弹,2.0,小雨,小到中雨,100,50.0,农业抗旱,116.6,28.29,POINT (116.6 28.29),1676.0,江西省,抚州市,东乡县,孝岗镇,matched_within,,,,,,
2022-01-05,15:45,15:50,上饶市,广丰区,火箭弹,1.0,阴,小雨,300,150.0,改善空气,118.196,28.482,POINT (118.196 28.482),133.0,江西省,上饶市,广丰县,下溪镇,matched_within,,,,,,
2022-01-04,23:28,23:30,九江市,濂溪区,火箭弹,4.0,阴,小雨,300,150.0,农业抗旱,115.895,29.704,POINT (115.895 29.704),205.0,江西省,九江市,九江县,赛城湖水产场,matched_within,,,,,,
2023-12-30,09:10,09:40,南昌市,新建区,烟炉,2.0,阴,小雨,75,25.0,农业抗旱,115.664,28.739,POINT (115.664 28.739),392.0,江西省,南昌市,湾里区,招贤镇,matched_within,,,,,,
2023-12-19,01:03,01:06,萍乡市,湘东区,火箭弹,2.0,阴,小雨,150,50.0,改善空气,113.86,27.58,POINT (113.86 27.58),939.0,江西省,萍乡市,安源区,五陂镇,matched_within,,,,,,
2023-12-19,14:37,14:52,赣州市,赣县区,烟炉,1.0,阴,小雨,75,25.0,改善空气,115.33,26.045,POINT (115.33 26.045),1728.0,江西省,赣州市,赣县,三溪乡,matched_within,,,,,,
2023-12-18,11:52,11:57,南昌市,新建区,烟炉,1.0,阴,阴,50,25.0,农业抗旱,115.664,28.739,POINT (115.664 28.739),392.0,江西省,南昌市,湾里区,招贤镇,matched_within,,,,,,
2023-12-18,14:52,15:23,赣州市,赣县区,烟炉,2.0,阴,小雨,75,25.0,农业抗旱,115.1,26.176,POINT (115.1 26.176),1371.0,江西省,赣州市,赣县,田村镇,matched_within,,,,,,
2023-12-18,14:54,15:09,南昌市,安义县,烟炉,1.0,阴,小雨,50,25.0,农业抗旱,115.675,28.792,POINT (115.675 28.792),391.0,江西省,南昌市,湾里区,太平镇,matched_within,,,,,,
2023-12-16,10:23,10:24,鹰潭市,月湖区,火箭弹,2.0,阴,小雨,30,10.0,农业抗旱,117.068,28.449,POINT (117.068 28.449),1133.0,江西省,鹰潭市,贵溪市,塔桥园艺场,matched_within,,,,,,
2023-12-15,05:50,06:05,南昌市,新建区,烟炉,1.0,阴,小雨,75,25.0,农业抗旱,115.664,28.739,POINT (115.664 28.739),392.0,江西省,南昌市,湾里区,招贤镇,matched_within,,,,,,
2023-12-15,05:56,06:11,南昌市,安义县,烟炉,1.0,阴,小雨,50,25.0,农业抗旱,115.675,28.792,POINT (115.675 28.792),391.0,江西省,南昌市,湾里区,太平镇,matched_within,,,,,,
2023-12-15,22:56,23:01,赣州市,赣县区,烟炉,1.0,阴,小雨,75,25.0,农业抗旱,115.1,26.176,POINT (115.1 26.176),1371.0,江西省,赣州市,赣县,田村镇,matched_within,,,,,,
2023-12-15,19:00,19:02,萍乡市,湘东区,火箭弹,2.0,阴,阴,150,50.0,农业抗旱,113.86,27.58,POINT (113.86 27.58),939.0,江西省,萍乡市,安源区,五陂镇,matched_within,,,,,,
2023-12-15,18:02,18:17,南昌市,安义县,烟炉,1.0,阴,小雨,50,25.0,农业抗旱,115.675,28.792,POINT (115.675 28.792),391.0,江西省,南昌市,湾里区,太平镇,matched_within,,,,,,
2023-12-15,21:22,21:27,上饶市,广信区,烟炉,1.0,阴,小雨,50,25.0,改善空气,117.846,28.587,POINT (117.846 28.587),1526.0,江西省,上饶市,上饶县,清水乡,matched_within,,,,,,
2023-12-15,18:20,18:40,上饶市,广丰区,烟炉,1.0,阵雨,小雨,75,25.0,农业抗旱,118.259,28.276,POINT (118.259 28.276),1220.0,江西省,上饶市,广丰县,铜钹山镇,matched_within,,,,,,
2023-12-15,20:53,21:08,南昌市,安义县,烟炉,1.0,阴,小雨,50,25.0,农业抗旱,115.675,28.792,POINT (115.675 28.792),391.0,江西省,南昌市,湾里区,太平镇,matched_within,,,,,,
2023-12-15,20:46,20:51,南昌市,新建区,烟炉,1.0,小雨,小到中雨,50,25.0,农业抗旱,115.664,28.739,POINT (115.664 28.739),392.0,江西省,南昌市,湾里区,招贤镇,matched_within,,,,,,
2023-12-15,17:05,17:15,南昌市,新建区,烟炉,1.0,阴,小雨,50,25.0,农业抗旱,115.664,28.739,POINT (115.664 28.739),392.0,江西省,南昌市,湾里区,招贤镇,matched_within,,,,,,
2023-12-15,16:58,17:13,上饶市,广信区,烟炉,1.0,阴,小雨,50,25.0,改善空气,118.153,28.13,POINT (118.153 28.13),1538.0,江西省,上饶市,上饶县,五府山镇,matched_within,,,,,,
2023-12-14,22:13,22:15,九江市,濂溪区,火箭弹,4.0,阴,小雨,150,50.0,降低火险,116.065,29.694,POINT (116.065 29.694),189.0,江西省,九江市,庐山区,虞家河乡,matched_within,,,,,,
2023-12-11,21:28,21:43,南昌市,新建区,烟炉,1.0,阴,小雨,75,25.0,降低火险,115.664,28.739,POINT (115.664 28.739),392.0,江西省,南昌市,湾里区,招贤镇,matched_within,,,,,,
2023-12-11,03:15,03:17,萍乡市,湘东区,火箭弹,2.0,阴,阴,150,25.0,农业抗旱,113.86,27.58,POINT (113.86 27.58),939.0,江西省,萍乡市,安源区,五陂镇,matched_within,,,,,,
2023-12-11,12:29,12:44,上饶市,三清山,烟炉,1.0,阴,小雨,50,25.0,降低火险,118.031,28.93,POINT (118.031 28.93),1221.0,江西省,上饶市,玉山县,枫林街道,matched_within,,,,,,
2023-12-10,11:19,11:34,南昌市,新建区,烟炉,1.0,阴,小雨,50,25.0,降低火险,115.664,28.739,POINT (115.664 28.739),392.0,江西省,南昌市,湾里区,招贤镇,matched_within,,,,,,
2023-12-10,11:20,11:35,南昌市,安义县,烟炉,1.0,阴,小雨,50,25.0,农业抗旱,115.675,28.792,POINT (115.675 28.792),391.0,江西省,南昌市,湾里区,太平镇,matched_within,,,,,,
2023-12-10,14:38,14:53,南昌市,安义县,烟炉,1.0,阴,小雨,50,25.0,农业抗旱,115.675,28.792,POINT (115.675 28.792),391.0,江西省,南昌市,湾里区,太平镇,matched_within,,,,,,
2023-12-10,22:37,22:39,九江市,柴桑区,火箭弹,2.0,小雨,中雨,150,50.0,农业抗旱,115.84,29.61,POINT (115.84 29.61),200.0,江西省,九江市,九江县,狮子镇,matched_within,,,,,,
2023-12-10,14:40,14:55,南昌市,新建区,烟炉,1.0,阴,小雨,50,25.0,降低火险,115.664,28.739,POINT (115.664 28.739),392.0,江西省,南昌市,湾里区,招贤镇,matched_within,,,,,,
2023-12-10,15:48,15:50,九江市,濂溪区,火箭弹,4.0,阴,小雨,150,50.0,降低火险,116.065,29.694,POINT (116.065 29.694),189.0,江西省,九江市,庐山区,虞家河乡,matched_within,,,,,,
2023-12-09,10:42,10:58,赣州市,赣县区,烟炉,1.0,阴,小雨,50,25.0,改善空气,115.1,26.176,POINT (115.1 26.176),1371.0,江西省,赣州市,赣县,田村镇,matched_within,,,,,,
2023-12-09,10:59,11:15,赣州市,赣县区,烟炉,1.0,阴,小雨,50,25.0,农业抗旱,115.209,25.633,POINT (115.209 25.633),1685.0,江西省,赣州市,赣县,韩坊乡,matched_within,,,,,,
2023-12-09,04:11,04:26,赣州市,赣县区,烟炉,1.0,阴,阴,50,25.0,重大活动保障,115.014,25.758,POINT (115.014 25.758),1394.0,江西省,赣州市,章贡区,沙石镇,matched_within,,,,,,
2023-12-09,06:36,06:51,赣州市,赣县区,烟炉,1.0,阴,小雨,50,25.0,农业抗旱,115.014,25.758,POINT (115.014 25.758),1394.0,江西省,赣州市,章贡区,沙石镇,matched_within,,,,,,
2023-12-09,04:05,04:21,赣州市,赣县区,烟炉,1.0,阴,小雨,50,25.0,重大活动保障,115.1,26.176,POINT (115.1 26.176),1371.0,江西省,赣州市,赣县,田村镇,matched_within,,,,,,
2023-12-08,23:53,23:55,萍乡市,湘东区,火箭弹,2.0,阴,阴,150,50.0,农业抗旱,113.86,27.58,POINT (113.86 27.58),939.0,江西省,萍乡市,安源区,五陂镇,matched_within,,,,,,
2023-12-08,22:00,22:02,九江市,庐山市,火箭弹,2.0,阴,小雨,150,50.0,降低火险,116.061,29.451,POINT (116.061 29.451),1249.0,江西省,九江市,星子县,白鹿镇,matched_within,,,,,,
2023-12-08,23:28,23:31,萍乡市,湘东区,火箭弹,2.0,阴,阴,150,50.0,农业抗旱,113.86,27.58,POINT (113.86 27.58),939.0,江西省,萍乡市,安源区,五陂镇,matched_within,,,,,,
2023-12-03,07:01,07:04,萍乡市,湘东区,火箭弹,2.0,阴,小雨,150,50.0,农业抗旱,113.86,27.58,POINT (113.86 27.58),939.0,江西省,萍乡市,安源区,五陂镇,matched_within,,,,,,
2023-12-03,12:18,12:33,南昌市,安义县,烟炉,1.0,阴,小雨,50,25.0,农业抗旱,115.675,28.792,POINT (115.675 28.792),391.0,江西省,南昌市,湾里区,太平镇,matched_within,,,,,,
2023-12-03,23:07,23:22,上饶市,三清山,烟炉,1.0,阴,小雨,75,25.0,降低火险,118.031,28.93,POINT (118.031 28.93),1221.0,江西省,上饶市,玉山县,枫林街道,matched_within,,,,,,
2023-12-02,18:32,18:47,南昌市,新建区,烟炉,1.0,阴,小雨,50,25.0,农业抗旱,115.664,28.739,POINT (115.664 28.739),392.0,江西省,南昌市,湾里区,招贤镇,matched_within,,,,,,
2023-12-02,20:37,20:42,赣州市,赣县区,烟炉,2.0,阴,小雨,75,25.0,农业抗旱,115.33,26.045,POINT (115.33 26.045),1728.0,江西省,赣州市,赣县,三溪乡,matched_within,,,,,,
2023-12-02,18:29,18:44,南昌市,安义县,烟炉,1.0,阴,小雨,50,25.0,农业抗旱,115.675,28.792,POINT (115.675 28.792),391.0,江西省,南昌市,湾里区,太平镇,matched_within,,,,,,
2023-11-15,20:35,20:50,南昌市,安义县,烟炉,1.0,阴,阴,75,25.0,农业抗旱,115.675,28.792,POINT (115.675 28.792),391.0,江西省,南昌市,湾里区,太平镇,matched_within,,,,,,
2023-11-15,17:34,17:35,萍乡市,湘东区,火箭弹,2.0,阴,阴,150,50.0,改善空气,113.86,27.58,POINT (113.86 27.58),939.0,江西省,萍乡市,安源区,五陂镇,matched_within,,,,,,
2023-11-15,20:34,20:49,南昌市,新建区,烟炉,1.0,阴,小雨,75,25.0,农业抗旱,115.664,28.739,POINT (115.664 28.739),392.0,江西省,南昌市,湾里区,招贤镇,matched_within,,,,,,
2023-11-15,21:30,21:45,南昌市,安义县,烟炉,1.0,阴,阴,75,25.0,农业抗旱,115.675,28.792,POINT (115.675 28.792),391.0,江西省,南昌市,湾里区,太平镇,matched_within,,,,,,
2023-11-15,21:24,21:39,南昌市,新建区,烟炉,1.0,阴,小雨,75,25.0,农业抗旱,115.664,28.739,POINT (115.664 28.739),392.0,江西省,南昌市,湾里区,招贤镇,matched_within,,,,,,
2023-11-09,09:08,09:23,九江市,武宁县,烟炉,1.0,阴,小雨,75,25.0,农业抗旱,115.192,29.492,POINT (115.192 29.492),1625.0,江西省,九江市,瑞昌市,乐园乡,matched_within,,,,,,
2023-11-09,08:19,08:21,九江市,庐山市,火箭弹,2.0,小雨,中到大雨,150,50.0,农业抗旱,115.876,29.422,POINT (115.876 29.422),1248.0,江西省,九江市,星子县,温泉镇,matched_within,,,,,,
2023-11-09,10:43,10:50,九江市,武宁县,火箭弹,4.0,阴,小到中雨,75,50.0,农业抗旱,114.752,29.084,POINT (114.752 29.084),1432.0,江西省,九江市,修水县,庙岭乡,matched_within,,,,,,
2023-11-09,06:35,06:50,九江市,武宁县,烟炉,1.0,阴,阴,75,25.0,农业抗旱,115.192,29.492,POINT (115.192 29.492),1625.0,江西省,九江市,瑞昌市,乐园乡,matched_within,,,,,,
2023-11-08,16:03,16:32,抚州市,乐安县,烟炉,2.0,小雨,中雨,150,25.0,农业抗旱,115.418,27.568,POINT (115.418 27.568),33.0,江西省,吉安市,峡江县,马埠镇,matched_within,,,,,,
2023-11-08,06:30,06:45,上饶市,三清山,烟炉,1.0,阴,小雨,75,25.0,降低火险,118.031,28.93,POINT (118.031 28.93),1221.0,江西省,上饶市,玉山县,枫林街道,matched_within,,,,,,
2023-11-05,15:50,15:59,九江市,柴桑区,火箭弹,4.0,小雨,大雨,150,50.0,改善空气,115.84,29.61,POINT (115.84 29.61),200.0,江西省,九江市,九江县,狮子镇,matched_within,,,,,,
2023-11-05,20:18,20:23,南昌市,新建区,烟炉,1.0,阴,小雨,75,25.0,改善空气,115.664,28.739,POINT (115.664 28.739),392.0,江西省,南昌市,湾里区,招贤镇,matched_within,,,,,,
2023-10-27,12:22,12:23,九江市,柴桑区,火箭弹,2.0,阴,小雨,150,50.0,改善空气,115.84,29.61,POINT (115.84 29.61),200.0,江西省,九江市,九江县,狮子镇,matched_within,,,,,,
2023-10-26,19:23,19:37,赣州市,赣县区,烟炉,1.0,阴,小雨,75,25.0,农业抗旱,115.1,26.176,POINT (115.1 26.176),1371.0,江西省,赣州市,赣县,田村镇,matched_within,,,,,,
2023-10-25,17:31,17:46,南昌市,安义县,烟炉,1.0,阴,小雨,75,25.0,农业抗旱,115.675,28.792,POINT (115.675 28.792),391.0,江西省,南昌市,湾里区,太平镇,matched_within,,,,,,
2023-10-25,16:30,16:45,南昌市,新建区,烟炉,1.0,阴,小雨,75,25.0,改善空气,115.664,28.739,POINT (115.664 28.739),392.0,江西省,南昌市,湾里区,招贤镇,matched_within,,,,,,
2023-10-25,21:53,22:08,九江市,武宁县,烟炉,1.0,阴,阴,75,25.0,农业抗旱,115.192,29.492,POINT (115.192 29.492),1625.0,江西省,九江市,瑞昌市,乐园乡,matched_within,,,,,,
2023-10-25,21:50,21:55,南昌市,新建区,烟炉,1.0,阴,小雨,75,25.0,农业抗旱,115.664,28.739,POINT (115.664 28.739),392.0,江西省,南昌市,湾里区,招贤镇,matched_within,,,,,,
2023-10-19,06:32,07:02,南昌市,安义县,烟炉,2.0,小雨,中雨,75,25.0,降低火险,115.675,28.792,POINT (115.675 28.792),391.0,江西省,南昌市,湾里区,太平镇,matched_within,,,,,,
2023-10-19,13:15,13:30,上饶市,三清山,烟炉,1.0,阴,小雨,75,25.0,降低火险,118.031,28.93,POINT (118.031 28.93),1221.0,江西省,上饶市,玉山县,枫林街道,matched_within,,,,,,
2023-10-19,8:11,8:16,南昌市,安义县,烟炉,2.0,小雨,中雨,75,25.0,农业抗旱,115.675,28.792,POINT (115.675 28.792),391.0,江西省,南昌市,湾里区,太平镇,matched_within,,,,,,
2023-10-11,22:13,22:28,南昌市,安义县,烟炉,1.0,阴,阵雨,75,25.0,农业抗旱,115.675,28.792,POINT (115.675 28.792),391.0,江西省,南昌市,湾里区,太平镇,matched_within,,,,,,
2023-10-09,09:32,09:46,南昌市,安义县,烟炉,1.0,阴,阴,75,25.0,降低火险,115.675,28.792,POINT (115.675 28.792),391.0,江西省,南昌市,湾里区,太平镇,matched_within,,,,,,
2023-10-08,03:11,03:25,赣州市,赣县区,烟炉,1.0,阴,小雨,75,25.0,农业抗旱,115.1,26.176,POINT (115.1 26.176),1371.0,江西省,赣州市,赣县,田村镇,matched_within,,,,,,
2023-10-08,07:41,07:56,赣州市,赣县区,烟炉,1.0,阴,小雨,75,25.0,农业抗旱,115.014,25.758,POINT (115.014 25.758),1394.0,江西省,赣州市,章贡区,沙石镇,matched_within,,,,,,
2023-10-08,07:41,07:56,赣州市,赣县区,烟炉,1.0,阴,阴,75,25.0,农业抗旱,115.33,26.045,POINT (115.33 26.045),1728.0,江西省,赣州市,赣县,三溪乡,matched_within,,,,,,
2023-10-08,03:05,03:20,赣州市,赣县区,烟炉,1.0,阴,小雨,75,25.0,农业抗旱,115.33,26.045,POINT (115.33 26.045),1728.0,江西省,赣州市,赣县,三溪乡,matched_within,,,,,,
2023-10-07,19:15,19:29,南昌市,安义县,烟炉,1.0,阴,阵雨,75,25.0,农业抗旱,115.675,28.792,POINT (115.675 28.792),391.0,江西省,南昌市,湾里区,太平镇,matched_within,,,,,,
2023-10-01,10:38,10:40,九江市,庐山市,火箭弹,2.0,阴,小雨,150,50.0,农业抗旱,116.061,29.451,POINT (116.061 29.451),1249.0,江西省,九江市,星子县,白鹿镇,matched_within,,,,,,
2023-10-01,07:25,07:55,南昌市,安义县,烟炉,2.0,阴,小雨,75,25.0,农业抗旱,115.675,28.792,POINT (115.675 28.792),391.0,江西省,南昌市,湾里区,太平镇,matched_within,,,,,,
2023-09-20,15:55,16:10,南昌市,安义县,烟炉,1.0,小雨,中雨,75,25.0,农业抗旱,115.675,28.792,POINT (115.675 28.792),391.0,江西省,南昌市,湾里区,太平镇,matched_within,,,,,,
2023-09-20,16:41,16:56,南昌市,安义县,烟炉,1.0,小雨,中雨,75,25.0,农业抗旱,115.675,28.792,POINT (115.675 28.792),391.0,江西省,南昌市,湾里区,太平镇,matched_within,,,,,,
2023-09-14,07:03,07:18,南昌市,安义县,烟炉,1.0,小雨,小到中雨,75,25.0,农业抗旱,115.675,28.792,POINT (115.675 28.792),391.0,江西省,南昌市,湾里区,太平镇,matched_within,,,,,,
2023-09-13,23:45,23:46,南昌市,新建区,火箭弹,4.0,阴,小雨,150,50.0,水库增蓄,115.596,28.612,POINT (115.596 28.612),406.0,江西省,南昌市,新建县,西山镇,matched_within,,,,,,
2023-09-13,16:06,16:08,九江市,庐山市,火箭弹,2.0,小雨,中雨,150,50.0,农业抗旱,115.901,29.341,POINT (115.901 29.341),1247.0,江西省,九江市,星子县,横塘镇,matched_within,,,,,,
2023-09-12,17:34,17:37,九江市,庐山市,火箭弹,2.0,阴,中雨,150,50.0,农业抗旱,115.876,29.422,POINT (115.876 29.422),1248.0,江西省,九江市,星子县,温泉镇,matched_within,,,,,,
2023-09-12,17:59,18:14,南昌市,新建区,烟炉,1.0,阴,小雨,75,25.0,农业抗旱,115.664,28.739,POINT (115.664 28.739),392.0,江西省,南昌市,湾里区,招贤镇,matched_within,,,,,,
2023-09-12,17:36,17:48,南昌市,安义县,烟炉,1.0,阴,小雨,75,25.0,农业抗旱,115.675,28.792,POINT (115.675 28.792),391.0,江西省,南昌市,湾里区,太平镇,matched_within,,,,,,
2023-09-12,16:45,17:00,上饶市,广信区,烟炉,1.0,阴,小雨,75,25.0,改善空气,118.013,28.086,POINT (118.013 28.086),1538.0,江西省,上饶市,上饶县,五府山镇,matched_within,,,,,,
2023-09-12,23:43,23:44,南昌市,新建区,火箭弹,4.0,阴,小雨,150,50.0,农业抗旱,115.58,28.563,POINT (115.58 28.563),406.0,江西省,南昌市,新建县,西山镇,matched_within,,,,,,
2023-08-28,01:10,01:12,南昌市,新建区,火箭弹,4.0,阴,小到中雨,150,50.0,农业抗旱,115.596,28.612,POINT (115.596 28.612),406.0,江西省,南昌市,新建县,西山镇,matched_within,,,,,,
2023-08-27,22:30,22:45,南昌市,新建区,烟炉,1.0,阴,小雨,75,25.0,农业抗旱,115.664,28.739,POINT (115.664 28.739),392.0,江西省,南昌市,湾里区,招贤镇,matched_within,,,,,,
2023-08-27,21:32,21:34,南昌市,新建区,火箭弹,4.0,阴,小到中雨,150,50.0,农业抗旱,115.596,28.612,POINT (115.596 28.612),406.0,江西省,南昌市,新建县,西山镇,matched_within,,,,,,
2023-08-27,10:38,10:40,九江市,庐山市,火箭弹,2.0,阴,小雨,150,50.0,农业抗旱,115.876,29.422,POINT (115.876 29.422),1248.0,江西省,九江市,星子县,温泉镇,matched_within,,,,,,
2023-08-27,20:31,21:08,南昌市,安义县,烟炉,2.0,阴,阴,75,25.0,农业抗旱,115.675,28.792,POINT (115.675 28.792),391.0,江西省,南昌市,湾里区,太平镇,matched_within,,,,,,
2023-08-27,19:15,19:30,南昌市,新建区,烟炉,1.0,阴,小雨,75,25.0,农业抗旱,115.664,28.739,POINT (115.664 28.739),392.0,江西省,南昌市,湾里区,招贤镇,matched_within,,,,,,
2023-08-26,11:52,12:07,南昌市,安义县,烟炉,1.0,阴,阴,75,25.0,农业抗旱,115.675,28.792,POINT (115.675 28.792),391.0,江西省,南昌市,湾里区,太平镇,matched_within,,,,,,
2023-08-22,15:33,15:35,鹰潭市,月湖区,火箭弹,3.0,阴,中到大雨,150,50.0,农业抗旱,117.056,28.299,POINT (117.056 28.299),1128.0,江西省,鹰潭市,贵溪市,江北街道,matched_within,,,,,,
2023-08-21,19:51,20:06,南昌市,新建区,烟炉,1.0,阴,小雨,75,25.0,农业抗旱,115.664,28.739,POINT (115.664 28.739),392.0,江西省,南昌市,湾里区,招贤镇,matched_within,,,,,,
2023-08-21,18:58,19:13,南昌市,安义县,烟炉,1.0,阴,小雨,75,25.0,农业抗旱,115.675,28.792,POINT (115.675 28.792),391.0,江西省,南昌市,湾里区,太平镇,matched_within,,,,,,
2023-08-21,15:52,15:53,鹰潭市,月湖区,火箭弹,2.0,阴,阵雨,150,50.0,农业抗旱,117.056,28.299,POINT (117.056 28.299),1128.0,江西省,鹰潭市,贵溪市,江北街道,matched_within,,,,,,
2023-08-20,22:59,23:02,上饶市,广丰区,火箭弹,2.0,小雨,小到中雨,150,50.0,农业抗旱,118.292,28.117,POINT (118.292 28.117),1220.0,江西省,上饶市,广丰县,铜钹山镇,matched_within,,,,,,
2023-08-20,21:29,21:31,上饶市,广丰区,火箭弹,2.0,小雨,小到中雨,150,50.0,农业抗旱,118.292,28.117,POINT (118.292 28.117),1220.0,江西省,上饶市,广丰县,铜钹山镇,matched_within,,,,,,
2023-08-20,15:34,15:49,南昌市,安义县,烟炉,1.0,阴,小雨,75,25.0,农业抗旱,115.675,28.792,POINT (115.675 28.792),391.0,江西省,南昌市,湾里区,太平镇,matched_within,,,,,,
2023-08-19,16:23,16:25,上饶市,广丰区,火箭弹,2.0,小雨,中雨,150,50.0,农业抗旱,118.292,28.117,POINT (118.292 28.117),1220.0,江西省,上饶市,广丰县,铜钹山镇,matched_within,,,,,,
2023-08-19,14:46,15:03,上饶市,广信区,烟炉,1.0,阴,小到中雨,75,25.0,水库增蓄,118.013,28.086,POINT (118.013 28.086),1538.0,江西省,上饶市,上饶县,五府山镇,matched_within,,,,,,
2023-08-16,06:55,07:10,南昌市,新建区,烟炉,1.0,阴,小雨,75,25.0,农业抗旱,115.664,28.739,POINT (115.664 28.739),392.0,江西省,南昌市,湾里区,招贤镇,matched_within,,,,,,
2023-08-16,06:54,07:09,南昌市,安义县,烟炉,1.0,阴,小雨,75,25.0,农业抗旱,115.675,28.792,POINT (115.675 28.792),391.0,江西省,南昌市,湾里区,太平镇,matched_within,,,,,,
2023-08-15,10:59,11:15,上饶市,广信区,烟炉,1.0,阴,小雨,75,25.0,水库增蓄,118.013,28.086,POINT (118.013 28.086),1538.0,江西省,上饶市,上饶县,五府山镇,matched_within,,,,,,
2023-08-14,19:23,19:24,九江市,庐山市,火箭弹,2.0,小雨,中到大雨,150,50.0,农业抗旱,115.876,29.422,POINT (115.876 29.422),1248.0,江西省,九江市,星子县,温泉镇,matched_within,,,,,,
2023-08-14,16:27,16:42,南昌市,新建区,烟炉,1.0,阴,小雨,75,25.0,农业抗旱,115.664,28.739,POINT (115.664 28.739),392.0,江西省,南昌市,湾里区,招贤镇,matched_within,,,,,,
2023-08-13,10:20,10:35,南昌市,新建区,烟炉,1.0,阴,小雨,75,25.0,农业抗旱,115.664,28.739,POINT (115.664 28.739),392.0,江西省,南昌市,湾里区,招贤镇,matched_within,,,,,,
2023-08-13,11:23,11:38,南昌市,安义县,烟炉,1.0,阴,阴,75,25.0,农业抗旱,115.675,28.792,POINT (115.675 28.792),391.0,江西省,南昌市,湾里区,太平镇,matched_within,,,,,,
2023-08-13,17:46,17:48,抚州市,东乡区,火箭弹,2.0,阴,小雨,150,50.0,农业抗旱,116.6,28.29,POINT (116.6 28.29),1676.0,江西省,抚州市,东乡县,孝岗镇,matched_within,,,,,,
2023-08-12,18:58,19:13,上饶市,广信区,烟炉,1.0,阴,小雨,75,25.0,水库增蓄,118.153,28.13,POINT (118.153 28.13),1538.0,江西省,上饶市,上饶县,五府山镇,matched_within,,,,,,
2023-08-12,18:49,19:05,上饶市,广信区,烟炉,1.0,阴,小雨,75,25.0,水库增蓄,117.846,28.587,POINT (117.846 28.587),1526.0,江西省,上饶市,上饶县,清水乡,matched_within,,,,,,
2023-08-09,09:22,09:37,南昌市,新建区,烟炉,1.0,阴,小雨,75,25.0,农业抗旱,115.664,28.739,POINT (115.664 28.739),392.0,江西省,南昌市,湾里区,招贤镇,matched_within,,,,,,
2023-08-09,09:06,09:20,南昌市,安义县,烟炉,1.0,阴,小雨,75,25.0,农业抗旱,115.675,28.792,POINT (115.675 28.792),391.0,江西省,南昌市,湾里区,太平镇,matched_within,,,,,,
2023-08-09,09:51,10:06,南昌市,安义县,烟炉,1.0,阴,小雨,75,25.0,农业抗旱,115.675,28.792,POINT (115.675 28.792),391.0,江西省,南昌市,湾里区,太平镇,matched_within,,,,,,
2023-08-09,14:30,14:45,鹰潭市,余江区,烟炉,1.0,阴,小雨,75,25.0,农业抗旱,117.123,28.546,POINT (117.123 28.546),1162.0,江西省,鹰潭市,余江县,高公寨营林场,matched_within,,,,,,
2023-08-09,09:06,9:20,南昌市,安义县,烟炉,1.0,阴,小雨,75,25.0,农业抗旱,115.675,28.792,POINT (115.675 28.792),391.0,江西省,南昌市,湾里区,太平镇,matched_within,,,,,,
2023-08-08,18:34,18:50,赣州市,赣县区,烟炉,1.0,阴,小雨,75,25.0,农业抗旱,115.1,26.176,POINT (115.1 26.176),1371.0,江西省,赣州市,赣县,田村镇,matched_within,,,,,,
2023-08-08,14:15,14:30,吉安市,永丰县,烟炉,1.0,阴,小雨,75,25.0,农业抗旱,115.746,27.113,POINT (115.746 27.113),1664.0,江西省,抚州市,乐安县,罗陂乡,matched_within,,,,,,
2023-08-08,21:53,22:13,上饶市,广信区,烟炉,1.0,阴,小到中雨,75,25.0,水库增蓄,118.153,28.13,POINT (118.153 28.13),1538.0,江西省,上饶市,上饶县,五府山镇,matched_within,,,,,,
2023-08-08,13:43,13:58,南昌市,新建区,烟炉,1.0,阴,小雨,75,25.0,农业抗旱,115.664,28.739,POINT (115.664 28.739),392.0,江西省,南昌市,湾里区,招贤镇,matched_within,,,,,,
2023-08-07,16:30,16:31,鹰潭市,月湖区,火箭弹,2.0,阴,小雨,150,50.0,农业抗旱,117.068,28.449,POINT (117.068 28.449),1133.0,江西省,鹰潭市,贵溪市,塔桥园艺场,matched_within,,,,,,
2023-08-07,18:50,19:06,上饶市,广信区,烟炉,1.0,阴,小雨,75,25.0,水库增蓄,117.846,28.587,POINT (117.846 28.587),1526.0,江西省,上饶市,上饶县,清水乡,matched_within,,,,,,
2023-08-07,13:06,13:11,南昌市,安义县,烟炉,1.0,阴,阴,75,25.0,农业抗旱,115.675,28.792,POINT (115.675 28.792),391.0,江西省,南昌市,湾里区,太平镇,matched_within,,,,,,
2023-08-07,16:20,16:22,九江市,庐山市,火箭弹,2.0,阴,小到中雨,150,50.0,农业抗旱,116.036,29.447,POINT (116.036 29.447),262.0,江西省,九江市,星子县,南康镇,matched_within,,,,,,
2023-08-07,13:59,14:04,南昌市,安义县,烟炉,1.0,阴,阴,75,25.0,农业抗旱,115.675,28.792,POINT (115.675 28.792),391.0,江西省,南昌市,湾里区,太平镇,matched_within,,,,,,
2023-08-07,12:09,12:24,南昌市,新建区,烟炉,1.0,阴,阴,75,25.0,农业抗旱,115.664,28.739,POINT (115.664 28.739),392.0,江西省,南昌市,湾里区,招贤镇,matched_within,,,,,,
2023-08-06,15:01,15:16,南昌市,安义县,烟炉,1.0,阴,小雨,75,25.0,农业抗旱,115.675,28.792,POINT (115.675 28.792),391.0,江西省,南昌市,湾里区,太平镇,matched_within,,,,,,
2023-08-06,12:40,12:55,南昌市,新建区,烟炉,1.0,阴,小雨,75,25.0,农业抗旱,115.664,28.739,POINT (115.664 28.739),392.0,江西省,南昌市,湾里区,招贤镇,matched_within,,,,,,
2023-08-01,12:00,12:15,吉安市,永丰县,烟炉,1.0,阴,小雨,75,25.0,农业抗旱,115.746,27.113,POINT (115.746 27.113),1664.0,江西省,抚州市,乐安县,罗陂乡,matched_within,,,,,,
2023-07-31,12:33,12:48,上饶市,广信区,烟炉,1.0,阴,小雨,75,25.0,农业抗旱,118.013,28.086,POINT (118.013 28.086),1538.0,江西省,上饶市,上饶县,五府山镇,matched_within,,,,,,
2023-07-31,21:45,22:10,南昌市,新建区,烟炉,2.0,阴,小雨,75,25.0,农业抗旱,115.664,28.739,POINT (115.664 28.739),392.0,江西省,南昌市,湾里区,招贤镇,matched_within,,,,,,
2023-07-31,22:19,22:34,南昌市,新建区,烟炉,1.0,小雨,小到中雨,75,25.0,农业抗旱,115.664,28.739,POINT (115.664 28.739),392.0,江西省,南昌市,湾里区,招贤镇,matched_within,,,,,,
2023-07-31,13:39,13:59,上饶市,广丰区,烟炉,1.0,阵雨,中雨,75,25.0,水库增蓄,118.259,28.276,POINT (118.259 28.276),1220.0,江西省,上饶市,广丰县,铜钹山镇,matched_within,,,,,,
2023-07-31,22:19,22:31,南昌市,安义县,烟炉,1.0,阴,小雨,75,25.0,农业抗旱,115.675,28.792,POINT (115.675 28.792),391.0,江西省,南昌市,湾里区,太平镇,matched_within,,,,,,
2023-07-31,17:37,17:52,上饶市,广信区,烟炉,1.0,阴,小雨,75,25.0,农业抗旱,117.846,28.587,POINT (117.846 28.587),1526.0,江西省,上饶市,上饶县,清水乡,matched_within,,,,,,
2023-07-30,18:24,18:29,南昌市,安义县,烟炉,1.0,阴,小到中雨,75,25.0,农业抗旱,115.675,28.792,POINT (115.675 28.792),391.0,江西省,南昌市,湾里区,太平镇,matched_within,,,,,,
2023-07-30,16:18,16:33,南昌市,新建区,烟炉,1.0,阴,小雨,75,25.0,农业抗旱,115.664,28.739,POINT (115.664 28.739),392.0,江西省,南昌市,湾里区,招贤镇,matched_within,,,,,,
2023-07-29,13:09,13:24,南昌市,安义县,烟炉,1.0,阴,阴,75,25.0,农业抗旱,115.675,28.792,POINT (115.675 28.792),391.0,江西省,南昌市,湾里区,太平镇,matched_within,,,,,,
2023-07-29,15:46,15:48,九江市,庐山市,火箭弹,2.0,中雨,中到大雨,150,50.0,农业抗旱,116.061,29.451,POINT (116.061 29.451),1249.0,江西省,九江市,星子县,白鹿镇,matched_within,,,,,,
2023-07-29,13:34,13:49,南昌市,新建区,烟炉,1.0,阴,阴,75,25.0,农业抗旱,115.664,28.739,POINT (115.664 28.739),392.0,江西省,南昌市,湾里区,招贤镇,matched_within,,,,,,
2023-07-29,03:32,03:47,南昌市,安义县,烟炉,1.0,阴,阴,75,25.0,农业抗旱,115.675,28.792,POINT (115.675 28.792),391.0,江西省,南昌市,湾里区,太平镇,matched_within,,,,,,
2023-07-29,14:40,15:10,鹰潭市,余江区,烟炉,2.0,小雨,小到中雨,75,25.0,农业抗旱,117.123,28.546,POINT (117.123 28.546),1162.0,江西省,鹰潭市,余江县,高公寨营林场,matched_within,,,,,,
2023-07-29,02:39,02:40,南昌市,新建区,火箭弹,2.0,阴,小到中雨,150,50.0,农业抗旱,115.596,28.612,POINT (115.596 28.612),406.0,江西省,南昌市,新建县,西山镇,matched_within,,,,,,
2023-07-29,02:15,02:30,南昌市,新建区,烟炉,1.0,阴,小雨,75,25.0,农业抗旱,115.664,28.739,POINT (115.664 28.739),392.0,江西省,南昌市,湾里区,招贤镇,matched_within,,,,,,
2023-07-28,17:09,17:25,赣州市,赣县区,烟炉,1.0,阴,小雨,75,25.0,降低火险,115.1,26.176,POINT (115.1 26.176),1371.0,江西省,赣州市,赣县,田村镇,matched_within,,,,,,
2023-07-26,17:03,17:18,上饶市,广信区,烟炉,1.0,阴,小雨,75,25.0,水库增蓄,118.013,28.086,POINT (118.013 28.086),1538.0,江西省,上饶市,上饶县,五府山镇,matched_within,,,,,,
2023-07-25,15:19,15:20,鹰潭市,月湖区,火箭弹,2.0,阴,大雨,150,50.0,农业抗旱,117.056,28.299,POINT (117.056 28.299),1128.0,江西省,鹰潭市,贵溪市,江北街道,matched_within,,,,,,
2023-07-25,14:50,15:10,吉安市,永丰县,烟炉,1.0,小雨,中雨,75,25.0,农业抗旱,115.746,27.113,POINT (115.746 27.113),1664.0,江西省,抚州市,乐安县,罗陂乡,matched_within,,,,,,
2023-07-24,11:40,11:55,上饶市,广信区,烟炉,1.0,阴,小雨,75,25.0,水库增蓄,118.013,28.086,POINT (118.013 28.086),1538.0,江西省,上饶市,上饶县,五府山镇,matched_within,,,,,,
2023-07-24,14:48,15:03,上饶市,广信区,烟炉,1.0,阴,小雨,75,25.0,水库增蓄,118.013,28.086,POINT (118.013 28.086),1538.0,江西省,上饶市,上饶县,五府山镇,matched_within,,,,,,
2023-07-24,17:52,18:07,吉安市,永丰县,烟炉,1.0,阴,小雨,75,25.0,农业抗旱,115.746,27.113,POINT (115.746 27.113),1664.0,江西省,抚州市,乐安县,罗陂乡,matched_within,,,,,,
2023-07-23,15:14,15:16,上饶市,信州区,火箭弹,2.0,阴,小雨,150,50.0,水库增蓄,118.026,28.132,POINT (118.026 28.132),1538.0,江西省,上饶市,上饶县,五府山镇,matched_within,,,,,,
2023-07-23,07:23,07:53,抚州市,乐安县,烟炉,2.0,小雨,中雨,150,50.0,农业抗旱,115.418,27.568,POINT (115.418 27.568),33.0,江西省,吉安市,峡江县,马埠镇,matched_within,,,,,,
2023-07-23,14:41,14:56,赣州市,赣县区,烟炉,1.0,阴,小雨,75,25.0,农业抗旱,115.1,26.176,POINT (115.1 26.176),1371.0,江西省,赣州市,赣县,田村镇,matched_within,,,,,,
2023-07-23,01:11,01:13,南昌市,新建区,火箭弹,4.0,小雨,中雨,150,50.0,农业抗旱,115.644,28.364,POINT (115.644 28.364),1276.0,江西省,南昌市,新建县,松湖镇,matched_within,,,,,,
2023-07-23,11:25,11:38,南昌市,安义县,烟炉,1.0,阴,小雨,75,25.0,农业抗旱,115.675,28.792,POINT (115.675 28.792),391.0,江西省,南昌市,湾里区,太平镇,matched_within,,,,,,
2023-07-23,12:31,12:46,南昌市,新建区,烟炉,1.0,阴,小雨,75,25.0,农业抗旱,115.664,28.739,POINT (115.664 28.739),392.0,江西省,南昌市,湾里区,招贤镇,matched_within,,,,,,
2023-07-23,13:30,13:31,上饶市,广信区,火箭弹,2.0,小雨,中雨,150,50.0,水库增蓄,117.904,28.461,POINT (117.904 28.461),1211.0,江西省,上饶市,上饶县,罗桥街道,matched_within,,,,,,
2023-07-23,13:04,13:19,上饶市,广信区,烟炉,1.0,阴,小雨,75,25.0,水库增蓄,118.013,28.086,POINT (118.013 28.086),1538.0,江西省,上饶市,上饶县,五府山镇,matched_within,,,,,,
2023-07-22,17:38,17:53,上饶市,广信区,烟炉,1.0,阴,中雨,75,25.0,农业抗旱,118.013,28.086,POINT (118.013 28.086),1538.0,江西省,上饶市,上饶县,五府山镇,matched_within,,,,,,
2023-07-22,12:50,13:05,上饶市,广信区,烟炉,1.0,阴,阴,75,25.0,水库增蓄,118.013,28.086,POINT (118.013 28.086),1538.0,江西省,上饶市,上饶县,五府山镇,matched_within,,,,,,
2023-07-22,13:50,14:05,南昌市,新建区,烟炉,1.0,阴,小雨,75,25.0,农业抗旱,115.664,28.739,POINT (115.664 28.739),392.0,江西省,南昌市,湾里区,招贤镇,matched_within,,,,,,
2023-07-22,16:44,16:45,上饶市,广信区,火箭弹,2.0,阴,小雨,150,50.0,水库增蓄,117.933,28.67,POINT (117.933 28.67),1531.0,江西省,上饶市,上饶县,石人乡,matched_within,,,,,,
2023-07-22,18:10,18:25,赣州市,赣县区,烟炉,1.0,阴,小雨,75,25.0,农业抗旱,115.1,26.176,POINT (115.1 26.176),1371.0,江西省,赣州市,赣县,田村镇,matched_within,,,,,,
2023-07-22,18:51,18:52,南昌市,新建区,火箭弹,2.0,阴,小到中雨,150,50.0,农业抗旱,115.596,28.612,POINT (115.596 28.612),406.0,江西省,南昌市,新建县,西山镇,matched_within,,,,,,
2023-07-22,16:47,17:02,鹰潭市,余江区,烟炉,1.0,小到中雨,中到大雨,75,25.0,农业抗旱,117.123,28.546,POINT (117.123 28.546),1162.0,江西省,鹰潭市,余江县,高公寨营林场,matched_within,,,,,,
2023-07-22,15:10,15:25,南昌市,新建区,烟炉,1.0,阴,小雨,75,25.0,农业抗旱,115.664,28.739,POINT (115.664 28.739),392.0,江西省,南昌市,湾里区,招贤镇,matched_within,,,,,,
2023-07-22,19:05,19:10,南昌市,安义县,烟炉,1.0,阴,小雨,75,25.0,农业抗旱,115.675,28.792,POINT (115.675 28.792),391.0,江西省,南昌市,湾里区,太平镇,matched_within,,,,,,
2023-07-22,18:15,18:18,上饶市,信州区,火箭弹,2.0,小雨,中雨,150,50.0,水库增蓄,118.026,28.132,POINT (118.026 28.132),1538.0,江西省,上饶市,上饶县,五府山镇,matched_within,,,,,,
2023-07-22,14:55,15:20,上饶市,广丰区,烟炉,1.0,阵雨,小雨,75,25.0,农业抗旱,118.259,28.276,POINT (118.259 28.276),1220.0,江西省,上饶市,广丰县,铜钹山镇,matched_within,,,,,,
2023-07-22,14:57,15:12,南昌市,安义县,烟炉,1.0,阴,小雨,75,25.0,农业抗旱,115.675,28.792,POINT (115.675 28.792),391.0,江西省,南昌市,湾里区,太平镇,matched_within,,,,,,
2023-07-22,17:37,17:38,南昌市,新建区,火箭弹,2.0,阴,小到中雨,150,50.0,农业抗旱,115.596,28.612,POINT (115.596 28.612),406.0,江西省,南昌市,新建县,西山镇,matched_within,,,,,,
2023-07-21,16:30,16:45,上饶市,三清山,烟炉,1.0,阴,小到中雨,75,25.0,降低火险,118.031,28.93,POINT (118.031 28.93),1221.0,江西省,上饶市,玉山县,枫林街道,matched_within,,,,,,
2023-07-21,16:01,16:03,上饶市,信州区,火箭弹,2.0,阵雨,小雨,150,50.0,水库增蓄,118.026,28.132,POINT (118.026 28.132),1538.0,江西省,上饶市,上饶县,五府山镇,matched_within,,,,,,
2023-07-21,16:46,17:01,抚州市,崇仁县,烟炉,1.0,阴,小雨,75,25.0,农业抗旱,115.872,27.859,POINT (115.872 27.859),1463.0,江西省,宜春市,丰城市,洛市镇,matched_within,,,,,,
2023-07-21,18:14,18:29,抚州市,乐安县,烟炉,1.0,阴,小雨,75,25.0,农业抗旱,115.418,27.568,POINT (115.418 27.568),33.0,江西省,吉安市,峡江县,马埠镇,matched_within,,,,,,
2023-07-21,13:11,13:26,上饶市,广信区,烟炉,1.0,阴,小雨,75,25.0,水库增蓄,118.013,28.086,POINT (118.013 28.086),1538.0,江西省,上饶市,上饶县,五府山镇,matched_within,,,,,,
2023-07-21,04:10,04:25,上饶市,广信区,烟炉,1.0,阴,小到中雨,75,25.0,水库增蓄,118.013,28.086,POINT (118.013 28.086),1538.0,江西省,上饶市,上饶县,五府山镇,matched_within,,,,,,
2023-07-21,03:44,03:59,上饶市,广信区,烟炉,1.0,小雨,小到中雨,75,25.0,水库增蓄,117.846,28.587,POINT (117.846 28.587),1526.0,江西省,上饶市,上饶县,清水乡,matched_within,,,,,,
2023-07-21,15:12,15:13,鹰潭市,月湖区,火箭弹,3.0,阴,阵雨,150,50.0,农业抗旱,117.056,28.299,POINT (117.056 28.299),1128.0,江西省,鹰潭市,贵溪市,江北街道,matched_within,,,,,,
2023-07-20,18:20,18:35,上饶市,广信区,烟炉,1.0,阴,小雨,75,25.0,水库增蓄,118.013,28.086,POINT (118.013 28.086),1538.0,江西省,上饶市,上饶县,五府山镇,matched_within,,,,,,
2023-07-20,18:00,18:20,上饶市,广丰区,烟炉,1.0,阵雨,小雨,75,25.0,农业抗旱,118.259,28.276,POINT (118.259 28.276),1220.0,江西省,上饶市,广丰县,铜钹山镇,matched_within,,,,,,
2023-07-19,15:13,15:28,上饶市,广信区,烟炉,1.0,小雨,小到中雨,75,25.0,水库增蓄,117.846,28.587,POINT (117.846 28.587),1526.0,江西省,上饶市,上饶县,清水乡,matched_within,,,,,,
2023-07-19,00:23,00:25,九江市,庐山市,火箭弹,2.0,小雨,中雨,150,50.0,水库增蓄,116.036,29.447,POINT (116.036 29.447),262.0,江西省,九江市,星子县,南康镇,matched_within,,,,,,
2023-07-19,12:52,13:07,上饶市,广信区,烟炉,1.0,阴,小雨,75,25.0,水库增蓄,118.013,28.086,POINT (118.013 28.086),1538.0,江西省,上饶市,上饶县,五府山镇,matched_within,,,,,,
2023-07-19,12:08,12:23,上饶市,三清山,烟炉,1.0,阴,小雨,75,25.0,降低火险,118.031,28.93,POINT (118.031 28.93),1221.0,江西省,上饶市,玉山县,枫林街道,matched_within,,,,,,
2023-07-19,12:58,13:13,上饶市,广信区,烟炉,1.0,阴,小雨,75,25.0,水库增蓄,118.153,28.13,POINT (118.153 28.13),1538.0,江西省,上饶市,上饶县,五府山镇,matched_within,,,,,,
2023-07-19,17:18,17:20,萍乡市,湘东区,火箭弹,2.0,阴,小雨,150,50.0,农业抗旱,113.86,27.58,POINT (113.86 27.58),939.0,江西省,萍乡市,安源区,五陂镇,matched_within,,,,,,
2023-07-18,19:38,19:53,上饶市,三清山,烟炉,1.0,小雨,中到大雨,75,25.0,降低火险,118.031,28.93,POINT (118.031 28.93),1221.0,江西省,上饶市,玉山县,枫林街道,matched_within,,,,,,
2023-07-18,16:10,16:25,赣州市,赣县区,烟炉,1.0,阴,小雨,75,25.0,农业抗旱,115.014,25.758,POINT (115.014 25.758),1394.0,江西省,赣州市,章贡区,沙石镇,matched_within,,,,,,
2023-07-18,18:45,18:47,上饶市,广丰区,火箭弹,2.0,小雨,中雨,150,50.0,农业抗旱,118.196,28.482,POINT (118.196 28.482),133.0,江西省,上饶市,广丰县,下溪镇,matched_within,,,,,,
2023-07-18,20:40,20:55,上饶市,广信区,烟炉,1.0,小雨,小到中雨,75,25.0,水库增蓄,117.846,28.587,POINT (117.846 28.587),1526.0,江西省,上饶市,上饶县,清水乡,matched_within,,,,,,
2023-07-18,16:56,16:58,上饶市,信州区,火箭弹,2.0,阴,小雨,150,50.0,水库增蓄,118.026,28.132,POINT (118.026 28.132),1538.0,江西省,上饶市,上饶县,五府山镇,matched_within,,,,,,
2023-07-18,22:11,22:13,萍乡市,安源区,火箭弹,2.0,阴,阴,150,50.0,农业抗旱,113.73,27.65,POINT (113.73 27.65),957.0,江西省,萍乡市,湘东区,湘东镇,matched_within,,,,,,
2023-07-18,17:45,18:00,赣州市,赣县区,烟炉,1.0,阴,小雨,75,25.0,农业抗旱,115.209,25.633,POINT (115.209 25.633),1685.0,江西省,赣州市,赣县,韩坊乡,matched_within,,,,,,
2023-07-18,16:06,16:07,鹰潭市,月湖区,火箭弹,2.0,阴,大雨,150,50.0,农业抗旱,117.023,28.175,POINT (117.023 28.175),1405.0,江西省,鹰潭市,贵溪市,天禄镇,matched_within,,,,,,
2023-07-18,17:01,17:03,抚州市,东乡区,火箭弹,2.0,中雨,大雨,150,50.0,农业抗旱,116.6,28.29,POINT (116.6 28.29),1676.0,江西省,抚州市,东乡县,孝岗镇,matched_within,,,,,,
2023-07-18,13:30,14:01,抚州市,乐安县,烟炉,2.0,阴,阵雨,75,25.0,农业抗旱,115.418,27.568,POINT (115.418 27.568),33.0,江西省,吉安市,峡江县,马埠镇,matched_within,,,,,,
2023-07-18,17:54,18:09,上饶市,广信区,烟炉,1.0,阴,小雨,75,25.0,水库增蓄,117.846,28.587,POINT (117.846 28.587),1526.0,江西省,上饶市,上饶县,清水乡,matched_within,,,,,,
2023-07-17,16:29,16:44,上饶市,三清山,烟炉,1.0,阴,阵雨,75,25.0,降低火险,118.031,28.93,POINT (118.031 28.93),1221.0,江西省,上饶市,玉山县,枫林街道,matched_within,,,,,,
2023-07-17,16:53,16:55,抚州市,东乡区,火箭弹,2.0,小雨,中到大雨,150,50.0,农业抗旱,116.6,28.29,POINT (116.6 28.29),1676.0,江西省,抚州市,东乡县,孝岗镇,matched_within,,,,,,
2023-07-17,15:02,15:17,上饶市,广信区,烟炉,1.0,阴,阵雨,75,25.0,水库增蓄,117.846,28.587,POINT (117.846 28.587),1526.0,江西省,上饶市,上饶县,清水乡,matched_within,,,,,,
2023-07-17,15:01,15:02,上饶市,广信区,火箭弹,2.0,小雨,中雨,150,50.0,水库增蓄,117.828,28.489,POINT (117.828 28.489),1210.0,江西省,上饶市,上饶县,枫岭头镇,matched_within,,,,,,
2023-07-17,10:05,10:06,九江市,柴桑区,火箭弹,2.0,阴,小雨,150,50.0,水库增蓄,115.84,29.61,POINT (115.84 29.61),200.0,江西省,九江市,九江县,狮子镇,matched_within,,,,,,
2023-07-17,19:40,19:55,赣州市,赣县区,烟炉,1.0,阴,小雨,75,25.0,农业抗旱,115.209,25.633,POINT (115.209 25.633),1685.0,江西省,赣州市,赣县,韩坊乡,matched_within,,,,,,
2023-07-17,16:32,16:47,吉安市,永丰县,烟炉,1.0,阴,小雨,75,25.0,农业抗旱,115.746,27.113,POINT (115.746 27.113),1664.0,江西省,抚州市,乐安县,罗陂乡,matched_within,,,,,,
2023-07-17,14:47,14:49,上饶市,信州区,火箭弹,2.0,阵雨,中雨,150,50.0,水库增蓄,118.026,28.132,POINT (118.026 28.132),1538.0,江西省,上饶市,上饶县,五府山镇,matched_within,,,,,,
2023-07-17,13:42,13:57,上饶市,广信区,烟炉,1.0,阴,阴,75,25.0,水库增蓄,118.013,28.086,POINT (118.013 28.086),1538.0,江西省,上饶市,上饶县,五府山镇,matched_within,,,,,,
2023-07-16,18:05,18:20,上饶市,三清山,烟炉,1.0,阴,阵雨,75,25.0,降低火险,118.031,28.93,POINT (118.031 28.93),1221.0,江西省,上饶市,玉山县,枫林街道,matched_within,,,,,,
2023-07-16,16:55,17:10,抚州市,崇仁县,烟炉,1.0,阴,小雨,75,25.0,农业抗旱,115.872,27.859,POINT (115.872 27.859),1463.0,江西省,宜春市,丰城市,洛市镇,matched_within,,,,,,
2023-07-16,14:46,14:50,鹰潭市,余江区,火箭弹,2.0,小雨,小到中雨,75,50.0,农业抗旱,116.904,28.194,POINT (116.904 28.194),1505.0,江西省,鹰潭市,余江县,洪湖乡,matched_within,,,,,,
2023-07-16,19:55,21:35,上饶市,广丰区,烟炉,3.0,小雨,中雨,75,25.0,农业抗旱,118.259,28.276,POINT (118.259 28.276),1220.0,江西省,上饶市,广丰县,铜钹山镇,matched_within,,,,,,
2023-07-16,14:16,14:18,鹰潭市,月湖区,火箭弹,2.0,小雨,中到大雨,150,50.0,农业抗旱,116.942,28.069,POINT (116.942 28.069),1132.0,江西省,鹰潭市,贵溪市,龙虎山镇,matched_within,,,,,,
2023-07-16,19:02,19:03,上饶市,广信区,火箭弹,2.0,小雨,中雨,150,50.0,水库增蓄,117.867,28.709,POINT (117.867 28.709),1536.0,江西省,上饶市,上饶县,郑坊镇,matched_within,,,,,,
2023-07-16,20:09,20:24,上饶市,广信区,烟炉,1.0,阴,小雨,75,25.0,水库增蓄,118.013,28.086,POINT (118.013 28.086),1538.0,江西省,上饶市,上饶县,五府山镇,matched_within,,,,,,
2023-07-16,13:35,13:50,吉安市,永丰县,烟炉,1.0,阴,小雨,75,25.0,农业抗旱,115.746,27.113,POINT (115.746 27.113),1664.0,江西省,抚州市,乐安县,罗陂乡,matched_within,,,,,,
2023-07-16,16:28,16:43,上饶市,广信区,烟炉,1.0,阴,小雨,75,25.0,水库增蓄,117.846,28.587,POINT (117.846 28.587),1526.0,江西省,上饶市,上饶县,清水乡,matched_within,,,,,,
2023-07-16,21:41,21:46,上饶市,广丰区,烟炉,3.0,小雨,中雨,75,25.0,农业抗旱,118.259,28.276,POINT (118.259 28.276),1220.0,江西省,上饶市,广丰县,铜钹山镇,matched_within,,,,,,
2023-07-16,13:36,13:51,赣州市,赣县区,烟炉,1.0,阴,小雨,75,25.0,农业抗旱,115.1,26.176,POINT (115.1 26.176),1371.0,江西省,赣州市,赣县,田村镇,matched_within,,,,,,
2023-07-15,17:14,17:16,上饶市,信州区,火箭弹,2.0,阴,小雨,150,50.0,水库增蓄,118.026,28.132,POINT (118.026 28.132),1538.0,江西省,上饶市,上饶县,五府山镇,matched_within,,,,,,
2023-07-15,15:15,15:30,上饶市,三清山,烟炉,1.0,阴,阵雨,75,25.0,降低火险,118.031,28.93,POINT (118.031 28.93),1221.0,江西省,上饶市,玉山县,枫林街道,matched_within,,,,,,
2023-07-15,17:06,17:21,上饶市,广信区,烟炉,1.0,阴,阵雨,75,25.0,水库增蓄,118.013,28.086,POINT (118.013 28.086),1538.0,江西省,上饶市,上饶县,五府山镇,matched_within,,,,,,
2023-07-15,13:30,13:45,抚州市,崇仁县,烟炉,1.0,阴,小雨,75,25.0,农业抗旱,115.872,27.859,POINT (115.872 27.859),1463.0,江西省,宜春市,丰城市,洛市镇,matched_within,,,,,,
2023-07-15,19:53,20:07,赣州市,赣县区,烟炉,1.0,阴,小到中雨,75,25.0,农业抗旱,115.209,25.633,POINT (115.209 25.633),1685.0,江西省,赣州市,赣县,韩坊乡,matched_within,,,,,,
2023-07-09,19:28,19:30,九江市,庐山市,火箭弹,4.0,阴,阴,150,50.0,水库增蓄,116.036,29.447,POINT (116.036 29.447),262.0,江西省,九江市,星子县,南康镇,matched_within,,,,,,
2023-07-08,22:10,22:12,九江市,柴桑区,火箭弹,2.0,小雨,大雨,150,50.0,农业抗旱,115.84,29.61,POINT (115.84 29.61),200.0,江西省,九江市,九江县,狮子镇,matched_within,,,,,,
2023-07-05,13:26,13:28,九江市,庐山市,火箭弹,4.0,阴,小雨,150,50.0,水库增蓄,116.036,29.447,POINT (116.036 29.447),262.0,江西省,九江市,星子县,南康镇,matched_within,,,,,,
2023-07-05,11:10,11:15,南昌市,新建区,火箭弹,10.0,阴,阴,150,50.0,农业抗旱,115.815,28.841,POINT (115.815 28.841),401.0,江西省,南昌市,新建县,溪霞镇,matched_within,,,,,,
2023-07-05,13:18,13:22,上饶市,广信区,火箭弹,2.0,阴,小雨,150,50.0,水库增蓄,117.886,28.551,POINT (117.886 28.551),1526.0,江西省,上饶市,上饶县,清水乡,matched_within,,,,,,
2023-07-04,18:31,18:33,九江市,柴桑区,火箭弹,2.0,小雨,大雨,150,50.0,农业抗旱,115.84,29.61,POINT (115.84 29.61),200.0,江西省,九江市,九江县,狮子镇,matched_within,,,,,,
2023-06-30,10:51,10:53,九江市,庐山市,火箭弹,4.0,阴,小雨,150,50.0,农业抗旱,116.036,29.447,POINT (116.036 29.447),262.0,江西省,九江市,星子县,南康镇,matched_within,,,,,,
2023-06-30,10:17,10:18,九江市,柴桑区,火箭弹,4.0,阴,小雨,150,50.0,农业抗旱,115.718,29.586,POINT (115.718 29.586),198.0,江西省,九江市,九江县,新塘乡,matched_within,,,,,,
2023-06-29,20:41,20:42,九江市,柴桑区,火箭弹,2.0,阴,小雨,150,50.0,农业抗旱,115.84,29.61,POINT (115.84 29.61),200.0,江西省,九江市,九江县,狮子镇,matched_within,,,,,,
2023-06-16,16:55,17:10,南昌市,安义县,烟炉,1.0,阴,小雨,75,25.0,农业抗旱,115.675,28.792,POINT (115.675 28.792),391.0,江西省,南昌市,湾里区,太平镇,matched_within,,,,,,
2023-06-13,09:19,09:34,上饶市,广信区,烟炉,1.0,阴,小雨,75,25.0,降低火险,118.013,28.086,POINT (118.013 28.086),1538.0,江西省,上饶市,上饶县,五府山镇,matched_within,,,,,,
2023-06-13,10:24,10:46,上饶市,广丰区,烟炉,1.0,阵雨,小雨,75,25.0,农业抗旱,118.259,28.276,POINT (118.259 28.276),1220.0,江西省,上饶市,广丰县,铜钹山镇,matched_within,,,,,,
2023-06-13,06:10,06:12,九江市,庐山市,火箭弹,4.0,阴,小雨,150,50.0,农业抗旱,116.036,29.447,POINT (116.036 29.447),262.0,江西省,九江市,星子县,南康镇,matched_within,,,,,,
2023-06-13,06:20,06:23,九江市,庐山市,火箭弹,4.0,阴,小雨,150,50.0,农业抗旱,115.876,29.422,POINT (115.876 29.422),1248.0,江西省,九江市,星子县,温泉镇,matched_within,,,,,,
2023-06-04,13:42,13:57,上饶市,广信区,烟炉,1.0,阴,小雨,75,25.0,降低火险,118.013,28.086,POINT (118.013 28.086),1538.0,江西省,上饶市,上饶县,五府山镇,matched_within,,,,,,
2023-06-04,18:20,18:56,上饶市,广丰区,烟炉,2.0,阴,阴,75,25.0,改善空气,118.259,28.276,POINT (118.259 28.276),1220.0,江西省,上饶市,广丰县,铜钹山镇,matched_within,,,,,,
2023-06-03,15:20,15:42,上饶市,广丰区,烟炉,1.0,阴,阴,75,25.0,农业抗旱,118.259,28.276,POINT (118.259 28.276),1220.0,江西省,上饶市,广丰县,铜钹山镇,matched_within,,,,,,
2023-05-30,15:23,15:38,上饶市,三清山,烟炉,1.0,阵雨,阵雨,75,25.0,降低火险,118.031,28.93,POINT (118.031 28.93),1221.0,江西省,上饶市,玉山县,枫林街道,matched_within,,,,,,
2023-05-30,17:42,17:45,上饶市,三清山,火箭弹,2.0,阵雨,小雨,150,50.0,降低火险,118.049,28.85,POINT (118.049 28.85),1221.0,江西省,上饶市,玉山县,枫林街道,matched_within,,,,,,
2023-05-30,17:08,17:23,上饶市,三清山,烟炉,1.0,阴,阵雨,75,25.0,降低火险,118.031,28.93,POINT (118.031 28.93),1221.0,江西省,上饶市,玉山县,枫林街道,matched_within,,,,,,
2023-05-30,15:27,15:28,上饶市,广信区,火箭弹,2.0,阴,小雨,150,50.0,城镇降温,117.886,28.551,POINT (117.886 28.551),1526.0,江西省,上饶市,上饶县,清水乡,matched_within,,,,,,
2023-04-13,18:58,19:03,九江市,庐山市,火箭弹,2.0,阴,小雨,150,50.0,农业抗旱,115.876,29.422,POINT (115.876 29.422),1248.0,江西省,九江市,星子县,温泉镇,matched_within,,,,,,
2023-04-13,03:04,03:05,九江市,柴桑区,火箭弹,3.0,阴,小雨,150,50.0,改善空气,115.84,29.61,POINT (115.84 29.61),200.0,江西省,九江市,九江县,狮子镇,matched_within,,,,,,
2023-04-12,23:58,23:59,九江市,濂溪区,火箭弹,4.0,阴,小雨,150,50.0,改善空气,115.895,29.704,POINT (115.895 29.704),205.0,江西省,九江市,九江县,赛城湖水产场,matched_within,,,,,,
2023-04-03,10:16,10:19,九江市,庐山市,火箭弹,2.0,小雨,中雨,150,50.0,降低火险,115.876,29.422,POINT (115.876 29.422),1248.0,江西省,九江市,星子县,温泉镇,matched_within,,,,,,
2023-04-02,20:46,20:48,九江市,庐山市,火箭弹,4.0,小雨,小到中雨,150,50.0,降低火险,116.036,29.447,POINT (116.036 29.447),262.0,江西省,九江市,星子县,南康镇,matched_within,,,,,,
2023-04-02,21:09,21:14,九江市,庐山市,火箭弹,4.0,小雨,小到中雨,150,50.0,农业抗旱,116.036,29.447,POINT (116.036 29.447),262.0,江西省,九江市,星子县,南康镇,matched_within,,,,,,
2023-03-30,09:30,09:32,九江市,庐山市,火箭弹,2.0,阴,小雨,150,50.0,降低火险,115.876,29.422,POINT (115.876 29.422),1248.0,江西省,九江市,星子县,温泉镇,matched_within,,,,,,
2023-03-24,07:56,08:11,南昌市,安义县,烟炉,1.0,阴,小雨,75,25.0,农业抗旱,115.675,28.792,POINT (115.675 28.792),391.0,江西省,南昌市,湾里区,太平镇,matched_within,,,,,,
2023-03-24,07:44,08:00,南昌市,新建区,烟炉,1.0,阴,小雨,75,25.0,农业抗旱,115.664,28.739,POINT (115.664 28.739),392.0,江西省,南昌市,湾里区,招贤镇,matched_within,,,,,,
2023-03-12,12:18,12:33,上饶市,广信区,烟炉,1.0,小雨,小雨,75,25.0,降低火险,118.013,28.086,POINT (118.013 28.086),1538.0,江西省,上饶市,上饶县,五府山镇,matched_within,,,,,,
2023-03-11,18:59,19:30,抚州市,乐安县,烟炉,2.0,小雨,中雨,75,25.0,农业抗旱,115.418,27.568,POINT (115.418 27.568),33.0,江西省,吉安市,峡江县,马埠镇,matched_within,,,,,,
2023-03-11,08:09,08:11,九江市,庐山市,火箭弹,4.0,阴,小到中雨,150,50.0,降低火险,116.036,29.447,POINT (116.036 29.447),262.0,江西省,九江市,星子县,南康镇,matched_within,,,,,,
2023-03-11,14:21,14:36,上饶市,广信区,烟炉,1.0,阴,小雨,75,25.0,降低火险,118.013,28.086,POINT (118.013 28.086),1538.0,江西省,上饶市,上饶县,五府山镇,matched_within,,,,,,
2023-03-09,09:45,09:59,九江市,庐山市,烟炉,3.0,阴,小雨,75,25.0,农业抗旱,115.955,29.535,POINT (115.955 29.535),227.0,江西省,九江市,庐山区,牯岭镇,matched_within,,,,,,
2023-03-09,09:20,09:22,九江市,庐山市,火箭弹,4.0,阴,小雨,150,50.0,降低火险,116.071,29.578,POINT (116.071 29.578),226.0,江西省,九江市,庐山区,海会镇,matched_within,,,,,,
2023-03-08,16:30,16:45,上饶市,三清山,烟炉,1.0,阴,小雨,75,25.0,降低火险,118.031,28.93,POINT (118.031 28.93),1221.0,江西省,上饶市,玉山县,枫林街道,matched_within,,,,,,
2023-03-08,09:07,09:22,吉安市,永丰县,烟炉,1.0,阴,小雨,75,25.0,农业抗旱,115.746,27.113,POINT (115.746 27.113),1664.0,江西省,抚州市,乐安县,罗陂乡,matched_within,,,,,,
2023-03-08,08:37,08:53,鹰潭市,月湖区,烟炉,1.0,阴,小雨,75,25.0,农业抗旱,116.959,28.098,POINT (116.959 28.098),1132.0,江西省,鹰潭市,贵溪市,龙虎山镇,matched_within,,,,,,
2023-03-08,06:54,07:09,南昌市,新建区,烟炉,1.0,阴,小雨,75,25.0,改善空气,115.664,28.739,POINT (115.664 28.739),392.0,江西省,南昌市,湾里区,招贤镇,matched_within,,,,,,
2023-03-08,14:46,15:01,南昌市,安义县,烟炉,1.0,阴,小雨,75,25.0,农业抗旱,115.675,28.792,POINT (115.675 28.792),391.0,江西省,南昌市,湾里区,太平镇,matched_within,,,,,,
2023-03-08,07:24,07:39,南昌市,安义县,烟炉,1.0,阴,小雨,75,25.0,农业抗旱,115.675,28.792,POINT (115.675 28.792),391.0,江西省,南昌市,湾里区,太平镇,matched_within,,,,,,
2023-03-08,15:37,15:52,上饶市,广信区,烟炉,1.0,阴,小雨,75,25.0,降低火险,118.013,28.086,POINT (118.013 28.086),1538.0,江西省,上饶市,上饶县,五府山镇,matched_within,,,,,,
2023-03-08,14:47,15:02,南昌市,新建区,烟炉,1.0,阴,小雨,75,25.0,农业抗旱,115.664,28.739,POINT (115.664 28.739),392.0,江西省,南昌市,湾里区,招贤镇,matched_within,,,,,,
2023-03-08,09:20,09:35,鹰潭市,余江区,烟炉,1.0,阴,小雨,75,25.0,降低火险,117.123,28.546,POINT (117.123 28.546),1162.0,江西省,鹰潭市,余江县,高公寨营林场,matched_within,,,,,,
2023-03-08,09:17,09:49,抚州市,乐安县,烟炉,2.0,阴,小雨,75,25.0,农业抗旱,115.418,27.568,POINT (115.418 27.568),33.0,江西省,吉安市,峡江县,马埠镇,matched_within,,,,,,
2023-03-03,13:43,13:58,吉安市,永丰县,烟炉,1.0,阴,小雨,75,25.0,农业抗旱,115.746,27.113,POINT (115.746 27.113),1664.0,江西省,抚州市,乐安县,罗陂乡,matched_within,,,,,,
2023-03-03,13:37,13:58,赣州市,赣县区,烟炉,1.0,阴,小雨,75,25.0,农业抗旱,115.014,25.758,POINT (115.014 25.758),1394.0,江西省,赣州市,章贡区,沙石镇,matched_within,,,,,,
2023-02-28,09:27,10:13,九江市,庐山市,烟炉,3.0,小雨,小雨,75,25.0,降低火险,115.955,29.535,POINT (115.955 29.535),227.0,江西省,九江市,庐山区,牯岭镇,matched_within,,,,,,
2023-02-28,10:13,10:28,九江市,庐山市,烟炉,1.0,小雨,小雨,75,25.0,降低火险,115.993,29.58,POINT (115.993 29.58),227.0,江西省,九江市,庐山区,牯岭镇,matched_within,,,,,,
2023-02-28,09:40,10:26,九江市,庐山市,烟炉,3.0,阴,阴,75,25.0,降低火险,115.956,29.56,POINT (115.956 29.56),227.0,江西省,九江市,庐山区,牯岭镇,matched_within,,,,,,
2023-02-28,09:18,09:20,九江市,庐山市,火箭弹,8.0,小雨,小到中雨,150,50.0,降低火险,116.071,29.578,POINT (116.071 29.578),226.0,江西省,九江市,庐山区,海会镇,matched_within,,,,,,
2023-02-06,18:57,18:58,九江市,柴桑区,火箭弹,2.0,阵雨,小雨,150,50.0,改善空气,115.84,29.61,POINT (115.84 29.61),200.0,江西省,九江市,九江县,狮子镇,matched_within,,,,,,
2023-02-05,12:44,12:45,鹰潭市,月湖区,火箭弹,2.0,阴,小雨,150,50.0,农业抗旱,117.068,28.449,POINT (117.068 28.449),1133.0,江西省,鹰潭市,贵溪市,塔桥园艺场,matched_within,,,,,,
2023-02-05,20:48,20:49,九江市,柴桑区,火箭弹,3.0,阴,小雨,150,50.0,改善空气,115.884,29.652,POINT (115.884 29.652),203.0,江西省,九江市,九江县,沙河街镇,matched_within,,,,,,
2023-02-05,10:50,11:05,赣州市,赣县区,烟炉,1.0,阴,小雨,75,25.0,降低火险,115.209,25.633,POINT (115.209 25.633),1685.0,江西省,赣州市,赣县,韩坊乡,matched_within,,,,,,
2023-02-05,20:40,20:42,九江市,濂溪区,火箭弹,4.0,小雨,小到中雨,150,50.0,农业抗旱,115.895,29.704,POINT (115.895 29.704),205.0,江西省,九江市,九江县,赛城湖水产场,matched_within,,,,,,
2023-02-05,11:23,11:28,赣州市,赣县区,火箭弹,4.0,小雨,小到中雨,150,50.0,农业抗旱,115.096,25.889,POINT (115.096 25.889),820.0,江西省,赣州市,赣县,大田乡,matched_within,,,,,,
2023-02-04,08:23,08:38,赣州市,赣县区,烟炉,1.0,阴,小雨,75,25.0,降低火险,115.209,25.633,POINT (115.209 25.633),1685.0,江西省,赣州市,赣县,韩坊乡,matched_within,,,,,,
2023-02-03,17:02,17:17,南昌市,安义县,烟炉,1.0,阵雨,小雨,75,25.0,农业抗旱,115.675,28.792,POINT (115.675 28.792),391.0,江西省,南昌市,湾里区,太平镇,matched_within,,,,,,
2023-02-03,22:56,23:11,赣州市,赣县区,烟炉,1.0,阴,小雨,75,25.0,降低火险,115.1,26.176,POINT (115.1 26.176),1371.0,江西省,赣州市,赣县,田村镇,matched_within,,,,,,
2023-02-02,15:43,15:45,南昌市,新建区,火箭弹,3.0,阴,小雨,75,50.0,农业抗旱,115.596,28.612,POINT (115.596 28.612),406.0,江西省,南昌市,新建县,西山镇,matched_within,,,,,,
2023-01-23,06:43,06:59,赣州市,赣县区,烟炉,1.0,阴,小雨,75,25.0,农业抗旱,115.1,26.176,POINT (115.1 26.176),1371.0,江西省,赣州市,赣县,田村镇,matched_within,,,,,,
2023-01-23,10:39,10:54,上饶市,三清山,烟炉,1.0,阴,小雨,75,25.0,降低火险,118.031,28.93,POINT (118.031 28.93),1221.0,江西省,上饶市,玉山县,枫林街道,matched_within,,,,,,
2023-01-22,16:59,17:00,鹰潭市,月湖区,火箭弹,3.0,阴,小雨,150,50.0,农业抗旱,117.068,28.449,POINT (117.068 28.449),1133.0,江西省,鹰潭市,贵溪市,塔桥园艺场,matched_within,,,,,,
2023-01-22,04:39,04:54,南昌市,安义县,烟炉,1.0,阴,小雨,75,25.0,农业抗旱,115.675,28.792,POINT (115.675 28.792),391.0,江西省,南昌市,湾里区,太平镇,matched_within,,,,,,
2023-01-22,04:40,04:55,南昌市,新建区,烟炉,1.0,阴,小雨,75,25.0,农业抗旱,115.664,28.739,POINT (115.664 28.739),392.0,江西省,南昌市,湾里区,招贤镇,matched_within,,,,,,
2023-01-22,18:20,19:05,上饶市,广丰区,烟炉,2.0,阴,小雨,75,25.0,农业抗旱,118.259,28.276,POINT (118.259 28.276),1220.0,江西省,上饶市,广丰县,铜钹山镇,matched_within,,,,,,
2023-01-22,18:11,18:12,九江市,柴桑区,火箭弹,2.0,阴,小雨,150,50.0,农业抗旱,115.884,29.652,POINT (115.884 29.652),203.0,江西省,九江市,九江县,沙河街镇,matched_within,,,,,,
2023-01-21,19:35,19:50,上饶市,广信区,烟炉,1.0,阴,小雨,75,25.0,降低火险,118.013,28.086,POINT (118.013 28.086),1538.0,江西省,上饶市,上饶县,五府山镇,matched_within,,,,,,
2023-01-21,08:52,09:07,上饶市,广信区,烟炉,1.0,阴,小雨,75,25.0,降低火险,118.013,28.086,POINT (118.013 28.086),1538.0,江西省,上饶市,上饶县,五府山镇,matched_within,,,,,,
2023-01-12,08:51,09:06,南昌市,安义县,烟炉,1.0,阴,小雨,75,25.0,农业抗旱,115.675,28.792,POINT (115.675 28.792),391.0,江西省,南昌市,湾里区,太平镇,matched_within,,,,,,
2023-01-12,08:55,09:10,南昌市,新建区,烟炉,1.0,阴,小雨,75,25.0,农业抗旱,115.664,28.739,POINT (115.664 28.739),392.0,江西省,南昌市,湾里区,招贤镇,matched_within,,,,,,
2023-01-08,22:56,23:11,赣州市,赣县区,烟炉,1.0,阴,小雨,75,25.0,降低火险,115.33,26.045,POINT (115.33 26.045),1728.0,江西省,赣州市,赣县,三溪乡,matched_within,,,,,,
2024-12-27,17:27,17:33,赣州市,赣县区,火箭弹,2.0,阴,小雨,150,10.0,农业抗旱,115.118,25.838,POINT (115.118 25.838),820.0,江西省,赣州市,赣县,大田乡,matched_within,,,,,,
2024-12-11,11:51,11:54,萍乡市,湘东区,火箭弹,2.0,阴,小雨,150,50.0,改善空气,113.86,27.58,POINT (113.86 27.58),939.0,江西省,萍乡市,安源区,五陂镇,matched_within,,,,,,
2024-12-10,18:20,18:50,南昌市,新建区,烟炉,2.0,阴,小雨,50,25.0,降低火险,115.664,28.739,POINT (115.664 28.739),392.0,江西省,南昌市,湾里区,招贤镇,matched_within,,,,,,
2024-12-10,16:27,16:29,九江市,濂溪区,火箭弹,4.0,小雨,小到中雨,150,50.0,农业抗旱,116.065,29.694,POINT (116.065 29.694),189.0,江西省,九江市,庐山区,虞家河乡,matched_within,,,,,,
2024-12-10,18:00,18:29,南昌市,安义县,烟炉,2.0,阵雨,小雨,50,25.0,农业抗旱,115.675,28.792,POINT (115.675 28.792),391.0,江西省,南昌市,湾里区,太平镇,matched_within,,,,,,
2024-12-10,21:54,21:57,萍乡市,湘东区,火箭弹,2.0,小雨,小雨,150,50.0,改善空气,113.86,27.58,POINT (113.86 27.58),939.0,江西省,萍乡市,安源区,五陂镇,matched_within,,,,,,
2024-12-07,09:17,09:32,赣州市,赣县区,烟炉,1.0,阴,小雨,75,25.0,改善空气,115.33,26.045,POINT (115.33 26.045),1728.0,江西省,赣州市,赣县,三溪乡,matched_within,,,,,,
2024-12-05,21:28,21:43,南昌市,安义县,烟炉,1.0,小雨,小到中雨,50,25.0,农业抗旱,115.675,28.792,POINT (115.675 28.792),391.0,江西省,南昌市,湾里区,太平镇,matched_within,,,,,,
2024-12-05,06:50,07:10,上饶市,三清山,烟炉,1.0,阴,小雨,50,25.0,降低火险,118.031,28.93,POINT (118.031 28.93),1221.0,江西省,上饶市,玉山县,枫林街道,matched_within,,,,,,
2024-12-05,22:30,22:45,南昌市,新建区,烟炉,1.0,阵雨,小雨,50,25.0,降低火险,115.664,28.739,POINT (115.664 28.739),392.0,江西省,南昌市,湾里区,招贤镇,matched_within,,,,,,
2024-12-05,04:12,04:27,南昌市,安义县,烟炉,1.0,阴,小雨,50,25.0,降低火险,115.675,28.792,POINT (115.675 28.792),391.0,江西省,南昌市,湾里区,太平镇,matched_within,,,,,,
2024-12-05,15:00,15:04,萍乡市,湘东区,火箭弹,2.0,阴,小雨,150,50.0,改善空气,113.86,27.58,POINT (113.86 27.58),939.0,江西省,萍乡市,安源区,五陂镇,matched_within,,,,,,
2024-11-25,04:20,04:30,南昌市,新建区,火箭弹,4.0,阵雨,小到中雨,50,50.0,农业抗旱,115.596,28.612,POINT (115.596 28.612),406.0,江西省,南昌市,新建县,西山镇,matched_within,,,,,,
2024-11-25,10:36,10:51,南昌市,安义县,烟炉,1.0,小雨,小到中雨,50,25.0,农业抗旱,115.675,28.792,POINT (115.675 28.792),391.0,江西省,南昌市,湾里区,太平镇,matched_within,,,,,,
2024-11-25,10:20,10:29,萍乡市,湘东区,火箭弹,2.0,小雨,小到中雨,150,50.0,改善空气,113.86,27.58,POINT (113.86 27.58),939.0,江西省,萍乡市,安源区,五陂镇,matched_within,,,,,,
2024-11-24,9:35,9:40,南昌市,安义县,烟炉,2.0,阴,小雨,50,25.0,农业抗旱,115.675,28.792,POINT (115.675 28.792),391.0,江西省,南昌市,湾里区,太平镇,matched_within,,,,,,
2024-11-24,09:37,10:03,南昌市,安义县,烟炉,2.0,阴,小雨,50,25.0,农业抗旱,115.675,28.792,POINT (115.675 28.792),391.0,江西省,南昌市,湾里区,太平镇,matched_within,,,,,,
2024-11-22,12:39,12:46,萍乡市,湘东区,火箭弹,2.0,阴,小雨,150,50.0,改善空气,113.86,27.58,POINT (113.86 27.58),939.0,江西省,萍乡市,安源区,五陂镇,matched_within,,,,,,
2024-11-15,14:50,15:15,上饶市,广丰区,烟炉,1.0,阴,阴,50,25.0,农业抗旱,118.259,28.276,POINT (118.259 28.276),1220.0,江西省,上饶市,广丰县,铜钹山镇,matched_within,,,,,,
2024-11-15,14:48,15:03,上饶市,广信区,烟炉,1.0,小雨,小到中雨,50,25.0,改善空气,117.846,28.587,POINT (117.846 28.587),1526.0,江西省,上饶市,上饶县,清水乡,matched_within,,,,,,
2024-11-15,07:27,07:42,赣州市,赣县区,烟炉,1.0,小雨,中雨,75,25.0,降低火险,115.209,25.633,POINT (115.209 25.633),1685.0,江西省,赣州市,赣县,韩坊乡,matched_within,,,,,,
2024-11-15,07:57,08:12,吉安市,永丰县,烟炉,1.0,阴,小雨,50,25.0,农业抗旱,115.746,27.113,POINT (115.746 27.113),1664.0,江西省,抚州市,乐安县,罗陂乡,matched_within,,,,,,
2024-11-15,07:21,07:36,赣州市,赣县区,烟炉,1.0,小雨,中雨,75,25.0,降低火险,115.33,26.045,POINT (115.33 26.045),1728.0,江西省,赣州市,赣县,三溪乡,matched_within,,,,,,
2024-11-15,14:48,15:04,鹰潭市,月湖区,烟炉,1.0,阴,小雨,50,25.0,农业抗旱,117.033,27.987,POINT (117.033 27.987),1117.0,江西省,鹰潭市,贵溪市,上清镇,matched_within,,,,,,
2024-11-15,13:56,14:11,上饶市,三清山,烟炉,1.0,小雨,小到中雨,50,25.0,降低火险,118.031,28.93,POINT (118.031 28.93),1221.0,江西省,上饶市,玉山县,枫林街道,matched_within,,,,,,
2024-11-14,18:00,18:10,萍乡市,湘东区,火箭弹,2.0,阴,阴,150,50.0,农业抗旱,113.86,27.58,POINT (113.86 27.58),939.0,江西省,萍乡市,安源区,五陂镇,matched_within,,,,,,
2024-11-14,14:33,15:03,南昌市,新建区,烟炉,2.0,阴,小雨,50,25.0,农业抗旱,115.664,28.739,POINT (115.664 28.739),392.0,江西省,南昌市,湾里区,招贤镇,matched_within,,,,,,
2024-11-14,14:27,14:32,九江市,庐山市,火箭弹,2.0,阴,阴,150,,农业抗旱,115.876,29.422,POINT (115.876 29.422),1248.0,江西省,九江市,星子县,温泉镇,matched_within,,,,,,
2024-11-14,07:39,07:54,上饶市,广信区,烟炉,1.0,阴,小雨,50,25.0,改善空气,118.013,28.086,POINT (118.013 28.086),1538.0,江西省,上饶市,上饶县,五府山镇,matched_within,,,,,,
2024-11-14,06:21,06:51,南昌市,安义县,烟炉,2.0,阴,小雨,50,25.0,降低火险,115.675,28.792,POINT (115.675 28.792),391.0,江西省,南昌市,湾里区,太平镇,matched_within,,,,,,
2024-11-01,17:35,17:50,赣州市,赣县区,烟炉,1.0,阴,小雨,75,25.0,农业抗旱,115.014,25.758,POINT (115.014 25.758),1394.0,江西省,赣州市,章贡区,沙石镇,matched_within,,,,,,
2024-10-27,11:26,11:29,萍乡市,湘东区,火箭弹,2.0,阴,阴,150,50.0,改善空气,113.86,27.58,POINT (113.86 27.58),939.0,江西省,萍乡市,安源区,五陂镇,matched_within,,,,,,
2024-10-27,18:59,19:04,南昌市,安义县,烟炉,2.0,阴,阴,50,25.0,农业抗旱,115.675,28.792,POINT (115.675 28.792),391.0,江西省,南昌市,湾里区,太平镇,matched_within,,,,,,
2024-10-27,17:55,18:25,南昌市,新建区,烟炉,2.0,阴,小雨,50,25.0,降低火险,115.664,28.739,POINT (115.664 28.739),392.0,江西省,南昌市,湾里区,招贤镇,matched_within,,,,,,
2024-10-27,11:40,11:56,赣州市,赣县区,烟炉,1.0,阴,小雨,75,25.0,降低火险,115.33,26.045,POINT (115.33 26.045),1728.0,江西省,赣州市,赣县,三溪乡,matched_within,,,,,,
2024-10-18,17:58,18:13,吉安市,永丰县,烟炉,1.0,阴,小雨,50,25.0,农业抗旱,115.746,27.113,POINT (115.746 27.113),1664.0,江西省,抚州市,乐安县,罗陂乡,matched_within,,,,,,
2024-10-18,18:12,18:15,萍乡市,湘东区,火箭弹,2.0,阴,小到中雨,150,50.0,改善空气,113.86,27.58,POINT (113.86 27.58),939.0,江西省,萍乡市,安源区,五陂镇,matched_within,,,,,,
2024-10-18,18:06,18:21,抚州市,乐安县,烟炉,1.0,阵雨,小雨,50,25.0,农业抗旱,115.418,27.568,POINT (115.418 27.568),33.0,江西省,吉安市,峡江县,马埠镇,matched_within,,,,,,
2024-10-16,11:00,11:15,上饶市,三清山,烟炉,1.0,阴,小到中雨,50,25.0,降低火险,118.031,28.93,POINT (118.031 28.93),1221.0,江西省,上饶市,玉山县,枫林街道,matched_within,,,,,,
2024-10-15,18:47,19:20,南昌市,安义县,烟炉,2.0,阴,小雨,50,25.0,农业抗旱,115.675,28.792,POINT (115.675 28.792),391.0,江西省,南昌市,湾里区,太平镇,matched_within,,,,,,
2024-10-15,12:00,12:25,上饶市,广丰区,烟炉,1.0,阵雨,小雨,50,25.0,农业抗旱,118.259,28.276,POINT (118.259 28.276),1220.0,江西省,上饶市,广丰县,铜钹山镇,matched_within,,,,,,
2024-10-15,12:45,13:16,南昌市,安义县,烟炉,2.0,阴,小雨,50,25.0,农业抗旱,115.675,28.792,POINT (115.675 28.792),391.0,江西省,南昌市,湾里区,太平镇,matched_within,,,,,,
2024-10-15,11:10,11:25,上饶市,广信区,烟炉,1.0,阴,小雨,50,25.0,水库增蓄,117.846,28.587,POINT (117.846 28.587),1526.0,江西省,上饶市,上饶县,清水乡,matched_within,,,,,,
2024-10-15,10:45,11:00,上饶市,三清山,烟炉,1.0,阴,小雨,50,25.0,降低火险,118.031,28.93,POINT (118.031 28.93),1221.0,江西省,上饶市,玉山县,枫林街道,matched_within,,,,,,
2024-10-15,18:47,19:17,南昌市,新建区,烟炉,2.0,阴,小雨,50,25.0,降低火险,115.664,28.739,POINT (115.664 28.739),392.0,江西省,南昌市,湾里区,招贤镇,matched_within,,,,,,
2024-10-15,16:55,17:25,南昌市,新建区,烟炉,2.0,阴,小雨,50,25.0,降低火险,115.664,28.739,POINT (115.664 28.739),392.0,江西省,南昌市,湾里区,招贤镇,matched_within,,,,,,
2024-10-15,10:00,10:03,萍乡市,湘东区,火箭弹,2.0,阴,小到中雨,150,50.0,改善空气,113.86,27.58,POINT (113.86 27.58),939.0,江西省,萍乡市,安源区,五陂镇,matched_within,,,,,,
2024-10-15,14:25,14:40,吉安市,永丰县,烟炉,1.0,阴,小雨,50,25.0,农业抗旱,115.746,27.113,POINT (115.746 27.113),1664.0,江西省,抚州市,乐安县,罗陂乡,matched_within,,,,,,
2024-10-15,07:43,07:59,赣州市,于都县,烟炉,1.0,阴,阴,50,25.0,农业抗旱,115.523,26.217,POINT (115.523 26.217),501.0,江西省,赣州市,兴国县,杰村乡,matched_within,,,,,,
2024-10-14,20:10,20:13,新余市,渝水区,火箭弹,2.0,阴,小雨,150,50.0,农业抗旱,114.746,27.747,POINT (114.746 27.747),1154.0,江西省,新余市,分宜县,东坑林场,matched_within,,,,,,
2024-10-14,16:26,16:42,九江市,庐山市,烟炉,1.0,阵雨,小雨,50,,降低火险,115.993,29.58,POINT (115.993 29.58),227.0,江西省,九江市,庐山区,牯岭镇,matched_within,,,,,,
2024-10-14,18:02,18:05,九江市,濂溪区,火箭弹,4.0,小到中雨,中雨,150,50.0,农业抗旱,116.065,29.694,POINT (116.065 29.694),189.0,江西省,九江市,庐山区,虞家河乡,matched_within,,,,,,
2024-10-14,16:30,16:46,九江市,庐山市,烟炉,1.0,阵雨,小雨,50,1.0,降低火险,115.955,29.535,POINT (115.955 29.535),227.0,江西省,九江市,庐山区,牯岭镇,matched_within,,,,,,
2024-10-14,17:49,17:54,九江市,柴桑区,火箭弹,2.0,小雨,中雨,150,50.0,农业抗旱,115.84,29.61,POINT (115.84 29.61),200.0,江西省,九江市,九江县,狮子镇,matched_within,,,,,,
2024-10-14,17:51,17:56,九江市,庐山市,火箭弹,2.0,阴,阴,150,,农业抗旱,115.876,29.422,POINT (115.876 29.422),1248.0,江西省,九江市,星子县,温泉镇,matched_within,,,,,,
2024-10-14,15:45,16:00,南昌市,安义县,烟炉,1.0,阴,小雨,50,25.0,农业抗旱,115.675,28.792,POINT (115.675 28.792),391.0,江西省,南昌市,湾里区,太平镇,matched_within,,,,,,
2024-10-14,17:58,18:03,萍乡市,湘东区,火箭弹,2.0,阴,小雨,150,50.0,改善空气,113.86,27.58,POINT (113.86 27.58),939.0,江西省,萍乡市,安源区,五陂镇,matched_within,,,,,,
2024-10-08,07:30,07:45,南昌市,安义县,烟炉,1.0,阴,小雨,50,25.0,农业抗旱,115.675,28.792,POINT (115.675 28.792),391.0,江西省,南昌市,湾里区,太平镇,matched_within,,,,,,
2024-09-20,14:33,15:05,九江市,武宁县,烟炉,2.0,阴,小到中雨,50,25.0,农业抗旱,115.192,29.492,POINT (115.192 29.492),1625.0,江西省,九江市,瑞昌市,乐园乡,matched_within,,,,,,
2024-09-19,15:22,15:37,上饶市,广信区,烟炉,1.0,阴,小到中雨,50,25.0,水库增蓄,118.153,28.13,POINT (118.153 28.13),1538.0,江西省,上饶市,上饶县,五府山镇,matched_within,,,,,,
2024-09-19,19:25,19:55,南昌市,新建区,烟炉,2.0,阴,小雨,50,25.0,水库增蓄,115.664,28.739,POINT (115.664 28.739),392.0,江西省,南昌市,湾里区,招贤镇,matched_within,,,,,,
2024-09-19,19:32,19:47,南昌市,安义县,烟炉,1.0,阴,小雨,50,25.0,农业抗旱,115.675,28.792,POINT (115.675 28.792),391.0,江西省,南昌市,湾里区,太平镇,matched_within,,,,,,
2024-09-19,13:45,14:00,上饶市,广信区,烟炉,1.0,阴,小雨,50,25.0,水库增蓄,117.846,28.587,POINT (117.846 28.587),1526.0,江西省,上饶市,上饶县,清水乡,matched_within,,,,,,
2024-09-16,09:35,09:50,南昌市,新建区,烟炉,1.0,阴,小雨,50,25.0,水库增蓄,115.664,28.739,POINT (115.664 28.739),392.0,江西省,南昌市,湾里区,招贤镇,matched_within,,,,,,
2024-09-15,16:55,17:25,南昌市,新建区,烟炉,2.0,阴,小雨,50,25.0,农业抗旱,115.664,28.739,POINT (115.664 28.739),392.0,江西省,南昌市,湾里区,招贤镇,matched_within,,,,,,
2024-09-15,14:58,15:03,南昌市,安义县,烟炉,2.0,阴,阴,50,25.0,农业抗旱,115.675,28.792,POINT (115.675 28.792),391.0,江西省,南昌市,湾里区,太平镇,matched_within,,,,,,
2024-09-15,15:20,15:50,南昌市,新建区,烟炉,2.0,阴,小雨,50,25.0,农业抗旱,115.664,28.739,POINT (115.664 28.739),392.0,江西省,南昌市,湾里区,招贤镇,matched_within,,,,,,
2024-09-14,17:37,17:40,抚州市,东乡区,火箭弹,2.0,阴,小到中雨,50,,农业抗旱,116.65,28.24,POINT (116.65 28.24),1676.0,江西省,抚州市,东乡县,孝岗镇,matched_within,,,,,,
2024-09-13,20:05,20:20,上饶市,广信区,烟炉,1.0,阴,小到中雨,50,25.0,水库增蓄,118.153,28.13,POINT (118.153 28.13),1538.0,江西省,上饶市,上饶县,五府山镇,matched_within,,,,,,
2024-09-12,12:14,12:29,南昌市,新建区,烟炉,1.0,阴,小雨,50,25.0,农业抗旱,115.664,28.739,POINT (115.664 28.739),392.0,江西省,南昌市,湾里区,招贤镇,matched_within,,,,,,
2024-09-12,14:56,15:27,南昌市,新建区,烟炉,2.0,阴,小雨,50,25.0,农业抗旱,115.664,28.739,POINT (115.664 28.739),392.0,江西省,南昌市,湾里区,招贤镇,matched_within,,,,,,
2024-09-12,15:00,15:30,南昌市,安义县,烟炉,2.0,阴,小雨,50,25.0,农业抗旱,115.675,28.792,POINT (115.675 28.792),391.0,江西省,南昌市,湾里区,太平镇,matched_within,,,,,,
2024-09-12,12:24,12:54,南昌市,安义县,烟炉,2.0,阴,小雨,50,25.0,农业抗旱,115.675,28.792,POINT (115.675 28.792),391.0,江西省,南昌市,湾里区,太平镇,matched_within,,,,,,
2024-09-11,17:15,17:17,九江市,濂溪区,火箭弹,4.0,小到中雨,中到大雨,150,50.0,农业抗旱,116.065,29.694,POINT (116.065 29.694),189.0,江西省,九江市,庐山区,虞家河乡,matched_within,,,,,,
2024-09-11,15:20,15:25,南昌市,安义县,烟炉,2.0,阴,小雨,50,25.0,农业抗旱,115.675,28.792,POINT (115.675 28.792),391.0,江西省,南昌市,湾里区,太平镇,matched_within,,,,,,
2024-09-11,17:57,18:27,南昌市,新建区,烟炉,2.0,阴,小雨,50,25.0,水库增蓄,115.664,28.739,POINT (115.664 28.739),392.0,江西省,南昌市,湾里区,招贤镇,matched_within,,,,,,
2024-09-10,16:08,16:10,新余市,渝水区,火箭弹,2.0,阴,小雨,150,50.0,农业抗旱,114.746,27.747,POINT (114.746 27.747),1154.0,江西省,新余市,分宜县,东坑林场,matched_within,,,,,,
2024-09-03,14:47,14:48,鹰潭市,月湖区,火箭弹,2.0,阴,阵雨,30,30.0,农业抗旱,117.068,28.449,POINT (117.068 28.449),1133.0,江西省,鹰潭市,贵溪市,塔桥园艺场,matched_within,,,,,,
2024-08-26,16:39,16:55,上饶市,广信区,烟炉,1.0,阴,阵雨,50,25.0,水库增蓄,118.153,28.13,POINT (118.153 28.13),1538.0,江西省,上饶市,上饶县,五府山镇,matched_within,,,,,,
2024-08-20,13:06,13:07,鹰潭市,月湖区,火箭弹,2.0,阴,小雨,20,10.0,农业抗旱,117.068,28.449,POINT (117.068 28.449),1133.0,江西省,鹰潭市,贵溪市,塔桥园艺场,matched_within,,,,,,
2024-08-18,16:42,16:58,鹰潭市,月湖区,烟炉,1.0,阴,小到中雨,50,25.0,农业抗旱,117.033,27.987,POINT (117.033 27.987),1117.0,江西省,鹰潭市,贵溪市,上清镇,matched_within,,,,,,
2024-08-17,15:11,15:13,鹰潭市,月湖区,火箭弹,2.0,阴,阵雨,150,50.0,农业抗旱,117.023,28.175,POINT (117.023 28.175),1405.0,江西省,鹰潭市,贵溪市,天禄镇,matched_within,,,,,,
2024-08-13,18:01,18:16,上饶市,广信区,烟炉,1.0,阴,小到中雨,50,25.0,农业抗旱,118.153,28.13,POINT (118.153 28.13),1538.0,江西省,上饶市,上饶县,五府山镇,matched_within,,,,,,
2024-08-13,14:27,14:42,九江市,武宁县,烟炉,1.0,阴,小雨,50,,农业抗旱,115.192,29.492,POINT (115.192 29.492),1625.0,江西省,九江市,瑞昌市,乐园乡,matched_within,,,,,,
2024-08-13,19:52,20:07,上饶市,三清山,烟炉,1.0,阴,小雨,50,25.0,降低火险,118.031,28.93,POINT (118.031 28.93),1221.0,江西省,上饶市,玉山县,枫林街道,matched_within,,,,,,
2024-08-12,19:06,19:07,鹰潭市,月湖区,火箭弹,2.0,阴,中到大雨,150,50.0,农业抗旱,117.023,28.175,POINT (117.023 28.175),1405.0,江西省,鹰潭市,贵溪市,天禄镇,matched_within,,,,,,
2024-08-12,19:12,19:27,鹰潭市,月湖区,烟炉,1.0,阴,阵雨,50,25.0,农业抗旱,117.033,27.987,POINT (117.033 27.987),1117.0,江西省,鹰潭市,贵溪市,上清镇,matched_within,,,,,,
2024-08-11,15:33,15:35,鹰潭市,月湖区,火箭弹,2.0,阴,阵雨,150,50.0,农业抗旱,117.023,28.175,POINT (117.023 28.175),1405.0,江西省,鹰潭市,贵溪市,天禄镇,matched_within,,,,,,
2024-08-09,17:02,17:17,鹰潭市,月湖区,烟炉,1.0,阴,小雨,50,10.0,农业抗旱,117.033,27.987,POINT (117.033 27.987),1117.0,江西省,鹰潭市,贵溪市,上清镇,matched_within,,,,,,
2024-08-07,17:05,17:20,上饶市,广信区,烟炉,1.0,小到中雨,大雨,50,25.0,农业抗旱,118.153,28.13,POINT (118.153 28.13),1538.0,江西省,上饶市,上饶县,五府山镇,matched_within,,,,,,
2024-08-06,17:23,17:39,鹰潭市,月湖区,烟炉,1.0,阴,小雨,50,5.0,农业抗旱,117.033,27.987,POINT (117.033 27.987),1117.0,江西省,鹰潭市,贵溪市,上清镇,matched_within,,,,,,
2024-08-06,15:46,15:48,鹰潭市,月湖区,火箭弹,2.0,阴,阵雨,150,50.0,农业抗旱,116.942,28.069,POINT (116.942 28.069),1132.0,江西省,鹰潭市,贵溪市,龙虎山镇,matched_within,,,,,,
2024-08-04,15:05,15:20,鹰潭市,月湖区,烟炉,1.0,阴,阴,5,25.0,农业抗旱,117.16,27.992,POINT (117.16 27.992),1413.0,江西省,鹰潭市,贵溪市,耳口乡,matched_within,,,,,,
2024-07-28,18:17,18:33,鹰潭市,月湖区,烟炉,1.0,阴,阵雨,50,25.0,农业抗旱,117.033,27.987,POINT (117.033 27.987),1117.0,江西省,鹰潭市,贵溪市,上清镇,matched_within,,,,,,
2024-07-25,17:59,18:15,鹰潭市,月湖区,烟炉,1.0,阴,阵雨,50,5.0,农业抗旱,117.276,28.582,POINT (117.276 28.582),1524.0,江西省,上饶市,弋阳县,中畈乡,matched_within,,,,,,
2024-07-22,16:39,18:02,鹰潭市,月湖区,烟炉,3.0,阴,阵雨,50,25.0,城镇降温,117.276,28.582,POINT (117.276 28.582),1524.0,江西省,上饶市,弋阳县,中畈乡,matched_within,,,,,,
2024-04-02,18:37,18:38,鹰潭市,月湖区,火箭弹,4.0,小雨,大雨,150,50.0,防灾减灾,117.068,28.449,POINT (117.068 28.449),1133.0,江西省,鹰潭市,贵溪市,塔桥园艺场,matched_within,,,,,,
2024-03-14,15:34,15:34,萍乡市,湘东区,火箭弹,4.0,阴,小雨,150,50.0,农业抗旱,113.86,27.58,POINT (113.86 27.58),939.0,江西省,萍乡市,安源区,五陂镇,matched_within,,,,,,
2024-02-25,16:52,16:55,上饶市,广丰区,火箭弹,2.0,阴,小雨,150,50.0,农业抗旱,118.196,28.482,POINT (118.196 28.482),133.0,江西省,上饶市,广丰县,下溪镇,matched_within,,,,,,
2024-02-25,09:24,09:40,赣州市,赣县区,烟炉,1.0,阴,小雨,50,25.0,改善空气,115.209,25.633,POINT (115.209 25.633),1685.0,江西省,赣州市,赣县,韩坊乡,matched_within,,,,,,
2024-02-25,09:05,09:21,赣州市,赣县区,烟炉,1.0,阴,小雨,50,25.0,农业抗旱,115.014,25.758,POINT (115.014 25.758),1394.0,江西省,赣州市,章贡区,沙石镇,matched_within,,,,,,
2024-02-24,10:10,10:12,鹰潭市,月湖区,火箭弹,2.0,阴,小雨,10,10.0,农业抗旱,117.068,28.449,POINT (117.068 28.449),1133.0,江西省,鹰潭市,贵溪市,塔桥园艺场,matched_within,,,,,,
2024-02-24,10:33,10:49,赣州市,赣县区,烟炉,1.0,阴,小雨,50,25.0,改善空气,115.1,26.176,POINT (115.1 26.176),1371.0,江西省,赣州市,赣县,田村镇,matched_within,,,,,,
2024-02-24,15:54,15:59,南昌市,新建区,烟炉,1.0,阴,小雨,50,25.0,农业抗旱,115.664,28.739,POINT (115.664 28.739),392.0,江西省,南昌市,湾里区,招贤镇,matched_within,,,,,,
2024-02-23,15:41,15:56,赣州市,赣县区,烟炉,1.0,阴,小雨,50,25.0,农业抗旱,115.014,25.758,POINT (115.014 25.758),1394.0,江西省,赣州市,章贡区,沙石镇,matched_within,,,,,,
2024-02-23,17:10,17:26,赣州市,赣县区,烟炉,1.0,阴,小雨,75,25.0,农业抗旱,115.33,26.045,POINT (115.33 26.045),1728.0,江西省,赣州市,赣县,三溪乡,matched_within,,,,,,
2024-01-29,19:53,20:08,南昌市,安义县,烟炉,1.0,阴,小雨,50,25.0,农业抗旱,115.675,28.792,POINT (115.675 28.792),391.0,江西省,南昌市,湾里区,太平镇,matched_within,,,,,,
2024-01-29,08:17,08:31,南昌市,安义县,烟炉,1.0,阴,小雨,50,25.0,农业抗旱,115.675,28.792,POINT (115.675 28.792),391.0,江西省,南昌市,湾里区,太平镇,matched_within,,,,,,
2024-01-19,05:22,05:37,南昌市,安义县,烟炉,1.0,阴,小雨,50,25.0,农业抗旱,115.675,28.792,POINT (115.675 28.792),391.0,江西省,南昌市,湾里区,太平镇,matched_within,,,,,,
2024-01-19,10:05,10:08,九江市,濂溪区,火箭弹,4.0,阴,小雨,150,50.0,农业抗旱,116.065,29.694,POINT (116.065 29.694),189.0,江西省,九江市,庐山区,虞家河乡,matched_within,,,,,,
2024-01-18,10:30,10:35,九江市,柴桑区,火箭弹,2.0,小雨,中雨,150,50.0,水库增蓄,115.84,29.61,POINT (115.84 29.61),200.0,江西省,九江市,九江县,狮子镇,matched_within,,,,,,
2024-01-18,18:53,18:54,鹰潭市,月湖区,火箭弹,2.0,小雨,小到中雨,100,50.0,农业抗旱,117.068,28.449,POINT (117.068 28.449),1133.0,江西省,鹰潭市,贵溪市,塔桥园艺场,matched_within,,,,,,
2024-01-18,11:00,11:02,九江市,庐山市,火箭弹,3.0,小雨,中雨,50,,农业抗旱,115.876,29.422,POINT (115.876 29.422),1248.0,江西省,九江市,星子县,温泉镇,matched_within,,,,,,
2024-01-18,09:27,09:30,九江市,濂溪区,火箭弹,4.0,阴,阴,150,50.0,农业抗旱,116.065,29.694,POINT (116.065 29.694),189.0,江西省,九江市,庐山区,虞家河乡,matched_within,,,,,,
2024-01-18,10:59,11:14,南昌市,安义县,烟炉,1.0,阴,小雨,50,25.0,农业抗旱,115.675,28.792,POINT (115.675 28.792),391.0,江西省,南昌市,湾里区,太平镇,matched_within,,,,,,
2024-01-18,10:16,10:21,南昌市,新建区,烟炉,1.0,阴,阴,50,25.0,农业抗旱,115.664,28.739,POINT (115.664 28.739),392.0,江西省,南昌市,湾里区,招贤镇,matched_within,,,,,,
2024-01-17,22:24,22:39,南昌市,新建区,烟炉,1.0,阴,小雨,50,25.0,农业抗旱,115.664,28.739,POINT (115.664 28.739),392.0,江西省,南昌市,湾里区,招贤镇,matched_within,,,,,,
2024-01-17,22:22,22:37,南昌市,安义县,烟炉,1.0,阴,小雨,50,25.0,农业抗旱,115.675,28.792,POINT (115.675 28.792),391.0,江西省,南昌市,湾里区,太平镇,matched_within,,,,,,
2024-01-08,06:32,06:47,上饶市,三清山,烟炉,1.0,阴,小雨,50,25.0,降低火险,118.031,28.93,POINT (118.031 28.93),1221.0,江西省,上饶市,玉山县,枫林街道,matched_within,,,,,,
2024-01-08,09:48,10:04,赣州市,赣县区,烟炉,1.0,阴,小雨,75,25.0,改善空气,115.014,25.758,POINT (115.014 25.758),1394.0,江西省,赣州市,章贡区,沙石镇,matched_within,,,,,,
2024-01-08,10:04,10:09,南昌市,新建区,烟炉,1.0,阴,小雨,50,25.0,农业抗旱,115.664,28.739,POINT (115.664 28.739),392.0,江西省,南昌市,湾里区,招贤镇,matched_within,,,,,,
2024-01-07,23:25,23:40,南昌市,安义县,烟炉,1.0,阴,小雨,50,25.0,农业抗旱,115.675,28.792,POINT (115.675 28.792),391.0,江西省,南昌市,湾里区,太平镇,matched_within,,,,,,
2024-01-07,20:59,21:14,赣州市,赣县区,烟炉,1.0,阴,小雨,75,25.0,降低火险,115.1,26.176,POINT (115.1 26.176),1371.0,江西省,赣州市,赣县,田村镇,matched_within,,,,,,
2024-01-05,20:07,20:09,萍乡市,湘东区,火箭弹,2.0,阴,小雨,150,50.0,改善空气,113.86,27.58,POINT (113.86 27.58),939.0,江西省,萍乡市,安源区,五陂镇,matched_within,,,,,,
2024-01-02,13:13,13:16,九江市,庐山市,火箭弹,3.0,小雨,中雨,50,,改善空气,115.876,29.422,POINT (115.876 29.422),1248.0,江西省,九江市,星子县,温泉镇,matched_within,,,,,,
2024-01-02,14:54,15:09,抚州市,崇仁县,烟炉,1.0,阵雨,小雨,50,25.0,农业抗旱,115.872,27.859,POINT (115.872 27.859),1463.0,江西省,宜春市,丰城市,洛市镇,matched_within,,,,,,
2024-01-02,16:24,16:39,上饶市,广信区,烟炉,1.0,阴,小雨,50,25.0,改善空气,117.846,28.587,POINT (117.846 28.587),1526.0,江西省,上饶市,上饶县,清水乡,matched_within,,,,,,
2024-01-02,14:08,14:10,鹰潭市,月湖区,火箭弹,2.0,阴,阴,50,20.0,农业抗旱,117.068,28.449,POINT (117.068 28.449),1133.0,江西省,鹰潭市,贵溪市,塔桥园艺场,matched_within,,,,,,
2024-01-02,11:04,11:19,南昌市,安义县,烟炉,1.0,阴,小雨,50,25.0,农业抗旱,115.675,28.792,POINT (115.675 28.792),391.0,江西省,南昌市,湾里区,太平镇,matched_within,,,,,,
2024-01-02,12:03,12:18,赣州市,赣县区,烟炉,1.0,阴,小雨,75,25.0,农业抗旱,115.014,25.758,POINT (115.014 25.758),1394.0,江西省,赣州市,章贡区,沙石镇,matched_within,,,,,,
2024-01-02,15:24,15:26,九江市,濂溪区,火箭弹,4.0,小雨,中雨,150,50.0,改善空气,115.895,29.704,POINT (115.895 29.704),205.0,江西省,九江市,九江县,赛城湖水产场,matched_within,,,,,,
2024-01-02,10:52,11:07,南昌市,新建区,烟炉,1.0,阴,小雨,50,25.0,改善空气,115.664,28.739,POINT (115.664 28.739),392.0,江西省,南昌市,湾里区,招贤镇,matched_within,,,,,,
2024-01-02,11:57,12:12,南昌市,安义县,烟炉,1.0,阴,阴,50,25.0,农业抗旱,115.675,28.792,POINT (115.675 28.792),391.0,江西省,南昌市,湾里区,太平镇,matched_within,,,,,,
2024-01-02,12:50,12:55,九江市,柴桑区,火箭弹,3.0,阵雨,小雨,150,50.0,改善空气,115.84,29.61,POINT (115.84 29.61),200.0,江西省,九江市,九江县,狮子镇,matched_within,,,,,,
2024-01-02,14:52,14:54,抚州市,东乡区,火箭弹,4.0,小雨,小雨,100,,农业抗旱,116.6,28.29,POINT (116.6 28.29),1676.0,江西省,抚州市,东乡县,孝岗镇,matched_within,,,,,,
2024-01-02,18:00,18:20,上饶市,广丰区,烟炉,1.0,阵雨,小雨,75,25.0,农业抗旱,118.259,28.276,POINT (118.259 28.276),1220.0,江西省,上饶市,广丰县,铜钹山镇,matched_within,,,,,,
2024-01-02,09:38,09:40,萍乡市,湘东区,火箭弹,2.0,阴,小到中雨,150,50.0,改善空气,113.86,27.58,POINT (113.86 27.58),939.0,江西省,萍乡市,安源区,五陂镇,matched_within,,,,,,
2025-10-21,8:35,8:40,赣州市,赣县区,烟炉,1.0,阴,阴,50,25.0,农业抗旱,115.1,26.176,POINT (115.1 26.176),1371.0,江西省,赣州市,赣县,田村镇,matched_within,,,,,,
2025-10-21,10:00,10:15,吉安市,青原区,烟炉,1.0,阴,小雨,50,25.0,农业抗旱,115.247,27.079,POINT (115.247 27.079),434.0,江西省,吉安市,吉水县,水南镇,matched_within,,,,,,
2025-10-21,16:17,16:32,南昌市,新建区,烟炉,1.0,阵雨,小雨,50,25.0,农业抗旱,115.664,28.739,POINT (115.664 28.739),392.0,江西省,南昌市,湾里区,招贤镇,matched_within,,,,,,
2025-10-21,16:12,16:42,南昌市,安义县,烟炉,2.0,阴,阵雨,50,25.0,农业抗旱,115.675,28.792,POINT (115.675 28.792),391.0,江西省,南昌市,湾里区,太平镇,matched_within,,,,,,
2025-10-20,09:55,10:10,赣州市,赣县区,烟炉,1.0,阴,小雨,50,25.0,农业抗旱,115.014,25.758,POINT (115.014 25.758),1394.0,江西省,赣州市,章贡区,沙石镇,matched_within,,,,,,
2025-10-20,09:47,09:50,九江市,濂溪区,火箭弹,4.0,阴,小雨,150,50.0,改善空气,115.895,29.704,POINT (115.895 29.704),205.0,江西省,九江市,九江县,赛城湖水产场,matched_within,,,,,,
2025-10-18,13:28,13:29,上饶市,广信区,火箭弹,2.0,阴,小到中雨,150,50.0,水库增蓄,117.886,28.551,POINT (117.886 28.551),1526.0,江西省,上饶市,上饶县,清水乡,matched_within,,,,,,
2025-10-18,20:36,20:51,鹰潭市,余江区,烟炉,1.0,阴,小雨,50,25.0,农业抗旱,117.123,28.546,POINT (117.123 28.546),1162.0,江西省,鹰潭市,余江县,高公寨营林场,matched_within,,,,,,
2025-10-16,16:17,16:32,上饶市,三清山,烟炉,1.0,阴,小雨,50,25.0,降低火险,118.031,28.93,POINT (118.031 28.93),1221.0,江西省,上饶市,玉山县,枫林街道,matched_within,,,,,,
2025-10-16,15:36,15:51,赣州市,赣县区,烟炉,1.0,阴,小雨,50,25.0,农业抗旱,115.1,26.176,POINT (115.1 26.176),1371.0,江西省,赣州市,赣县,田村镇,matched_within,,,,,,
2025-10-13,15:21,15:36,赣州市,赣县区,烟炉,1.0,阴,小雨,75,25.0,农业抗旱,115.33,26.045,POINT (115.33 26.045),1728.0,江西省,赣州市,赣县,三溪乡,matched_within,,,,,,
2025-10-13,15:16,15:31,赣州市,赣县区,烟炉,1.0,阴,小雨,75,25.0,农业抗旱,115.1,26.176,POINT (115.1 26.176),1371.0,江西省,赣州市,赣县,田村镇,matched_within,,,,,,
2025-10-13,19:10,19:41,南昌市,新建区,烟炉,2.0,阴,小雨,50,25.0,农业抗旱,115.664,28.739,POINT (115.664 28.739),392.0,江西省,南昌市,湾里区,招贤镇,matched_within,,,,,,
2025-10-13,15:50,15:55,抚州市,东乡区,火箭弹,2.0,阴,小雨,100,,农业抗旱,116.6,28.29,POINT (116.6 28.29),1676.0,江西省,抚州市,东乡县,孝岗镇,matched_within,,,,,,
2025-10-13,16:52,17:07,赣州市,赣县区,烟炉,1.0,阴,小雨,75,25.0,农业抗旱,115.014,25.758,POINT (115.014 25.758),1394.0,江西省,赣州市,章贡区,沙石镇,matched_within,,,,,,
2025-10-13,19:22,19:52,南昌市,安义县,烟炉,2.0,阵雨,小雨,50,25.0,农业抗旱,115.675,28.792,POINT (115.675 28.792),391.0,江西省,南昌市,湾里区,太平镇,matched_within,,,,,,
2025-10-13,16:55,17:00,上饶市,广丰区,烟炉,1.0,阴,小雨,50,25.0,农业抗旱,118.259,28.276,POINT (118.259 28.276),1220.0,江西省,上饶市,广丰县,铜钹山镇,matched_within,,,,,,
2025-10-13,22:14,22:44,抚州市,乐安县,烟炉,2.0,小雨,小到中雨,50,25.0,农业抗旱,115.418,27.568,POINT (115.418 27.568),33.0,江西省,吉安市,峡江县,马埠镇,matched_within,,,,,,
2025-10-13,18:29,18:44,赣州市,赣县区,烟炉,1.0,阴,小雨,75,25.0,农业抗旱,115.014,25.758,POINT (115.014 25.758),1394.0,江西省,赣州市,章贡区,沙石镇,matched_within,,,,,,
2025-10-13,18:47,18:50,鹰潭市,月湖区,火箭弹,3.0,阴,阵雨,150,50.0,农业抗旱,117.056,28.299,POINT (117.056 28.299),1128.0,江西省,鹰潭市,贵溪市,江北街道,matched_within,,,,,,
2025-10-13,15:49,16:04,赣州市,赣县区,烟炉,1.0,阴,阴,75,25.0,农业抗旱,115.33,26.045,POINT (115.33 26.045),1728.0,江西省,赣州市,赣县,三溪乡,matched_within,,,,,,
2025-10-13,16:57,17:12,上饶市,广信区,烟炉,1.0,阴,阵雨,50,25.0,改善空气,117.846,28.587,POINT (117.846 28.587),1526.0,江西省,上饶市,上饶县,清水乡,matched_within,,,,,,
2025-10-13,13:45,14:15,上饶市,三清山,烟炉,2.0,阴,小到中雨,50,25.0,降低火险,118.031,28.93,POINT (118.031 28.93),1221.0,江西省,上饶市,玉山县,枫林街道,matched_within,,,,,,
2025-10-13,18:47,19:20,南昌市,安义县,烟炉,2.0,阴,阵雨,50,25.0,农业抗旱,115.675,28.792,POINT (115.675 28.792),391.0,江西省,南昌市,湾里区,太平镇,matched_within,,,,,,
2025-10-13,15:32,15:47,上饶市,广信区,烟炉,1.0,阴,阵雨,50,25.0,水库增蓄,118.153,28.13,POINT (118.153 28.13),1538.0,江西省,上饶市,上饶县,五府山镇,matched_within,,,,,,
2025-10-13,22:38,22:53,吉安市,永丰县,烟炉,1.0,阴,小雨,50,25.0,农业抗旱,115.746,27.113,POINT (115.746 27.113),1664.0,江西省,抚州市,乐安县,罗陂乡,matched_within,,,,,,
2025-10-13,16:07,16:22,赣州市,赣县区,烟炉,1.0,阴,小雨,75,25.0,农业抗旱,115.33,26.045,POINT (115.33 26.045),1728.0,江西省,赣州市,赣县,三溪乡,matched_within,,,,,,
2025-10-13,15:27,15:42,抚州市,崇仁县,烟炉,1.0,阵雨,小雨,50,25.0,农业抗旱,115.872,27.859,POINT (115.872 27.859),1463.0,江西省,宜春市,丰城市,洛市镇,matched_within,,,,,,
2025-10-13,17:00,17:15,赣州市,赣县区,烟炉,1.0,阴,小雨,75,25.0,农业抗旱,115.209,25.633,POINT (115.209 25.633),1685.0,江西省,赣州市,赣县,韩坊乡,matched_within,,,,,,
2025-10-13,17:23,17:26,赣州市,赣县区,火箭弹,2.0,阴,小雨,150,50.0,农业抗旱,115.118,25.838,POINT (115.118 25.838),820.0,江西省,赣州市,赣县,大田乡,matched_within,,,,,,
2025-10-07,18:43,18:58,吉安市,永丰县,烟炉,1.0,阴,小雨,50,25.0,农业抗旱,115.746,27.113,POINT (115.746 27.113),1664.0,江西省,抚州市,乐安县,罗陂乡,matched_within,,,,,,
2025-10-07,16:13,16:28,吉安市,青原区,烟炉,1.0,阴,小雨,50,25.0,农业抗旱,115.247,27.079,POINT (115.247 27.079),434.0,江西省,吉安市,吉水县,水南镇,matched_within,,,,,,
2025-09-30,14:58,15:13,南昌市,新建区,烟炉,1.0,阴,小雨,50,25.0,农业抗旱,115.664,28.739,POINT (115.664 28.739),392.0,江西省,南昌市,湾里区,招贤镇,matched_within,,,,,,
2025-09-30,14:26,14:56,南昌市,安义县,烟炉,2.0,阴,小雨,50,25.0,农业抗旱,115.675,28.792,POINT (115.675 28.792),391.0,江西省,南昌市,湾里区,太平镇,matched_within,,,,,,
2025-09-30,15:16,15:31,南昌市,安义县,烟炉,1.0,阴,阵雨,50,25.0,农业抗旱,115.675,28.792,POINT (115.675 28.792),391.0,江西省,南昌市,湾里区,太平镇,matched_within,,,,,,
2025-09-30,14:55,15:10,上饶市,三清山,烟炉,1.0,阴,小雨,50,25.0,降低火险,118.031,28.93,POINT (118.031 28.93),1221.0,江西省,上饶市,玉山县,枫林街道,matched_within,,,,,,
2025-09-29,14:28,15:00,南昌市,安义县,烟炉,2.0,阴,小雨,50,25.0,农业抗旱,115.675,28.792,POINT (115.675 28.792),391.0,江西省,南昌市,湾里区,太平镇,matched_within,,,,,,
2025-09-25,16:21,16:36,鹰潭市,余江区,烟炉,1.0,阴,小雨,50,25.0,农业抗旱,117.123,28.546,POINT (117.123 28.546),1162.0,江西省,鹰潭市,余江县,高公寨营林场,matched_within,,,,,,
2025-09-24,16:46,17:01,南昌市,新建区,烟炉,1.0,阴,小雨,50,25.0,农业抗旱,115.664,28.739,POINT (115.664 28.739),392.0,江西省,南昌市,湾里区,招贤镇,matched_within,,,,,,
2025-09-24,14:25,14:40,吉安市,青原区,烟炉,1.0,阴,小雨,50,25.0,农业抗旱,115.247,27.079,POINT (115.247 27.079),434.0,江西省,吉安市,吉水县,水南镇,matched_within,,,,,,
2025-09-24,12:44,12:59,抚州市,乐安县,烟炉,1.0,阴,小雨,50,25.0,农业抗旱,115.418,27.568,POINT (115.418 27.568),33.0,江西省,吉安市,峡江县,马埠镇,matched_within,,,,,,
2025-09-24,16:55,17:17,上饶市,广丰区,烟炉,1.0,阴,小雨,50,25.0,农业抗旱,118.259,28.276,POINT (118.259 28.276),1220.0,江西省,上饶市,广丰县,铜钹山镇,matched_within,,,,,,
2025-09-24,16:44,16:59,南昌市,安义县,烟炉,1.0,阴,阵雨,50,25.0,农业抗旱,115.675,28.792,POINT (115.675 28.792),391.0,江西省,南昌市,湾里区,太平镇,matched_within,,,,,,
2025-09-23,16:11,16:26,赣州市,赣县区,烟炉,1.0,阴,小雨,50,25.0,农业抗旱,115.33,26.045,POINT (115.33 26.045),1728.0,江西省,赣州市,赣县,三溪乡,matched_within,,,,,,
2025-09-23,21:02,21:17,南昌市,新建区,烟炉,1.0,阴,小雨,50,25.0,农业抗旱,115.664,28.739,POINT (115.664 28.739),392.0,江西省,南昌市,湾里区,招贤镇,matched_within,,,,,,
2025-09-23,22:55,23:10,上饶市,三清山,烟炉,1.0,阴,小雨,50,25.0,降低火险,118.031,28.93,POINT (118.031 28.93),1221.0,江西省,上饶市,玉山县,枫林街道,matched_within,,,,,,
2025-09-23,19:38,19:52,上饶市,广信区,烟炉,1.0,小雨,中雨,50,25.0,水库增蓄,117.846,28.587,POINT (117.846 28.587),1526.0,江西省,上饶市,上饶县,清水乡,matched_within,,,,,,
2025-09-23,21:03,21:18,南昌市,安义县,烟炉,1.0,阴,阵雨,50,25.0,农业抗旱,115.675,28.792,POINT (115.675 28.792),391.0,江西省,南昌市,湾里区,太平镇,matched_within,,,,,,
2025-09-21,08:03,08:18,南昌市,安义县,烟炉,1.0,阴,阵雨,50,25.0,农业抗旱,115.675,28.792,POINT (115.675 28.792),391.0,江西省,南昌市,湾里区,太平镇,matched_within,,,,,,
2025-09-20,07:50,08:20,赣州市,赣县区,烟炉,2.0,阴,小雨,50,25.0,农业抗旱,115.209,25.633,POINT (115.209 25.633),1685.0,江西省,赣州市,赣县,韩坊乡,matched_within,,,,,,
2025-09-20,16:30,17:00,上饶市,广丰区,烟炉,1.0,阴,阴,50,25.0,农业抗旱,118.259,28.276,POINT (118.259 28.276),1220.0,江西省,上饶市,广丰县,铜钹山镇,matched_within,,,,,,
2025-09-20,13:58,14:13,上饶市,三清山,烟炉,1.0,阴,小到中雨,50,25.0,降低火险,118.031,28.93,POINT (118.031 28.93),1221.0,江西省,上饶市,玉山县,枫林街道,matched_within,,,,,,
2025-09-20,12:01,12:16,吉安市,青原区,烟炉,1.0,阴,小雨,50,25.0,农业抗旱,115.247,27.079,POINT (115.247 27.079),434.0,江西省,吉安市,吉水县,水南镇,matched_within,,,,,,
2025-09-20,17:44,17:59,上饶市,广信区,烟炉,2.0,小雨,小到中雨,50,25.0,水库增蓄,117.846,28.587,POINT (117.846 28.587),1526.0,江西省,上饶市,上饶县,清水乡,matched_within,,,,,,
2025-09-20,13:20,16:23,赣州市,赣县区,火箭弹,2.0,阴,小雨,150,50.0,农业抗旱,115.118,25.838,POINT (115.118 25.838),820.0,江西省,赣州市,赣县,大田乡,matched_within,,,,,,
2025-09-20,17:22,17:37,赣州市,赣县区,烟炉,1.0,阴,小雨,75,25.0,农业抗旱,115.1,26.176,POINT (115.1 26.176),1371.0,江西省,赣州市,赣县,田村镇,matched_within,,,,,,
2025-09-20,09:30,09:45,赣州市,于都县,烟炉,1.0,阴,小雨,50,25.0,农业抗旱,115.523,26.217,POINT (115.523 26.217),501.0,江西省,赣州市,兴国县,杰村乡,matched_within,,,,,,
2025-09-20,07:57,08:12,赣州市,赣县区,烟炉,1.0,阴,小雨,75,25.0,农业抗旱,115.33,26.045,POINT (115.33 26.045),1728.0,江西省,赣州市,赣县,三溪乡,matched_within,,,,,,
2025-09-19,19:54,20:09,赣州市,赣县区,烟炉,1.0,阴,小雨,75,25.0,农业抗旱,115.209,25.633,POINT (115.209 25.633),1685.0,江西省,赣州市,赣县,韩坊乡,matched_within,,,,,,
2025-09-19,20:07,20:12,赣州市,赣县区,烟炉,1.0,阴,阵雨,75,25.0,农业抗旱,115.209,25.633,POINT (115.209 25.633),1685.0,江西省,赣州市,赣县,韩坊乡,matched_within,,,,,,
2025-09-19,16:12,16:27,鹰潭市,余江区,烟炉,1.0,阴,阴,50,,农业抗旱,117.123,28.546,POINT (117.123 28.546),1162.0,江西省,鹰潭市,余江县,高公寨营林场,matched_within,,,,,,
2025-09-18,17:19,17:24,抚州市,东乡区,火箭弹,2.0,阴,小到中雨,100,50.0,农业抗旱,116.65,28.24,POINT (116.65 28.24),1676.0,江西省,抚州市,东乡县,孝岗镇,matched_within,,,,,,
2025-09-18,16:05,16:20,吉安市,青原区,烟炉,1.0,阴,小雨,50,25.0,农业抗旱,115.247,27.079,POINT (115.247 27.079),434.0,江西省,吉安市,吉水县,水南镇,matched_within,,,,,,
2025-09-17,12:20,12:35,南昌市,安义县,烟炉,1.0,阴,阵雨,50,25.0,农业抗旱,115.675,28.792,POINT (115.675 28.792),391.0,江西省,南昌市,湾里区,太平镇,matched_within,,,,,,
2025-09-17,12:15,12:45,南昌市,新建区,烟炉,2.0,阴,小雨,50,25.0,农业抗旱,115.664,28.739,POINT (115.664 28.739),392.0,江西省,南昌市,湾里区,招贤镇,matched_within,,,,,,
2025-09-17,18:02,18:17,吉安市,青原区,烟炉,1.0,阴,小雨,50,25.0,农业抗旱,115.247,27.079,POINT (115.247 27.079),434.0,江西省,吉安市,吉水县,水南镇,matched_within,,,,,,
2025-09-15,13:25,13:40,上饶市,三清山,烟炉,1.0,阴,小到中雨,50,25.0,降低火险,118.031,28.93,POINT (118.031 28.93),1221.0,江西省,上饶市,玉山县,枫林街道,matched_within,,,,,,
2025-09-14,16:07,16:22,上饶市,三清山,烟炉,1.0,小雨,小到中雨,50,25.0,降低火险,118.031,28.93,POINT (118.031 28.93),1221.0,江西省,上饶市,玉山县,枫林街道,matched_within,,,,,,
2025-09-14,13:47,13:52,上饶市,广丰区,烟炉,2.0,阵雨,小雨,50,25.0,农业抗旱,118.259,28.276,POINT (118.259 28.276),1220.0,江西省,上饶市,广丰县,铜钹山镇,matched_within,,,,,,
2025-09-13,13:26,13:41,南昌市,新建区,烟炉,1.0,阴,阵雨,50,25.0,农业抗旱,115.664,28.739,POINT (115.664 28.739),392.0,江西省,南昌市,湾里区,招贤镇,matched_within,,,,,,
2025-09-13,13:27,13:42,南昌市,安义县,烟炉,1.0,阴,小雨,50,25.0,农业抗旱,115.675,28.792,POINT (115.675 28.792),391.0,江西省,南昌市,湾里区,太平镇,matched_within,,,,,,
2025-09-13,15:05,15:08,九江市,柴桑区,火箭弹,2.0,小雨,中雨,150,50.0,农业抗旱,115.84,29.61,POINT (115.84 29.61),200.0,江西省,九江市,九江县,狮子镇,matched_within,,,,,,
2025-09-13,12:52,13:07,南昌市,新建区,烟炉,1.0,阴,阵雨,50,25.0,农业抗旱,115.664,28.739,POINT (115.664 28.739),392.0,江西省,南昌市,湾里区,招贤镇,matched_within,,,,,,
2025-09-13,13:45,14:15,南昌市,安义县,烟炉,2.0,阵雨,小雨,50,25.0,农业抗旱,115.675,28.792,POINT (115.675 28.792),391.0,江西省,南昌市,湾里区,太平镇,matched_within,,,,,,
2025-09-13,13:48,14:03,南昌市,新建区,烟炉,1.0,小雨,中雨,50,25.0,农业抗旱,115.664,28.739,POINT (115.664 28.739),392.0,江西省,南昌市,湾里区,招贤镇,matched_within,,,,,,
2025-09-13,16:56,17:11,南昌市,新建区,烟炉,1.0,阴,小雨,50,25.0,农业抗旱,115.664,28.739,POINT (115.664 28.739),392.0,江西省,南昌市,湾里区,招贤镇,matched_within,,,,,,
2025-09-13,13:20,13:35,上饶市,三清山,烟炉,1.0,阴,小到中雨,50,25.0,降低火险,118.031,28.93,POINT (118.031 28.93),1221.0,江西省,上饶市,玉山县,枫林街道,matched_within,,,,,,
2025-09-13,16:59,17:14,南昌市,安义县,烟炉,1.0,阴,小雨,50,25.0,农业抗旱,115.675,28.792,POINT (115.675 28.792),391.0,江西省,南昌市,湾里区,太平镇,matched_within,,,,,,
2025-09-12,16:56,16:57,鹰潭市,月湖区,火箭弹,2.0,阴,小雨,30,2.0,农业抗旱,117.068,28.449,POINT (117.068 28.449),1133.0,江西省,鹰潭市,贵溪市,塔桥园艺场,matched_within,,,,,,
2025-09-12,15:50,16:05,吉安市,青原区,烟炉,1.0,阴,小雨,50,25.0,农业抗旱,115.247,27.079,POINT (115.247 27.079),434.0,江西省,吉安市,吉水县,水南镇,matched_within,,,,,,
2025-09-11,00:39,00:41,南昌市,新建区,火箭弹,4.0,小雨,中雨,150,50.0,农业抗旱,115.596,28.612,POINT (115.596 28.612),406.0,江西省,南昌市,新建县,西山镇,matched_within,,,,,,
2025-09-11,16:45,17:15,南昌市,新建区,烟炉,2.0,阴,小雨,50,25.0,农业抗旱,115.664,28.739,POINT (115.664 28.739),392.0,江西省,南昌市,湾里区,招贤镇,matched_within,,,,,,
2025-09-11,13:40,13:55,上饶市,三清山,烟炉,1.0,阴,小雨,50,25.0,降低火险,118.031,28.93,POINT (118.031 28.93),1221.0,江西省,上饶市,玉山县,枫林街道,matched_within,,,,,,
2025-09-11,00:00,00:30,南昌市,安义县,烟炉,2.0,阵雨,小雨,50,25.0,农业抗旱,115.675,28.792,POINT (115.675 28.792),391.0,江西省,南昌市,湾里区,太平镇,matched_within,,,,,,
2025-09-11,01:25,01:55,南昌市,安义县,烟炉,2.0,阵雨,小雨,50,25.0,农业抗旱,115.675,28.792,POINT (115.675 28.792),391.0,江西省,南昌市,湾里区,太平镇,matched_within,,,,,,
2025-09-11,00:00,00:30,南昌市,新建区,烟炉,2.0,阵雨,小雨,50,25.0,农业抗旱,115.664,28.739,POINT (115.664 28.739),392.0,江西省,南昌市,湾里区,招贤镇,matched_within,,,,,,
2025-09-11,00:37,01:07,南昌市,安义县,烟炉,2.0,阵雨,小雨,50,25.0,农业抗旱,115.675,28.792,POINT (115.675 28.792),391.0,江西省,南昌市,湾里区,太平镇,matched_within,,,,,,
2025-09-10,23:22,23:52,南昌市,新建区,烟炉,2.0,阵雨,小雨,50,25.0,农业抗旱,115.664,28.739,POINT (115.664 28.739),392.0,江西省,南昌市,湾里区,招贤镇,matched_within,,,,,,
2025-09-10,17:48,18:03,九江市,武宁县,烟炉,1.0,小雨,中雨,50,25.0,农业抗旱,115.192,29.492,POINT (115.192 29.492),1625.0,江西省,九江市,瑞昌市,乐园乡,matched_within,,,,,,
2025-09-10,10:01,10:05,九江市,濂溪区,火箭弹,4.0,小雨,小到中雨,150,50.0,农业抗旱,116.065,29.694,POINT (116.065 29.694),189.0,江西省,九江市,庐山区,虞家河乡,matched_within,,,,,,
2025-09-10,21:48,22:18,南昌市,安义县,烟炉,2.0,阴,小雨,50,25.0,农业抗旱,115.675,28.792,POINT (115.675 28.792),391.0,江西省,南昌市,湾里区,太平镇,matched_within,,,,,,
2025-09-10,22:20,22:50,南昌市,新建区,烟炉,2.0,阵雨,小雨,50,25.0,农业抗旱,115.664,28.739,POINT (115.664 28.739),392.0,江西省,南昌市,湾里区,招贤镇,matched_within,,,,,,
2025-09-10,19:41,19:43,九江市,柴桑区,火箭弹,2.0,阴,小雨,150,50.0,农业抗旱,115.84,29.61,POINT (115.84 29.61),200.0,江西省,九江市,九江县,狮子镇,matched_within,,,,,,
2025-09-10,00:41,01:11,南昌市,新建区,烟炉,2.0,阵雨,小到中雨,50,25.0,农业抗旱,115.664,28.739,POINT (115.664 28.739),392.0,江西省,南昌市,湾里区,招贤镇,matched_within,,,,,,
2025-09-10,21:45,22:15,南昌市,新建区,烟炉,2.0,小雨,小到中雨,50,25.0,农业抗旱,115.664,28.739,POINT (115.664 28.739),392.0,江西省,南昌市,湾里区,招贤镇,matched_within,,,,,,
2025-09-10,23:20,23:50,南昌市,安义县,烟炉,2.0,阵雨,小雨,50,25.0,农业抗旱,115.675,28.792,POINT (115.675 28.792),391.0,江西省,南昌市,湾里区,太平镇,matched_within,,,,,,
2025-09-10,15:27,15:42,上饶市,三清山,烟炉,1.0,阴,小雨,50,25.0,农业抗旱,118.031,28.93,POINT (118.031 28.93),1221.0,江西省,上饶市,玉山县,枫林街道,matched_within,,,,,,
2025-09-10,18:27,18:42,吉安市,青原区,烟炉,1.0,阴,小雨,50,25.0,农业抗旱,115.247,27.079,POINT (115.247 27.079),434.0,江西省,吉安市,吉水县,水南镇,matched_within,,,,,,
2025-09-10,00:00,00:30,南昌市,安义县,烟炉,2.0,阵雨,小雨,50,25.0,农业抗旱,115.675,28.792,POINT (115.675 28.792),391.0,江西省,南昌市,湾里区,太平镇,matched_within,,,,,,
2025-09-10,01:00,01:30,南昌市,安义县,烟炉,2.0,阵雨,小雨,50,25.0,农业抗旱,115.675,28.792,POINT (115.675 28.792),391.0,江西省,南昌市,湾里区,太平镇,matched_within,,,,,,
2025-09-10,00:00,00:15,南昌市,新建区,烟炉,1.0,阴,小雨,50,25.0,农业抗旱,115.664,28.739,POINT (115.664 28.739),392.0,江西省,南昌市,湾里区,招贤镇,matched_within,,,,,,
2025-09-10,22:42,23:12,南昌市,安义县,烟炉,2.0,阴,小雨,50,25.0,农业抗旱,115.675,28.792,POINT (115.675 28.792),391.0,江西省,南昌市,湾里区,太平镇,matched_within,,,,,,
2025-09-09,14:35,14:37,九江市,庐山市,火箭弹,3.0,阴,小雨,50,50.0,农业抗旱,115.876,29.422,POINT (115.876 29.422),1248.0,江西省,九江市,星子县,温泉镇,matched_within,,,,,,
2025-09-09,14:59,15:30,南昌市,安义县,烟炉,2.0,阴,阵雨,50,25.0,农业抗旱,115.675,28.792,POINT (115.675 28.792),391.0,江西省,南昌市,湾里区,太平镇,matched_within,,,,,,
2025-09-09,22:10,22:12,南昌市,新建区,火箭弹,4.0,阴,小到中雨,75,50.0,农业抗旱,115.596,28.612,POINT (115.596 28.612),406.0,江西省,南昌市,新建县,西山镇,matched_within,,,,,,
2025-09-09,14:51,15:22,南昌市,新建区,烟炉,2.0,阴,阵雨,50,25.0,农业抗旱,115.664,28.739,POINT (115.664 28.739),392.0,江西省,南昌市,湾里区,招贤镇,matched_within,,,,,,
2025-09-09,23:44,23:59,南昌市,新建区,烟炉,1.0,阴,小雨,50,25.0,农业抗旱,115.664,28.739,POINT (115.664 28.739),392.0,江西省,南昌市,湾里区,招贤镇,matched_within,,,,,,
2025-09-09,18:07,18:22,南昌市,安义县,烟炉,1.0,阴,阵雨,50,25.0,农业抗旱,115.675,28.792,POINT (115.675 28.792),391.0,江西省,南昌市,湾里区,太平镇,matched_within,,,,,,
2025-09-09,15:32,15:47,南昌市,安义县,烟炉,1.0,阴,阵雨,50,25.0,农业抗旱,115.675,28.792,POINT (115.675 28.792),391.0,江西省,南昌市,湾里区,太平镇,matched_within,,,,,,
2025-09-09,04:14,04:29,南昌市,安义县,烟炉,1.0,阴,阵雨,50,25.0,农业抗旱,115.675,28.792,POINT (115.675 28.792),391.0,江西省,南昌市,湾里区,太平镇,matched_within,,,,,,
2025-09-08,15:54,16:09,上饶市,广信区,烟炉,1.0,阴,阵雨,50,25.0,城镇降温,117.846,28.587,POINT (117.846 28.587),1526.0,江西省,上饶市,上饶县,清水乡,matched_within,,,,,,
2025-09-06,11:16,11:31,南昌市,新建区,烟炉,1.0,阴,阵雨,50,25.0,农业抗旱,115.664,28.739,POINT (115.664 28.739),392.0,江西省,南昌市,湾里区,招贤镇,matched_within,,,,,,
2025-09-06,11:16,11:47,南昌市,安义县,烟炉,2.0,阴,小雨,50,25.0,农业抗旱,115.675,28.792,POINT (115.675 28.792),391.0,江西省,南昌市,湾里区,太平镇,matched_within,,,,,,
2025-09-06,11:55,12:06,南昌市,安义县,烟炉,1.0,小雨,小雨,50,25.0,农业抗旱,115.675,28.792,POINT (115.675 28.792),391.0,江西省,南昌市,湾里区,太平镇,matched_within,,,,,,
2025-09-05,15:49,16:04,南昌市,新建区,烟炉,1.0,阴,阵雨,50,25.0,农业抗旱,115.664,28.739,POINT (115.664 28.739),392.0,江西省,南昌市,湾里区,招贤镇,matched_within,,,,,,
2025-09-05,17:45,18:01,赣州市,于都县,烟炉,1.0,阴,小雨,50,25.0,农业抗旱,115.523,26.217,POINT (115.523 26.217),501.0,江西省,赣州市,兴国县,杰村乡,matched_within,,,,,,
2025-09-04,15:20,15:35,南昌市,新建区,烟炉,1.0,阴,阵雨,50,25.0,农业抗旱,115.664,28.739,POINT (115.664 28.739),392.0,江西省,南昌市,湾里区,招贤镇,matched_within,,,,,,
2025-09-04,15:15,15:30,九江市,武宁县,烟炉,1.0,小雨,中雨,50,25.0,农业抗旱,115.192,29.492,POINT (115.192 29.492),1625.0,江西省,九江市,瑞昌市,乐园乡,matched_within,,,,,,
2025-09-04,12:08,12:38,南昌市,新建区,烟炉,2.0,阴,阵雨,50,25.0,农业抗旱,115.664,28.739,POINT (115.664 28.739),392.0,江西省,南昌市,湾里区,招贤镇,matched_within,,,,,,
2025-09-04,14:43,14:58,南昌市,新建区,烟炉,1.0,阴,阵雨,50,25.0,农业抗旱,115.664,28.739,POINT (115.664 28.739),392.0,江西省,南昌市,湾里区,招贤镇,matched_within,,,,,,
2025-09-04,15:45,16:15,南昌市,安义县,烟炉,2.0,阴,中雨,50,25.0,农业抗旱,115.675,28.792,POINT (115.675 28.792),391.0,江西省,南昌市,湾里区,太平镇,matched_within,,,,,,
2025-09-04,16:18,16:33,南昌市,新建区,烟炉,1.0,阴,小雨,50,25.0,农业抗旱,115.664,28.739,POINT (115.664 28.739),392.0,江西省,南昌市,湾里区,招贤镇,matched_within,,,,,,
2025-09-04,15:45,16:15,南昌市,新建区,烟炉,2.0,小到中雨,中雨,50,25.0,农业抗旱,115.664,28.739,POINT (115.664 28.739),392.0,江西省,南昌市,湾里区,招贤镇,matched_within,,,,,,
2025-09-04,16:18,16:48,南昌市,安义县,烟炉,2.0,阵雨,小雨,50,25.0,农业抗旱,115.675,28.792,POINT (115.675 28.792),391.0,江西省,南昌市,湾里区,太平镇,matched_within,,,,,,
2025-09-03,16:15,16:20,九江市,庐山市,火箭弹,3.0,阴,小雨,150,,农业抗旱,115.876,29.422,POINT (115.876 29.422),1248.0,江西省,九江市,星子县,温泉镇,matched_within,,,,,,
2025-09-02,16:14,16:29,吉安市,青原区,烟炉,1.0,阴,小雨,50,25.0,农业抗旱,115.247,27.079,POINT (115.247 27.079),434.0,江西省,吉安市,吉水县,水南镇,matched_within,,,,,,
2025-09-02,11:32,11:47,上饶市,三清山,烟炉,1.0,小雨,中雨,50,25.0,降低火险,118.031,28.93,POINT (118.031 28.93),1221.0,江西省,上饶市,玉山县,枫林街道,matched_within,,,,,,
2025-09-02,15:42,15:57,赣州市,赣县区,烟炉,1.0,阴,小雨,50,25.0,农业抗旱,115.209,25.633,POINT (115.209 25.633),1685.0,江西省,赣州市,赣县,韩坊乡,matched_within,,,,,,
2025-09-02,15:50,16:05,赣州市,赣县区,烟炉,1.0,阴,小雨,50,25.0,农业抗旱,115.014,25.758,POINT (115.014 25.758),1394.0,江西省,赣州市,章贡区,沙石镇,matched_within,,,,,,
2025-09-01,17:45,17:48,抚州市,东乡区,火箭弹,2.0,小雨,中到大雨,100,,农业抗旱,116.6,28.29,POINT (116.6 28.29),1676.0,江西省,抚州市,东乡县,孝岗镇,matched_within,,,,,,
2025-09-01,16:11,16:26,赣州市,赣县区,烟炉,1.0,阴,小雨,50,25.0,农业抗旱,115.014,25.758,POINT (115.014 25.758),1394.0,江西省,赣州市,章贡区,沙石镇,matched_within,,,,,,
2025-09-01,16:48,17:03,吉安市,永丰县,烟炉,1.0,小雨,中到大雨,50,25.0,农业抗旱,115.746,27.113,POINT (115.746 27.113),1664.0,江西省,抚州市,乐安县,罗陂乡,matched_within,,,,,,
2025-09-01,15:51,16:06,南昌市,新建区,烟炉,1.0,阴,阵雨,50,25.0,农业抗旱,115.664,28.739,POINT (115.664 28.739),392.0,江西省,南昌市,湾里区,招贤镇,matched_within,,,,,,
2025-09-01,18:33,18:48,抚州市,崇仁县,烟炉,1.0,小雨,小到中雨,50,25.0,农业抗旱,115.872,27.859,POINT (115.872 27.859),1463.0,江西省,宜春市,丰城市,洛市镇,matched_within,,,,,,
2025-09-01,16:42,16:44,九江市,庐山市,火箭弹,3.0,小雨,中雨,50,,农业抗旱,115.876,29.422,POINT (115.876 29.422),1248.0,江西省,九江市,星子县,温泉镇,matched_within,,,,,,
2025-09-01,16:36,16:51,吉安市,青原区,烟炉,1.0,小雨,小到中雨,50,25.0,农业抗旱,115.247,27.079,POINT (115.247 27.079),434.0,江西省,吉安市,吉水县,水南镇,matched_within,,,,,,
2025-09-01,19:33,19:48,南昌市,新建区,烟炉,1.0,阴,阵雨,50,25.0,农业抗旱,115.664,28.739,POINT (115.664 28.739),392.0,江西省,南昌市,湾里区,招贤镇,matched_within,,,,,,
2025-09-01,15:52,16:38,南昌市,安义县,烟炉,3.0,阴,小雨,50,25.0,农业抗旱,115.675,28.792,POINT (115.675 28.792),391.0,江西省,南昌市,湾里区,太平镇,matched_within,,,,,,
2025-09-01,16:29,16:32,九江市,柴桑区,火箭弹,2.0,小雨,中雨,150,50.0,农业抗旱,115.84,29.61,POINT (115.84 29.61),200.0,江西省,九江市,九江县,狮子镇,matched_within,,,,,,
2025-08-31,16:10,16:25,抚州市,乐安县,烟炉,1.0,阴,小雨,50,25.0,农业抗旱,115.418,27.568,POINT (115.418 27.568),33.0,江西省,吉安市,峡江县,马埠镇,matched_within,,,,,,
2025-08-31,13:54,14:09,南昌市,安义县,烟炉,1.0,阴,阵雨,50,25.0,农业抗旱,115.675,28.792,POINT (115.675 28.792),391.0,江西省,南昌市,湾里区,太平镇,matched_within,,,,,,
2025-08-31,16:56,17:01,抚州市,东乡区,火箭弹,2.0,阴,小雨,80,,农业抗旱,116.6,28.29,POINT (116.6 28.29),1676.0,江西省,抚州市,东乡县,孝岗镇,matched_within,,,,,,
2025-08-31,16:09,16:24,南昌市,安义县,烟炉,1.0,阴,阵雨,50,25.0,农业抗旱,115.675,28.792,POINT (115.675 28.792),391.0,江西省,南昌市,湾里区,太平镇,matched_within,,,,,,
2025-08-31,16:12,16:27,南昌市,新建区,烟炉,1.0,阴,阵雨,50,25.0,农业抗旱,115.664,28.739,POINT (115.664 28.739),392.0,江西省,南昌市,湾里区,招贤镇,matched_within,,,,,,
2025-08-31,14:05,14:20,吉安市,永丰县,烟炉,1.0,阴,小雨,50,25.0,农业抗旱,115.746,27.113,POINT (115.746 27.113),1664.0,江西省,抚州市,乐安县,罗陂乡,matched_within,,,,,,
2025-08-31,16:54,16:59,抚州市,乐安县,烟炉,1.0,阴,小雨,50,25.0,农业抗旱,115.418,27.568,POINT (115.418 27.568),33.0,江西省,吉安市,峡江县,马埠镇,matched_within,,,,,,
2025-08-31,14:40,14:43,九江市,柴桑区,火箭弹,3.0,阴,阴,150,50.0,农业抗旱,115.84,29.61,POINT (115.84 29.61),200.0,江西省,九江市,九江县,狮子镇,matched_within,,,,,,
2025-08-31,15:08,15:38,南昌市,安义县,烟炉,2.0,阴,小雨,50,25.0,农业抗旱,115.675,28.792,POINT (115.675 28.792),391.0,江西省,南昌市,湾里区,太平镇,matched_within,,,,,,
2025-08-31,13:49,14:04,九江市,武宁县,烟炉,1.0,小雨,中雨,50,25.0,农业抗旱,115.192,29.492,POINT (115.192 29.492),1625.0,江西省,九江市,瑞昌市,乐园乡,matched_within,,,,,,
2025-08-31,17:38,17:53,赣州市,赣县区,烟炉,1.0,阴,小雨,50,25.0,农业抗旱,115.1,26.176,POINT (115.1 26.176),1371.0,江西省,赣州市,赣县,田村镇,matched_within,,,,,,
2025-08-31,19:35,19:50,鹰潭市,余江区,烟炉,1.0,阴,小雨,50,25.0,农业抗旱,117.123,28.546,POINT (117.123 28.546),1162.0,江西省,鹰潭市,余江县,高公寨营林场,matched_within,,,,,,
2025-08-31,16:48,16:53,抚州市,乐安县,烟炉,1.0,阴,小雨,50,25.0,农业抗旱,115.418,27.568,POINT (115.418 27.568),33.0,江西省,吉安市,峡江县,马埠镇,matched_within,,,,,,
2025-08-31,13:49,14:19,南昌市,新建区,烟炉,2.0,阴,阵雨,50,25.0,农业抗旱,115.664,28.739,POINT (115.664 28.739),392.0,江西省,南昌市,湾里区,招贤镇,matched_within,,,,,,
2025-08-31,15:20,15:35,南昌市,新建区,烟炉,1.0,阴,小雨,50,25.0,农业抗旱,115.664,28.739,POINT (115.664 28.739),392.0,江西省,南昌市,湾里区,招贤镇,matched_within,,,,,,
2025-08-30,11:43,12:13,南昌市,新建区,烟炉,2.0,阴,小雨,50,25.0,农业抗旱,115.664,28.739,POINT (115.664 28.739),392.0,江西省,南昌市,湾里区,招贤镇,matched_within,,,,,,
2025-08-30,17:02,17:32,抚州市,乐安县,烟炉,2.0,阵雨,小到中雨,50,25.0,农业抗旱,115.418,27.568,POINT (115.418 27.568),33.0,江西省,吉安市,峡江县,马埠镇,matched_within,,,,,,
2025-08-30,17:03,17:05,九江市,柴桑区,火箭弹,4.0,阴,阴,150,50.0,农业抗旱,115.84,29.61,POINT (115.84 29.61),200.0,江西省,九江市,九江县,狮子镇,matched_within,,,,,,
2025-08-30,11:45,12:15,南昌市,安义县,烟炉,2.0,阴,阵雨,50,25.0,农业抗旱,115.675,28.792,POINT (115.675 28.792),391.0,江西省,南昌市,湾里区,太平镇,matched_within,,,,,,
2025-08-30,19:20,19:35,赣州市,赣县区,烟炉,1.0,阴,小雨,50,25.0,农业抗旱,115.1,26.176,POINT (115.1 26.176),1371.0,江西省,赣州市,赣县,田村镇,matched_within,,,,,,
2025-08-30,17:05,17:10,九江市,庐山市,火箭弹,3.0,小雨,中雨,150,50.0,农业抗旱,115.876,29.422,POINT (115.876 29.422),1248.0,江西省,九江市,星子县,温泉镇,matched_within,,,,,,
2025-08-30,16:53,17:23,南昌市,新建区,烟炉,2.0,阴,小雨,50,25.0,农业抗旱,115.664,28.739,POINT (115.664 28.739),392.0,江西省,南昌市,湾里区,招贤镇,matched_within,,,,,,
2025-08-30,16:50,17:20,南昌市,安义县,烟炉,2.0,小雨,小到中雨,50,25.0,农业抗旱,115.675,28.792,POINT (115.675 28.792),391.0,江西省,南昌市,湾里区,太平镇,matched_within,,,,,,
2025-08-30,14:38,14:53,鹰潭市,余江区,烟炉,1.0,阴,阵雨,50,25.0,农业抗旱,117.123,28.546,POINT (117.123 28.546),1162.0,江西省,鹰潭市,余江县,高公寨营林场,matched_within,,,,,,
2025-08-30,12:44,12:59,九江市,武宁县,烟炉,1.0,小雨,中到大雨,50,25.0,农业抗旱,115.192,29.492,POINT (115.192 29.492),1625.0,江西省,九江市,瑞昌市,乐园乡,matched_within,,,,,,
2025-08-30,18:55,19:10,上饶市,广信区,烟炉,1.0,阴,阵雨,50,25.0,改善空气,117.846,28.587,POINT (117.846 28.587),1526.0,江西省,上饶市,上饶县,清水乡,matched_within,,,,,,
2025-08-29,15:50,16:05,九江市,武宁县,烟炉,1.0,阴,小雨,50,25.0,农业抗旱,115.192,29.492,POINT (115.192 29.492),1625.0,江西省,九江市,瑞昌市,乐园乡,matched_within,,,,,,
2025-08-29,15:50,15:55,南昌市,新建区,烟炉,1.0,阴,小雨,50,25.0,农业抗旱,115.664,28.739,POINT (115.664 28.739),392.0,江西省,南昌市,湾里区,招贤镇,matched_within,,,,,,
2025-08-29,15:30,15:45,南昌市,安义县,烟炉,1.0,阴,阵雨,50,25.0,农业抗旱,115.675,28.792,POINT (115.675 28.792),391.0,江西省,南昌市,湾里区,太平镇,matched_within,,,,,,
2025-08-28,17:43,17:58,吉安市,青原区,烟炉,1.0,小雨,小到中雨,50,25.0,农业抗旱,115.247,27.079,POINT (115.247 27.079),434.0,江西省,吉安市,吉水县,水南镇,matched_within,,,,,,
2025-08-27,15:50,15:53,鹰潭市,月湖区,火箭弹,3.0,阴,中雨,150,50.0,农业抗旱,117.074,27.994,POINT (117.074 27.994),1117.0,江西省,鹰潭市,贵溪市,上清镇,matched_within,,,,,,
2025-08-27,16:50,17:05,吉安市,青原区,烟炉,1.0,阴,小雨,50,25.0,农业抗旱,115.247,27.079,POINT (115.247 27.079),434.0,江西省,吉安市,吉水县,水南镇,matched_within,,,,,,
2025-08-26,16:11,16:16,九江市,庐山市,烟炉,1.0,阴,小雨,15,1.0,农业抗旱,115.955,29.535,POINT (115.955 29.535),227.0,江西省,九江市,庐山区,牯岭镇,matched_within,,,,,,
2025-08-26,20:14,20:44,南昌市,新建区,烟炉,2.0,阴,小雨,50,25.0,农业抗旱,115.664,28.739,POINT (115.664 28.739),392.0,江西省,南昌市,湾里区,招贤镇,matched_within,,,,,,
2025-08-26,15:50,16:20,抚州市,崇仁县,烟炉,2.0,小雨,小到中雨,50,25.0,农业抗旱,115.872,27.859,POINT (115.872 27.859),1463.0,江西省,宜春市,丰城市,洛市镇,matched_within,,,,,,
2025-08-26,17:10,17:15,抚州市,东乡区,火箭弹,2.0,阴,小到中雨,100,,农业抗旱,116.6,28.29,POINT (116.6 28.29),1676.0,江西省,抚州市,东乡县,孝岗镇,matched_within,,,,,,
2025-08-26,15:32,15:47,南昌市,新建区,烟炉,1.0,阴,小雨,50,25.0,农业抗旱,115.664,28.739,POINT (115.664 28.739),392.0,江西省,南昌市,湾里区,招贤镇,matched_within,,,,,,
2025-08-26,13:03,13:18,南昌市,新建区,烟炉,1.0,小雨,中雨,50,25.0,农业抗旱,115.664,28.739,POINT (115.664 28.739),392.0,江西省,南昌市,湾里区,招贤镇,matched_within,,,,,,
2025-08-26,16:28,16:31,上饶市,广信区,火箭弹,2.0,阴,小到中雨,150,50.0,农业抗旱,117.886,28.551,POINT (117.886 28.551),1526.0,江西省,上饶市,上饶县,清水乡,matched_within,,,,,,
2025-08-26,16:15,16:17,鹰潭市,月湖区,火箭弹,3.0,阴,中雨,150,50.0,农业抗旱,117.056,28.299,POINT (117.056 28.299),1128.0,江西省,鹰潭市,贵溪市,江北街道,matched_within,,,,,,
2025-08-26,20:55,21:10,南昌市,新建区,烟炉,1.0,阴,小雨,50,25.0,农业抗旱,115.664,28.739,POINT (115.664 28.739),392.0,江西省,南昌市,湾里区,招贤镇,matched_within,,,,,,
2025-08-26,15:16,15:46,抚州市,乐安县,烟炉,2.0,阴,小到中雨,50,25.0,农业抗旱,115.418,27.568,POINT (115.418 27.568),33.0,江西省,吉安市,峡江县,马埠镇,matched_within,,,,,,
2025-08-26,20:14,20:44,南昌市,安义县,烟炉,2.0,阴,小雨,50,25.0,农业抗旱,115.675,28.792,POINT (115.675 28.792),391.0,江西省,南昌市,湾里区,太平镇,matched_within,,,,,,
2025-08-26,15:30,15:45,九江市,庐山市,烟炉,1.0,阴,小雨,15,1.0,水库增蓄,115.956,29.56,POINT (115.956 29.56),227.0,江西省,九江市,庐山区,牯岭镇,matched_within,,,,,,
2025-08-26,16:10,16:15,九江市,庐山市,烟炉,1.0,阴,小雨,15,1.0,农业抗旱,115.993,29.58,POINT (115.993 29.58),227.0,江西省,九江市,庐山区,牯岭镇,matched_within,,,,,,
2025-08-26,20:55,21:10,南昌市,安义县,烟炉,1.0,阴,阵雨,50,25.0,农业抗旱,115.675,28.792,POINT (115.675 28.792),391.0,江西省,南昌市,湾里区,太平镇,matched_within,,,,,,
2025-08-26,15:55,16:12,南昌市,安义县,烟炉,1.0,阴,阵雨,50,25.0,农业抗旱,115.675,28.792,POINT (115.675 28.792),391.0,江西省,南昌市,湾里区,太平镇,matched_within,,,,,,
2025-08-26,15:57,16:12,鹰潭市,余江区,烟炉,1.0,阴,小雨,50,25.0,农业抗旱,117.123,28.546,POINT (117.123 28.546),1162.0,江西省,鹰潭市,余江县,高公寨营林场,matched_within,,,,,,
2025-08-26,17:30,17:45,吉安市,青原区,烟炉,1.0,阴,小雨,50,25.0,农业抗旱,115.247,27.079,POINT (115.247 27.079),434.0,江西省,吉安市,吉水县,水南镇,matched_within,,,,,,
2025-08-25,12:30,13:00,上饶市,三清山,烟炉,2.0,阴,小雨,50,25.0,降低火险,118.031,28.93,POINT (118.031 28.93),1221.0,江西省,上饶市,玉山县,枫林街道,matched_within,,,,,,
2025-08-25,19:55,20:00,九江市,庐山市,火箭弹,3.0,阴,小雨,50,,农业抗旱,115.876,29.422,POINT (115.876 29.422),1248.0,江西省,九江市,星子县,温泉镇,matched_within,,,,,,
2025-08-25,13:16,13:31,九江市,武宁县,烟炉,1.0,阴,小雨,50,25.0,农业抗旱,115.192,29.492,POINT (115.192 29.492),1625.0,江西省,九江市,瑞昌市,乐园乡,matched_within,,,,,,
2025-08-25,15:08,15:41,南昌市,安义县,烟炉,2.0,阵雨,小雨,50,25.0,农业抗旱,115.675,28.792,POINT (115.675 28.792),391.0,江西省,南昌市,湾里区,太平镇,matched_within,,,,,,
2025-08-24,16:51,17:21,吉安市,青原区,烟炉,2.0,阴,小雨,50,25.0,农业抗旱,115.247,27.079,POINT (115.247 27.079),434.0,江西省,吉安市,吉水县,水南镇,matched_within,,,,,,
2025-08-24,14:58,15:13,吉安市,永丰县,烟炉,1.0,阴,小雨,50,25.0,农业抗旱,115.746,27.113,POINT (115.746 27.113),1664.0,江西省,抚州市,乐安县,罗陂乡,matched_within,,,,,,
2025-08-23,08:03,08:38,南昌市,安义县,烟炉,2.0,阴,阵雨,50,25.0,农业抗旱,115.675,28.792,POINT (115.675 28.792),391.0,江西省,南昌市,湾里区,太平镇,matched_within,,,,,,
2025-08-23,08:06,08:23,南昌市,新建区,烟炉,1.0,阴,阵雨,50,25.0,农业抗旱,115.664,28.739,POINT (115.664 28.739),392.0,江西省,南昌市,湾里区,招贤镇,matched_within,,,,,,
2025-08-22,15:20,15:45,上饶市,广丰区,烟炉,1.0,阵雨,小雨,50,25.0,农业抗旱,118.259,28.276,POINT (118.259 28.276),1220.0,江西省,上饶市,广丰县,铜钹山镇,matched_within,,,,,,
2025-08-22,14:39,15:09,南昌市,安义县,烟炉,2.0,小雨,小到中雨,50,25.0,农业抗旱,115.675,28.792,POINT (115.675 28.792),391.0,江西省,南昌市,湾里区,太平镇,matched_within,,,,,,
2025-08-22,17:05,17:06,鹰潭市,余江区,火箭弹,2.0,阴,小雨,150,50.0,农业抗旱,117.056,28.511,POINT (117.056 28.511),1396.0,江西省,鹰潭市,余江县,画桥镇,matched_within,,,,,,
2025-08-22,15:55,16:10,九江市,武宁县,烟炉,1.0,阴,小雨,50,25.0,农业抗旱,115.192,29.492,POINT (115.192 29.492),1625.0,江西省,九江市,瑞昌市,乐园乡,matched_within,,,,,,
2025-08-22,16:55,16:57,九江市,濂溪区,火箭弹,4.0,中雨,大雨,150,50.0,农业抗旱,116.065,29.694,POINT (116.065 29.694),189.0,江西省,九江市,庐山区,虞家河乡,matched_within,,,,,,
2025-08-22,15:03,15:33,南昌市,新建区,烟炉,2.0,阵雨,小雨,50,25.0,农业抗旱,115.664,28.739,POINT (115.664 28.739),392.0,江西省,南昌市,湾里区,招贤镇,matched_within,,,,,,
2025-08-22,13:20,13:35,九江市,武宁县,烟炉,1.0,阴,小雨,50,25.0,农业抗旱,115.192,29.492,POINT (115.192 29.492),1625.0,江西省,九江市,瑞昌市,乐园乡,matched_within,,,,,,
2025-08-22,14:07,14:37,南昌市,安义县,烟炉,2.0,小雨,小到中雨,50,25.0,农业抗旱,115.675,28.792,POINT (115.675 28.792),391.0,江西省,南昌市,湾里区,太平镇,matched_within,,,,,,
2025-08-22,14:20,14:50,南昌市,新建区,烟炉,2.0,小雨,小到中雨,50,25.0,农业抗旱,115.664,28.739,POINT (115.664 28.739),392.0,江西省,南昌市,湾里区,招贤镇,matched_within,,,,,,
2025-08-22,20:12,20:27,吉安市,青原区,烟炉,1.0,阴,小雨,50,25.0,农业抗旱,115.247,27.079,POINT (115.247 27.079),434.0,江西省,吉安市,吉水县,水南镇,matched_within,,,,,,
2025-08-22,15:11,15:42,南昌市,安义县,烟炉,2.0,小雨,小到中雨,50,25.0,农业抗旱,115.675,28.792,POINT (115.675 28.792),391.0,江西省,南昌市,湾里区,太平镇,matched_within,,,,,,
2025-08-22,13:45,14:15,南昌市,新建区,烟炉,2.0,阴,阵雨,50,25.0,农业抗旱,115.664,28.739,POINT (115.664 28.739),392.0,江西省,南昌市,湾里区,招贤镇,matched_within,,,,,,
2025-08-22,10:40,11:01,上饶市,广丰区,烟炉,1.0,阵雨,小雨,50,25.0,农业抗旱,118.259,28.276,POINT (118.259 28.276),1220.0,江西省,上饶市,广丰县,铜钹山镇,matched_within,,,,,,
2025-08-21,15:18,15:48,九江市,武宁县,烟炉,2.0,小雨,中雨,50,25.0,农业抗旱,115.192,29.492,POINT (115.192 29.492),1625.0,江西省,九江市,瑞昌市,乐园乡,matched_within,,,,,,
2025-08-21,14:26,14:41,鹰潭市,余江区,烟炉,1.0,阴,小雨,50,25.0,农业抗旱,117.123,28.546,POINT (117.123 28.546),1162.0,江西省,鹰潭市,余江县,高公寨营林场,matched_within,,,,,,
2025-08-21,14:50,15:05,上饶市,广信区,烟炉,1.0,小雨,中雨,50,25.0,水库增蓄,117.846,28.587,POINT (117.846 28.587),1526.0,江西省,上饶市,上饶县,清水乡,matched_within,,,,,,
2025-08-21,21:03,21:04,九江市,柴桑区,火箭弹,2.0,阴,小雨,150,50.0,农业抗旱,115.84,29.61,POINT (115.84 29.61),200.0,江西省,九江市,九江县,狮子镇,matched_within,,,,,,
2025-08-21,17:18,17:21,鹰潭市,月湖区,火箭弹,2.0,阴,小雨,150,50.0,农业抗旱,117.056,28.299,POINT (117.056 28.299),1128.0,江西省,鹰潭市,贵溪市,江北街道,matched_within,,,,,,
2025-08-21,16:53,16:57,鹰潭市,余江区,火箭弹,2.0,阴,小雨,150,50.0,农业抗旱,116.778,28.202,POINT (116.778 28.202),1504.0,江西省,鹰潭市,余江县,杨溪乡,matched_within,,,,,,
2025-08-21,16:32,16:35,抚州市,东乡区,火箭弹,2.0,小雨,大雨,100,,农业抗旱,116.6,28.29,POINT (116.6 28.29),1676.0,江西省,抚州市,东乡县,孝岗镇,matched_within,,,,,,
2025-08-21,21:55,21:59,九江市,庐山市,火箭弹,3.0,小雨,中到大雨,50,,农业抗旱,115.876,29.422,POINT (115.876 29.422),1248.0,江西省,九江市,星子县,温泉镇,matched_within,,,,,,
2025-08-20,18:58,19:13,赣州市,赣县区,烟炉,1.0,阴,小雨,50,25.0,农业抗旱,115.209,25.633,POINT (115.209 25.633),1685.0,江西省,赣州市,赣县,韩坊乡,matched_within,,,,,,
2025-08-20,18:55,19:10,赣州市,赣县区,烟炉,1.0,小雨,中雨,50,25.0,农业抗旱,115.014,25.758,POINT (115.014 25.758),1394.0,江西省,赣州市,章贡区,沙石镇,matched_within,,,,,,
2025-08-14,14:59,15:14,南昌市,安义县,烟炉,1.0,阴,阵雨,50,25.0,农业抗旱,115.675,28.792,POINT (115.675 28.792),391.0,江西省,南昌市,湾里区,太平镇,matched_within,,,,,,
2025-08-13,14:54,15:24,南昌市,新建区,烟炉,2.0,阴,小到中雨,50,25.0,农业抗旱,115.664,28.739,POINT (115.664 28.739),392.0,江西省,南昌市,湾里区,招贤镇,matched_within,,,,,,
2025-08-13,15:05,15:20,南昌市,安义县,烟炉,1.0,阵雨,小雨,50,25.0,农业抗旱,115.675,28.792,POINT (115.675 28.792),391.0,江西省,南昌市,湾里区,太平镇,matched_within,,,,,,
2025-08-13,12:28,12:43,南昌市,安义县,烟炉,1.0,阴,阵雨,50,25.0,农业抗旱,115.675,28.792,POINT (115.675 28.792),391.0,江西省,南昌市,湾里区,太平镇,matched_within,,,,,,
2025-08-13,14:30,14:45,吉安市,青原区,烟炉,1.0,小雨,中雨,50,25.0,农业抗旱,115.247,27.079,POINT (115.247 27.079),434.0,江西省,吉安市,吉水县,水南镇,matched_within,,,,,,
2025-08-13,15:28,15:43,南昌市,新建区,烟炉,1.0,小雨,小到中雨,50,25.0,农业抗旱,115.664,28.739,POINT (115.664 28.739),392.0,江西省,南昌市,湾里区,招贤镇,matched_within,,,,,,
2025-08-13,15:53,16:23,南昌市,安义县,烟炉,2.0,阵雨,小雨,50,25.0,农业抗旱,115.675,28.792,POINT (115.675 28.792),391.0,江西省,南昌市,湾里区,太平镇,matched_within,,,,,,
2025-08-13,14:00,14:05,九江市,武宁县,火箭弹,3.0,小雨,中雨,150,50.0,农业抗旱,114.752,29.084,POINT (114.752 29.084),1432.0,江西省,九江市,修水县,庙岭乡,matched_within,,,,,,
2025-08-12,17:36,17:38,九江市,庐山市,火箭弹,3.0,小雨,大雨,150,50.0,农业抗旱,115.876,29.422,POINT (115.876 29.422),1248.0,江西省,九江市,星子县,温泉镇,matched_within,,,,,,
2025-08-12,14:09,14:11,鹰潭市,余江区,火箭弹,2.0,阴,小到中雨,150,50.0,农业抗旱,117.056,28.511,POINT (117.056 28.511),1396.0,江西省,鹰潭市,余江县,画桥镇,matched_within,,,,,,
2025-08-12,14:40,14:55,上饶市,广信区,烟炉,1.0,小雨,中雨,50,25.0,水库增蓄,117.846,28.587,POINT (117.846 28.587),1526.0,江西省,上饶市,上饶县,清水乡,matched_within,,,,,,
2025-08-12,17:10,17:11,九江市,柴桑区,火箭弹,4.0,小雨,中雨,150,50.0,农业抗旱,115.718,29.586,POINT (115.718 29.586),198.0,江西省,九江市,九江县,新塘乡,matched_within,,,,,,
2025-08-12,18:25,18:46,上饶市,广丰区,烟炉,1.0,小雨,小到中雨,50,25.0,农业抗旱,118.259,28.276,POINT (118.259 28.276),1220.0,江西省,上饶市,广丰县,铜钹山镇,matched_within,,,,,,
2025-08-12,15:10,15:13,抚州市,东乡区,火箭弹,2.0,中到大雨,大雨,120,50.0,农业抗旱,116.6,28.29,POINT (116.6 28.29),1676.0,江西省,抚州市,东乡县,孝岗镇,matched_within,,,,,,
2025-08-12,14:36,14:51,九江市,武宁县,烟炉,1.0,阴,小雨,50,25.0,农业抗旱,115.192,29.492,POINT (115.192 29.492),1625.0,江西省,九江市,瑞昌市,乐园乡,matched_within,,,,,,
2025-08-12,14:05,14:07,鹰潭市,月湖区,火箭弹,3.0,阴,小到中雨,150,15.0,水库增蓄,117.068,28.449,POINT (117.068 28.449),1133.0,江西省,鹰潭市,贵溪市,塔桥园艺场,matched_within,,,,,,
2025-08-11,13:32,13:33,九江市,柴桑区,火箭弹,3.0,阴,阵雨,150,50.0,农业抗旱,115.84,29.61,POINT (115.84 29.61),200.0,江西省,九江市,九江县,狮子镇,matched_within,,,,,,
2025-08-07,18:31,18:46,南昌市,安义县,烟炉,1.0,阴,阵雨,50,25.0,农业抗旱,115.675,28.792,POINT (115.675 28.792),391.0,江西省,南昌市,湾里区,太平镇,matched_within,,,,,,
2025-08-07,19:20,19:35,上饶市,三清山,烟炉,1.0,阴,小雨,50,25.0,降低火险,118.031,28.93,POINT (118.031 28.93),1221.0,江西省,上饶市,玉山县,枫林街道,matched_within,,,,,,
2025-08-07,18:33,18:48,南昌市,新建区,烟炉,1.0,阴,阵雨,50,25.0,水库增蓄,115.664,28.739,POINT (115.664 28.739),392.0,江西省,南昌市,湾里区,招贤镇,matched_within,,,,,,
2025-08-07,19:27,19:42,南昌市,新建区,烟炉,1.0,阴,阵雨,50,25.0,水库增蓄,115.664,28.739,POINT (115.664 28.739),392.0,江西省,南昌市,湾里区,招贤镇,matched_within,,,,,,
2025-08-07,19:30,19:45,南昌市,安义县,烟炉,1.0,阴,阵雨,50,25.0,农业抗旱,115.675,28.792,POINT (115.675 28.792),391.0,江西省,南昌市,湾里区,太平镇,matched_within,,,,,,
2025-08-06,14:23,14:49,鹰潭市,月湖区,烟炉,1.0,阴,小雨,50,25.0,农业抗旱,117.276,28.582,POINT (117.276 28.582),1524.0,江西省,上饶市,弋阳县,中畈乡,matched_within,,,,,,
2025-08-06,15:18,15:19,上饶市,广丰区,火箭弹,2.0,小雨,小到中雨,150,50.0,农业抗旱,118.196,28.482,POINT (118.196 28.482),133.0,江西省,上饶市,广丰县,下溪镇,matched_within,,,,,,
2025-08-05,16:47,16:55,鹰潭市,余江区,火箭弹,2.0,阴,小雨,150,50.0,农业抗旱,117.056,28.511,POINT (117.056 28.511),1396.0,江西省,鹰潭市,余江县,画桥镇,matched_within,,,,,,
2025-08-04,14:03,14:34,九江市,武宁县,烟炉,2.0,阴,小雨,50,25.0,农业抗旱,115.192,29.492,POINT (115.192 29.492),1625.0,江西省,九江市,瑞昌市,乐园乡,matched_within,,,,,,
2025-08-01,17:15,17:17,九江市,柴桑区,火箭弹,2.0,阴,小雨,150,50.0,农业抗旱,115.84,29.61,POINT (115.84 29.61),200.0,江西省,九江市,九江县,狮子镇,matched_within,,,,,,
2025-07-29,16:45,17:00,九江市,武宁县,烟炉,1.0,阴,小雨,50,25.0,农业抗旱,115.192,29.492,POINT (115.192 29.492),1625.0,江西省,九江市,瑞昌市,乐园乡,matched_within,,,,,,
2025-07-28,16:50,17:11,上饶市,广丰区,烟炉,1.0,阴,小雨,50,25.0,农业抗旱,118.259,28.276,POINT (118.259 28.276),1220.0,江西省,上饶市,广丰县,铜钹山镇,matched_within,,,,,,
2025-07-28,15:44,15:59,鹰潭市,余江区,烟炉,1.0,阴,小雨,50,25.0,农业抗旱,117.123,28.546,POINT (117.123 28.546),1162.0,江西省,鹰潭市,余江县,高公寨营林场,matched_within,,,,,,
2025-07-28,11:56,12:11,南昌市,安义县,烟炉,1.0,阴,阵雨,50,25.0,农业抗旱,115.675,28.792,POINT (115.675 28.792),391.0,江西省,南昌市,湾里区,太平镇,matched_within,,,,,,
2025-07-28,12:04,12:19,南昌市,新建区,烟炉,1.0,阴,小雨,50,25.0,水库增蓄,115.664,28.739,POINT (115.664 28.739),392.0,江西省,南昌市,湾里区,招贤镇,matched_within,,,,,,
2025-07-28,15:03,15:18,九江市,武宁县,烟炉,1.0,阴,小雨,50,25.0,农业抗旱,115.192,29.492,POINT (115.192 29.492),1625.0,江西省,九江市,瑞昌市,乐园乡,matched_within,,,,,,
2025-07-27,15:28,15:30,抚州市,东乡区,火箭弹,2.0,小雨,中到大雨,100,50.0,水库增蓄,116.6,28.29,POINT (116.6 28.29),1676.0,江西省,抚州市,东乡县,孝岗镇,matched_within,,,,,,
2025-07-27,09:59,10:14,南昌市,新建区,烟炉,1.0,小雨,小到中雨,50,25.0,农业抗旱,115.664,28.739,POINT (115.664 28.739),392.0,江西省,南昌市,湾里区,招贤镇,matched_within,,,,,,
2025-07-27,09:57,10:12,南昌市,安义县,烟炉,1.0,阴,阵雨,50,25.0,农业抗旱,115.675,28.792,POINT (115.675 28.792),391.0,江西省,南昌市,湾里区,太平镇,matched_within,,,,,,
2025-07-26,13:42,14:12,南昌市,安义县,烟炉,2.0,阵雨,小雨,50,25.0,农业抗旱,115.675,28.792,POINT (115.675 28.792),391.0,江西省,南昌市,湾里区,太平镇,matched_within,,,,,,
2025-07-26,13:43,14:13,南昌市,新建区,烟炉,2.0,小雨,小到中雨,50,25.0,农业抗旱,115.664,28.739,POINT (115.664 28.739),392.0,江西省,南昌市,湾里区,招贤镇,matched_within,,,,,,
2025-07-26,13:05,13:35,南昌市,新建区,烟炉,2.0,阴,小雨,50,25.0,农业抗旱,115.664,28.739,POINT (115.664 28.739),392.0,江西省,南昌市,湾里区,招贤镇,matched_within,,,,,,
2025-07-26,13:07,13:37,南昌市,安义县,烟炉,2.0,阴,小雨,50,25.0,农业抗旱,115.675,28.792,POINT (115.675 28.792),391.0,江西省,南昌市,湾里区,太平镇,matched_within,,,,,,
2025-07-26,14:47,14:49,南昌市,新建区,火箭弹,2.0,阴,小雨,150,50.0,水库增蓄,115.644,28.364,POINT (115.644 28.364),1276.0,江西省,南昌市,新建县,松湖镇,matched_within,,,,,,
2025-07-26,10:18,10:20,鹰潭市,余江区,火箭弹,2.0,阴,小雨,150,50.0,农业抗旱,116.904,28.194,POINT (116.904 28.194),1505.0,江西省,鹰潭市,余江县,洪湖乡,matched_within,,,,,,
2025-07-26,15:11,15:16,九江市,庐山市,火箭弹,3.0,阴,中雨,50,,农业抗旱,115.876,29.422,POINT (115.876 29.422),1248.0,江西省,九江市,星子县,温泉镇,matched_within,,,,,,
2025-07-22,07:00,7:30,南昌市,安义县,烟炉,2.0,小雨,小到中雨,50,25.0,农业抗旱,115.675,28.792,POINT (115.675 28.792),391.0,江西省,南昌市,湾里区,太平镇,matched_within,,,,,,
2025-07-22,16:10,16:36,上饶市,广丰区,烟炉,1.0,小雨,小到中雨,50,25.0,农业抗旱,118.259,28.276,POINT (118.259 28.276),1220.0,江西省,上饶市,广丰县,铜钹山镇,matched_within,,,,,,
2025-07-22,13:38,14:06,南昌市,安义县,烟炉,2.0,小雨,小到中雨,50,25.0,农业抗旱,115.675,28.792,POINT (115.675 28.792),391.0,江西省,南昌市,湾里区,太平镇,matched_within,,,,,,
2025-07-22,13:02,13:32,南昌市,新建区,烟炉,2.0,小雨,小到中雨,50,25.0,水库增蓄,115.664,28.739,POINT (115.664 28.739),392.0,江西省,南昌市,湾里区,招贤镇,matched_within,,,,,,
2025-07-22,16:46,17:01,上饶市,广信区,烟炉,1.0,阴,阵雨,50,25.0,水库增蓄,118.013,28.086,POINT (118.013 28.086),1538.0,江西省,上饶市,上饶县,五府山镇,matched_within,,,,,,
2025-07-22,07:00,07:30,南昌市,安义县,烟炉,2.0,小雨,小到中雨,50,25.0,农业抗旱,115.675,28.792,POINT (115.675 28.792),391.0,江西省,南昌市,湾里区,太平镇,matched_within,,,,,,
2025-07-21,16:26,16:56,南昌市,新建区,烟炉,2.0,阴,中雨,50,25.0,农业抗旱,115.664,28.739,POINT (115.664 28.739),392.0,江西省,南昌市,湾里区,招贤镇,matched_within,,,,,,
2025-07-21,16:31,17:01,南昌市,安义县,烟炉,2.0,阴,小雨,50,25.0,农业抗旱,115.675,28.792,POINT (115.675 28.792),391.0,江西省,南昌市,湾里区,太平镇,matched_within,,,,,,
2025-07-21,17:05,17:35,南昌市,安义县,烟炉,2.0,小雨,中雨,50,25.0,农业抗旱,115.675,28.792,POINT (115.675 28.792),391.0,江西省,南昌市,湾里区,太平镇,matched_within,,,,,,
2025-07-21,17:35,18:05,南昌市,新建区,烟炉,2.0,阴,小雨,50,25.0,农业抗旱,115.664,28.739,POINT (115.664 28.739),392.0,江西省,南昌市,湾里区,招贤镇,matched_within,,,,,,
2025-07-21,17:00,17:30,南昌市,新建区,烟炉,2.0,小雨,小到中雨,50,25.0,农业抗旱,115.664,28.739,POINT (115.664 28.739),392.0,江西省,南昌市,湾里区,招贤镇,matched_within,,,,,,
2025-07-21,19:07,19:12,九江市,庐山市,火箭弹,4.0,小雨,中雨,150,50.0,农业抗旱,115.876,29.422,POINT (115.876 29.422),1248.0,江西省,九江市,星子县,温泉镇,matched_within,,,,,,
2025-07-21,19:35,19:39,九江市,濂溪区,火箭弹,4.0,小雨,中雨,150,50.0,农业抗旱,116.065,29.694,POINT (116.065 29.694),189.0,江西省,九江市,庐山区,虞家河乡,matched_within,,,,,,
2025-07-21,17:18,17:20,南昌市,新建区,火箭弹,4.0,小雨,中雨,150,50.0,水库增蓄,115.644,28.364,POINT (115.644 28.364),1276.0,江西省,南昌市,新建县,松湖镇,matched_within,,,,,,
2025-07-21,19:06,19:21,吉安市,永丰县,烟炉,1.0,阴,小雨,50,25.0,农业抗旱,115.746,27.113,POINT (115.746 27.113),1664.0,江西省,抚州市,乐安县,罗陂乡,matched_within,,,,,,
2025-07-21,19:29,19:44,九江市,武宁县,烟炉,1.0,小雨,中雨,50,25.0,农业抗旱,115.192,29.492,POINT (115.192 29.492),1625.0,江西省,九江市,瑞昌市,乐园乡,matched_within,,,,,,
2025-07-20,15:06,15:21,南昌市,安义县,烟炉,1.0,阴,阵雨,50,25.0,农业抗旱,115.675,28.792,POINT (115.675 28.792),391.0,江西省,南昌市,湾里区,太平镇,matched_within,,,,,,
2025-07-18,12:24,12:39,上饶市,广信区,烟炉,1.0,小雨,小到中雨,50,25.0,降低火险,118.013,28.086,POINT (118.013 28.086),1538.0,江西省,上饶市,上饶县,五府山镇,matched_within,,,,,,
2025-07-18,16:32,16:36,上饶市,广信区,火箭弹,2.0,阴,中到大雨,150,50.0,降低火险,117.886,28.551,POINT (117.886 28.551),1526.0,江西省,上饶市,上饶县,清水乡,matched_within,,,,,,
2025-07-18,11:50,12:06,鹰潭市,月湖区,烟炉,1.0,阴,阵雨,50,25.0,农业抗旱,116.959,28.098,POINT (116.959 28.098),1132.0,江西省,鹰潭市,贵溪市,龙虎山镇,matched_within,,,,,,
2025-07-18,15:01,15:16,赣州市,赣县区,烟炉,1.0,阴,小雨,50,25.0,农业抗旱,115.33,26.045,POINT (115.33 26.045),1728.0,江西省,赣州市,赣县,三溪乡,matched_within,,,,,,
2025-07-18,13:03,13:18,鹰潭市,余江区,烟炉,1.0,阴,小雨,50,25.0,农业抗旱,117.123,28.546,POINT (117.123 28.546),1162.0,江西省,鹰潭市,余江县,高公寨营林场,matched_within,,,,,,
2025-07-18,15:00,15:15,赣州市,赣县区,烟炉,1.0,阴,小雨,50,25.0,农业抗旱,115.1,26.176,POINT (115.1 26.176),1371.0,江西省,赣州市,赣县,田村镇,matched_within,,,,,,
2025-07-18,13:15,13:18,鹰潭市,余江区,火箭弹,2.0,阴,小雨,150,50.0,农业抗旱,116.904,28.194,POINT (116.904 28.194),1505.0,江西省,鹰潭市,余江县,洪湖乡,matched_within,,,,,,
2025-07-17,07:35,07:39,九江市,濂溪区,火箭弹,4.0,小雨,小到中雨,150,50.0,农业抗旱,116.065,29.694,POINT (116.065 29.694),189.0,江西省,九江市,庐山区,虞家河乡,matched_within,,,,,,
2025-07-17,08:30,09:00,南昌市,新建区,烟炉,2.0,阴,小雨,50,25.0,水库增蓄,115.664,28.739,POINT (115.664 28.739),392.0,江西省,南昌市,湾里区,招贤镇,matched_within,,,,,,
2025-07-17,08:44,09:14,南昌市,安义县,烟炉,2.0,阵雨,小雨,50,25.0,农业抗旱,115.675,28.792,POINT (115.675 28.792),391.0,江西省,南昌市,湾里区,太平镇,matched_within,,,,,,
2025-07-14,11:30,11:49,南昌市,安义县,烟炉,1.0,阵雨,小雨,50,25.0,农业抗旱,115.675,28.792,POINT (115.675 28.792),391.0,江西省,南昌市,湾里区,太平镇,matched_within,,,,,,
2025-07-14,11:16,11:46,南昌市,新建区,烟炉,2.0,阴,小雨,50,25.0,农业抗旱,115.664,28.739,POINT (115.664 28.739),392.0,江西省,南昌市,湾里区,招贤镇,matched_within,,,,,,
2025-07-13,12:35,13:05,南昌市,安义县,烟炉,2.0,阵雨,小雨,50,25.0,农业抗旱,115.675,28.792,POINT (115.675 28.792),391.0,江西省,南昌市,湾里区,太平镇,matched_within,,,,,,
2025-07-13,12:45,13:15,南昌市,新建区,烟炉,2.0,阴,小雨,50,25.0,水库增蓄,115.664,28.739,POINT (115.664 28.739),392.0,江西省,南昌市,湾里区,招贤镇,matched_within,,,,,,
2025-07-13,11:37,11:52,南昌市,安义县,烟炉,1.0,阵雨,小雨,50,25.0,农业抗旱,115.675,28.792,POINT (115.675 28.792),391.0,江西省,南昌市,湾里区,太平镇,matched_within,,,,,,
2025-07-13,13:16,13:31,赣州市,赣县区,烟炉,1.0,阴,小雨,50,25.0,农业抗旱,115.1,26.176,POINT (115.1 26.176),1371.0,江西省,赣州市,赣县,田村镇,matched_within,,,,,,
2025-07-13,14:18,14:33,鹰潭市,月湖区,烟炉,1.0,小雨,小到中雨,50,25.0,农业抗旱,116.959,28.098,POINT (116.959 28.098),1132.0,江西省,鹰潭市,贵溪市,龙虎山镇,matched_within,,,,,,
2025-07-12,14:22,14:37,上饶市,广信区,烟炉,1.0,阴,小雨,50,25.0,降低火险,117.846,28.587,POINT (117.846 28.587),1526.0,江西省,上饶市,上饶县,清水乡,matched_within,,,,,,
2025-07-12,12:05,12:07,鹰潭市,余江区,火箭弹,2.0,阴,小到中雨,150,50.0,农业抗旱,117.056,28.511,POINT (117.056 28.511),1396.0,江西省,鹰潭市,余江县,画桥镇,matched_within,,,,,,
2025-07-12,12:34,12:49,上饶市,广信区,烟炉,1.0,阴,小雨,50,25.0,降低火险,118.013,28.086,POINT (118.013 28.086),1538.0,江西省,上饶市,上饶县,五府山镇,matched_within,,,,,,
2025-07-12,06:33,06:48,赣州市,赣县区,烟炉,1.0,阴,小雨,50,25.0,农业抗旱,115.1,26.176,POINT (115.1 26.176),1371.0,江西省,赣州市,赣县,田村镇,matched_within,,,,,,
2025-07-12,13:20,13:22,鹰潭市,月湖区,火箭弹,2.0,阴,小到中雨,50,50.0,农业抗旱,117.068,28.449,POINT (117.068 28.449),1133.0,江西省,鹰潭市,贵溪市,塔桥园艺场,matched_within,,,,,,
2025-07-12,15:50,15:55,南昌市,新建区,烟炉,1.0,阴,小雨,50,25.0,改善空气,115.664,28.739,POINT (115.664 28.739),392.0,江西省,南昌市,湾里区,招贤镇,matched_within,,,,,,
2025-07-12,10:02,10:17,抚州市,乐安县,烟炉,1.0,小雨,小到中雨,50,25.0,农业抗旱,115.418,27.568,POINT (115.418 27.568),33.0,江西省,吉安市,峡江县,马埠镇,matched_within,,,,,,
2025-07-12,14:38,15:08,南昌市,新建区,烟炉,2.0,阴,小雨,50,25.0,改善空气,115.664,28.739,POINT (115.664 28.739),392.0,江西省,南昌市,湾里区,招贤镇,matched_within,,,,,,
2025-07-12,15:45,16:15,南昌市,安义县,烟炉,2.0,阵雨,小到中雨,50,25.0,农业抗旱,115.675,28.792,POINT (115.675 28.792),391.0,江西省,南昌市,湾里区,太平镇,matched_within,,,,,,
2025-07-12,14:40,14:55,鹰潭市,月湖区,烟炉,1.0,小雨,小到中雨,50,25.0,农业抗旱,116.959,28.098,POINT (116.959 28.098),1132.0,江西省,鹰潭市,贵溪市,龙虎山镇,matched_within,,,,,,
2025-07-11,14:47,14:58,九江市,濂溪区,火箭弹,4.0,小雨,中到大雨,150,50.0,农业抗旱,116.065,29.694,POINT (116.065 29.694),189.0,江西省,九江市,庐山区,虞家河乡,matched_within,,,,,,
2025-07-11,17:10,17:25,赣州市,于都县,烟炉,1.0,阴,中雨,50,25.0,农业抗旱,115.523,26.217,POINT (115.523 26.217),501.0,江西省,赣州市,兴国县,杰村乡,matched_within,,,,,,
2025-07-11,17:37,17:41,赣州市,赣县区,火箭弹,2.0,阴,小到中雨,150,50.0,农业抗旱,115.118,25.838,POINT (115.118 25.838),820.0,江西省,赣州市,赣县,大田乡,matched_within,,,,,,
2025-07-11,13:32,13:48,赣州市,赣县区,烟炉,1.0,阴,小雨,50,25.0,农业抗旱,115.1,26.176,POINT (115.1 26.176),1371.0,江西省,赣州市,赣县,田村镇,matched_within,,,,,,
2025-07-11,15:17,15:32,赣州市,赣县区,烟炉,1.0,阴,小雨,50,25.0,农业抗旱,115.33,26.045,POINT (115.33 26.045),1728.0,江西省,赣州市,赣县,三溪乡,matched_within,,,,,,
2025-07-11,20:46,21:01,吉安市,永丰县,烟炉,1.0,小雨,小雨,50,25.0,农业抗旱,115.746,27.113,POINT (115.746 27.113),1664.0,江西省,抚州市,乐安县,罗陂乡,matched_within,,,,,,
2025-07-11,18:27,18:42,赣州市,赣县区,烟炉,1.0,阴,小雨,50,25.0,农业抗旱,115.1,26.176,POINT (115.1 26.176),1371.0,江西省,赣州市,赣县,田村镇,matched_within,,,,,,
2025-07-10,15:32,15:46,赣州市,赣县区,烟炉,1.0,阴,小雨,50,25.0,农业抗旱,115.014,25.758,POINT (115.014 25.758),1394.0,江西省,赣州市,章贡区,沙石镇,matched_within,,,,,,
2025-07-09,12:04,12:19,吉安市,永丰县,烟炉,1.0,阴,小雨,50,25.0,农业抗旱,115.746,27.113,POINT (115.746 27.113),1664.0,江西省,抚州市,乐安县,罗陂乡,matched_within,,,,,,
2025-07-09,14:28,14:43,鹰潭市,月湖区,烟炉,1.0,小雨,小雨,50,25.0,农业抗旱,116.959,28.098,POINT (116.959 28.098),1132.0,江西省,鹰潭市,贵溪市,龙虎山镇,matched_within,,,,,,
2025-07-08,16:58,17:13,鹰潭市,月湖区,烟炉,1.0,阴,小雨,50,25.0,农业抗旱,117.16,27.992,POINT (117.16 27.992),1413.0,江西省,鹰潭市,贵溪市,耳口乡,matched_within,,,,,,
2025-07-08,16:46,17:01,鹰潭市,余江区,烟炉,1.0,小雨,中雨,50,25.0,农业抗旱,117.123,28.546,POINT (117.123 28.546),1162.0,江西省,鹰潭市,余江县,高公寨营林场,matched_within,,,,,,
2025-07-08,17:08,17:23,鹰潭市,月湖区,烟炉,1.0,小雨,中雨,50,25.0,农业抗旱,117.276,28.582,POINT (117.276 28.582),1524.0,江西省,上饶市,弋阳县,中畈乡,matched_within,,,,,,
2025-07-08,18:27,18:29,鹰潭市,余江区,火箭弹,2.0,小雨,小到中雨,150,50.0,农业抗旱,116.904,28.194,POINT (116.904 28.194),1505.0,江西省,鹰潭市,余江县,洪湖乡,matched_within,,,,,,
2025-06-15,03:30,03:33,抚州市,东乡区,火箭弹,2.0,小到中雨,中到大雨,100,50.0,农业抗旱,116.6,28.29,POINT (116.6 28.29),1676.0,江西省,抚州市,东乡县,孝岗镇,matched_within,,,,,,
2025-06-15,16:11,16:13,抚州市,东乡区,火箭弹,2.0,小雨,大雨,100,50.0,水库增蓄,116.65,28.24,POINT (116.65 28.24),1676.0,江西省,抚州市,东乡县,孝岗镇,matched_within,,,,,,
2025-05-08,11:49,11:57,九江市,武宁县,火箭弹,4.0,小到中雨,大雨,150,50.0,农业抗旱,114.752,29.084,POINT (114.752 29.084),1432.0,江西省,九江市,修水县,庙岭乡,matched_within,,,,,,
2025-04-30,11:03,11:18,南昌市,安义县,烟炉,1.0,阵雨,小雨,50,25.0,农业抗旱,115.675,28.792,POINT (115.675 28.792),391.0,江西省,南昌市,湾里区,太平镇,matched_within,,,,,,
2025-04-19,09:11,09:13,抚州市,东乡区,火箭弹,2.0,小到中雨,中到大雨,100,,农业抗旱,116.65,28.24,POINT (116.65 28.24),1676.0,江西省,抚州市,东乡县,孝岗镇,matched_within,,,,,,
2025-04-19,10:07,10:10,抚州市,东乡区,火箭弹,2.0,中雨,大雨,150,,农业抗旱,116.6,28.29,POINT (116.6 28.29),1676.0,江西省,抚州市,东乡县,孝岗镇,matched_within,,,,,,
2025-04-12,15:01,15:32,赣州市,赣县区,烟炉,2.0,阴,小雨,75,25.0,农业抗旱,115.1,26.176,POINT (115.1 26.176),1371.0,江西省,赣州市,赣县,田村镇,matched_within,,,,,,
2025-04-12,14:05,14:23,鹰潭市,月湖区,烟炉,1.0,阴,小雨,10,25.0,农业抗旱,117.276,28.582,POINT (117.276 28.582),1524.0,江西省,上饶市,弋阳县,中畈乡,matched_within,,,,,,
2025-04-12,04:45,05:00,吉安市,永丰县,烟炉,1.0,小雨,中雨,50,25.0,农业抗旱,115.746,27.113,POINT (115.746 27.113),1664.0,江西省,抚州市,乐安县,罗陂乡,matched_within,,,,,,
2025-04-12,12:29,12:44,南昌市,安义县,烟炉,1.0,阴,小雨,50,25.0,改善空气,115.675,28.792,POINT (115.675 28.792),391.0,江西省,南昌市,湾里区,太平镇,matched_within,,,,,,
2025-04-12,11:37,12:24,南昌市,安义县,烟炉,3.0,阴,小雨,50,25.0,农业抗旱,115.675,28.792,POINT (115.675 28.792),391.0,江西省,南昌市,湾里区,太平镇,matched_within,,,,,,
2025-04-12,14:26,15:15,南昌市,安义县,烟炉,3.0,阴,小雨,50,25.0,改善空气,115.675,28.792,POINT (115.675 28.792),391.0,江西省,南昌市,湾里区,太平镇,matched_within,,,,,,
2025-04-12,13:00,14:23,南昌市,安义县,烟炉,4.0,阴,小雨,50,25.0,改善空气,115.675,28.792,POINT (115.675 28.792),391.0,江西省,南昌市,湾里区,太平镇,matched_within,,,,,,
2025-04-07,19:51,20:06,上饶市,广信区,烟炉,1.0,阴,小雨,50,25.0,降低火险,117.846,28.587,POINT (117.846 28.587),1526.0,江西省,上饶市,上饶县,清水乡,matched_within,,,,,,
2025-04-04,12:57,13:12,吉安市,永丰县,烟炉,1.0,阴,小雨,50,25.0,农业抗旱,115.746,27.113,POINT (115.746 27.113),1664.0,江西省,抚州市,乐安县,罗陂乡,matched_within,,,,,,
2025-04-04,15:51,15:53,鹰潭市,余江区,火箭弹,2.0,阴,小雨,150,50.0,降低火险,116.904,28.194,POINT (116.904 28.194),1505.0,江西省,鹰潭市,余江县,洪湖乡,matched_within,,,,,,
2025-04-04,16:40,19:00,上饶市,广丰区,烟炉,1.0,阴,阴,50,25.0,农业抗旱,118.259,28.276,POINT (118.259 28.276),1220.0,江西省,上饶市,广丰县,铜钹山镇,matched_within,,,,,,
2025-04-04,20:26,20:41,上饶市,广信区,烟炉,1.0,阴,小雨,50,25.0,降低火险,118.153,28.13,POINT (118.153 28.13),1538.0,江西省,上饶市,上饶县,五府山镇,matched_within,,,,,,
2025-04-04,18:29,18:32,上饶市,广信区,火箭弹,2.0,阴,小雨,150,50.0,降低火险,117.825,28.491,POINT (117.825 28.491),1527.0,江西省,上饶市,上饶县,湖村乡,matched_within,,,,,,
2025-04-04,17:40,17:55,鹰潭市,余江区,烟炉,1.0,阴,小雨,50,25.0,降低火险,117.123,28.546,POINT (117.123 28.546),1162.0,江西省,鹰潭市,余江县,高公寨营林场,matched_within,,,,,,
2025-04-04,12:39,12:54,鹰潭市,余江区,烟炉,1.0,阴,小雨,50,,降低火险,117.123,28.546,POINT (117.123 28.546),1162.0,江西省,鹰潭市,余江县,高公寨营林场,matched_within,,,,,,
2025-04-04,20:04,20:09,南昌市,安义县,烟炉,1.0,阴,小雨,50,25.0,农业抗旱,115.675,28.792,POINT (115.675 28.792),391.0,江西省,南昌市,湾里区,太平镇,matched_within,,,,,,
2025-04-04,16:27,16:42,上饶市,广信区,烟炉,1.0,阴,小雨,50,25.0,降低火险,118.153,28.13,POINT (118.153 28.13),1538.0,江西省,上饶市,上饶县,五府山镇,matched_within,,,,,,
2025-04-04,23:05,23:10,九江市,庐山市,火箭弹,2.0,阴,小雨,150,,降低火险,115.876,29.422,POINT (115.876 29.422),1248.0,江西省,九江市,星子县,温泉镇,matched_within,,,,,,
2025-03-29,16:14,16:29,吉安市,永丰县,烟炉,1.0,阴,小雨,50,25.0,农业抗旱,115.746,27.113,POINT (115.746 27.113),1664.0,江西省,抚州市,乐安县,罗陂乡,matched_within,,,,,,
2025-03-28,14:47,15:02,九江市,武宁县,烟炉,1.0,小雨,小到中雨,50,25.0,农业抗旱,115.192,29.492,POINT (115.192 29.492),1625.0,江西省,九江市,瑞昌市,乐园乡,matched_within,,,,,,
2025-03-28,18:01,18:16,吉安市,青原区,烟炉,1.0,阴,小雨,50,25.0,农业抗旱,115.247,27.079,POINT (115.247 27.079),434.0,江西省,吉安市,吉水县,水南镇,matched_within,,,,,,
2025-03-28,20:11,20:26,赣州市,于都县,烟炉,1.0,阴,小雨,50,25.0,降低火险,115.523,26.217,POINT (115.523 26.217),501.0,江西省,赣州市,兴国县,杰村乡,matched_within,,,,,,
2025-03-27,22:03,22:18,吉安市,青原区,烟炉,1.0,阴,小雨,50,25.0,降低火险,115.247,27.079,POINT (115.247 27.079),434.0,江西省,吉安市,吉水县,水南镇,matched_within,,,,,,
2025-03-27,17:29,17:30,鹰潭市,月湖区,火箭弹,3.0,小雨,中到大雨,150,50.0,农业抗旱,117.068,28.449,POINT (117.068 28.449),1133.0,江西省,鹰潭市,贵溪市,塔桥园艺场,matched_within,,,,,,
2025-03-27,14:55,15:11,赣州市,于都县,烟炉,1.0,阴,小雨,50,25.0,降低火险,115.523,26.217,POINT (115.523 26.217),501.0,江西省,赣州市,兴国县,杰村乡,matched_within,,,,,,
2025-03-26,22:32,22:47,上饶市,广信区,烟炉,1.0,阴,小雨,50,25.0,降低火险,118.153,28.13,POINT (118.153 28.13),1538.0,江西省,上饶市,上饶县,五府山镇,matched_within,,,,,,
2025-02-17,12:52,12:54,九江市,柴桑区,火箭弹,2.0,小雨,中到大雨,150,50.0,农业抗旱,115.84,29.61,POINT (115.84 29.61),200.0,江西省,九江市,九江县,狮子镇,matched_within,,,,,,
2025-02-15,12:53,13:08,赣州市,赣县区,烟炉,1.0,阴,小雨,50,25.0,降低火险,115.33,26.045,POINT (115.33 26.045),1728.0,江西省,赣州市,赣县,三溪乡,matched_within,,,,,,
2025-02-15,05:45,06:00,南昌市,新建区,烟炉,1.0,小雨,小到中雨,50,25.0,农业抗旱,115.664,28.739,POINT (115.664 28.739),392.0,江西省,南昌市,湾里区,招贤镇,matched_within,,,,,,
2025-02-15,09:39,09:54,上饶市,广信区,烟炉,1.0,阴,小到中雨,50,25.0,降低火险,118.153,28.13,POINT (118.153 28.13),1538.0,江西省,上饶市,上饶县,五府山镇,matched_within,,,,,,
2025-02-15,06:21,06:24,南昌市,新建区,火箭弹,2.0,阴,阴,100,,农业抗旱,115.596,28.612,POINT (115.596 28.612),406.0,江西省,南昌市,新建县,西山镇,matched_within,,,,,,
2025-02-15,10:22,10:37,南昌市,安义县,烟炉,1.0,阴,小雨,50,25.0,农业抗旱,115.675,28.792,POINT (115.675 28.792),391.0,江西省,南昌市,湾里区,太平镇,matched_within,,,,,,
2025-02-15,14:01,14:16,赣州市,赣县区,烟炉,1.0,阴,小雨,50,25.0,降低火险,115.014,25.758,POINT (115.014 25.758),1394.0,江西省,赣州市,章贡区,沙石镇,matched_within,,,,,,
2025-02-15,12:10,12:25,吉安市,青原区,烟炉,1.0,小雨,小雨,50,25.0,农业抗旱,115.247,27.079,POINT (115.247 27.079),434.0,江西省,吉安市,吉水县,水南镇,matched_within,,,,,,
2025-02-15,06:01,06:16,南昌市,安义县,烟炉,1.0,阴,小雨,50,25.0,农业抗旱,115.675,28.792,POINT (115.675 28.792),391.0,江西省,南昌市,湾里区,太平镇,matched_within,,,,,,
2025-02-15,10:25,11:10,南昌市,新建区,烟炉,3.0,小雨,中雨,50,25.0,降低火险,115.664,28.739,POINT (115.664 28.739),392.0,江西省,南昌市,湾里区,招贤镇,matched_within,,,,,,
2025-02-15,12:49,13:04,赣州市,赣县区,烟炉,1.0,阴,小雨,50,25.0,降低火险,115.1,26.176,POINT (115.1 26.176),1371.0,江西省,赣州市,赣县,田村镇,matched_within,,,,,,
2025-02-14,09:40,09:44,九江市,庐山市,火箭弹,4.0,小雨,中雨,150,50.0,农业抗旱,115.876,29.422,POINT (115.876 29.422),1248.0,江西省,九江市,星子县,温泉镇,matched_within,,,,,,
2025-02-14,08:55,09:10,南昌市,安义县,烟炉,1.0,阴,小雨,50,25.0,农业抗旱,115.675,28.792,POINT (115.675 28.792),391.0,江西省,南昌市,湾里区,太平镇,matched_within,,,,,,
2025-02-14,08:45,09:00,南昌市,新建区,烟炉,1.0,阴,小雨,50,25.0,降低火险,115.664,28.739,POINT (115.664 28.739),392.0,江西省,南昌市,湾里区,招贤镇,matched_within,,,,,,
2025-02-12,08:32,08:47,南昌市,新建区,烟炉,1.0,阴,小雨,50,25.0,农业抗旱,115.664,28.739,POINT (115.664 28.739),392.0,江西省,南昌市,湾里区,招贤镇,matched_within,,,,,,
2025-02-12,13:25,13:28,九江市,柴桑区,火箭弹,2.0,阴,小雨,150,50.0,降低火险,115.84,29.61,POINT (115.84 29.61),200.0,江西省,九江市,九江县,狮子镇,matched_within,,,,,,
2025-02-12,08:55,08:59,九江市,庐山市,火箭弹,2.0,小雨,小到中雨,30,,农业抗旱,115.876,29.422,POINT (115.876 29.422),1248.0,江西省,九江市,星子县,温泉镇,matched_within,,,,,,
2025-02-12,16:11,16:26,上饶市,广信区,烟炉,1.0,小雨,小到中雨,50,25.0,降低火险,117.846,28.587,POINT (117.846 28.587),1526.0,江西省,上饶市,上饶县,清水乡,matched_within,,,,,,
2025-02-12,15:09,15:10,鹰潭市,月湖区,火箭弹,2.0,阴,小雨,30,30.0,改善空气,117.068,28.449,POINT (117.068 28.449),1133.0,江西省,鹰潭市,贵溪市,塔桥园艺场,matched_within,,,,,,
2025-02-12,15:25,15:46,上饶市,广丰区,烟炉,1.0,阴,阴,50,25.0,农业抗旱,118.259,28.276,POINT (118.259 28.276),1220.0,江西省,上饶市,广丰县,铜钹山镇,matched_within,,,,,,
2025-02-12,07:03,07:18,南昌市,安义县,烟炉,1.0,阴,小雨,50,25.0,降低火险,115.675,28.792,POINT (115.675 28.792),391.0,江西省,南昌市,湾里区,太平镇,matched_within,,,,,,
2025-02-06,17:14,17:29,赣州市,赣县区,烟炉,1.0,阴,小雨,50,,改善空气,115.1,26.176,POINT (115.1 26.176),1371.0,江西省,赣州市,赣县,田村镇,matched_within,,,,,,
2025-02-06,17:20,17:35,南昌市,安义县,烟炉,1.0,阴,小雨,50,25.0,农业抗旱,115.675,28.792,POINT (115.675 28.792),391.0,江西省,南昌市,湾里区,太平镇,matched_within,,,,,,
2025-02-06,19:46,20:01,赣州市,赣县区,烟炉,1.0,阴,小雨,50,,改善空气,115.014,25.758,POINT (115.014 25.758),1394.0,江西省,赣州市,章贡区,沙石镇,matched_within,,,,,,
2025-02-02,16:32,16:47,南昌市,新建区,烟炉,1.0,阴,小雨,50,25.0,降低火险,115.664,28.739,POINT (115.664 28.739),392.0,江西省,南昌市,湾里区,招贤镇,matched_within,,,,,,
2025-02-02,10:46,11:01,赣州市,赣县区,烟炉,1.0,阴,小雨,75,25.0,农业抗旱,115.1,26.176,POINT (115.1 26.176),1371.0,江西省,赣州市,赣县,田村镇,matched_within,,,,,,
2025-02-02,08:41,08:56,赣州市,赣县区,烟炉,1.0,阴,小雨,75,25.0,改善空气,115.209,25.633,POINT (115.209 25.633),1685.0,江西省,赣州市,赣县,韩坊乡,matched_within,,,,,,
2025-02-02,06:07,06:22,赣州市,赣县区,烟炉,1.0,阴,小雨,75,25.0,改善空气,115.014,25.758,POINT (115.014 25.758),1394.0,江西省,赣州市,章贡区,沙石镇,matched_within,,,,,,
2025-02-02,10:30,10:45,赣州市,赣县区,烟炉,1.0,阴,阴,75,25.0,农业抗旱,115.33,26.045,POINT (115.33 26.045),1728.0,江西省,赣州市,赣县,三溪乡,matched_within,,,,,,
2025-02-02,06:55,07:10,赣州市,赣县区,烟炉,1.0,阴,小雨,75,25.0,改善空气,115.209,25.633,POINT (115.209 25.633),1685.0,江西省,赣州市,赣县,韩坊乡,matched_within,,,,,,
2025-02-02,09:51,09:57,赣州市,赣县区,火箭弹,4.0,小雨,小到中雨,150,50.0,农业抗旱,115.118,25.838,POINT (115.118 25.838),820.0,江西省,赣州市,赣县,大田乡,matched_within,,,,,,
2025-02-02,10:46,11:01,赣州市,赣县区,烟炉,1.0,阴,小雨,75,25.0,改善空气,115.014,25.758,POINT (115.014 25.758),1394.0,江西省,赣州市,章贡区,沙石镇,matched_within,,,,,,
2025-02-02,08:41,08:56,赣州市,赣县区,烟炉,1.0,阴,小雨,75,25.0,改善空气,115.014,25.758,POINT (115.014 25.758),1394.0,江西省,赣州市,章贡区,沙石镇,matched_within,,,,,,
2025-02-02,10:32,10:47,吉安市,青原区,烟炉,1.0,阴,小雨,50,25.0,农业抗旱,115.247,27.079,POINT (115.247 27.079),434.0,江西省,吉安市,吉水县,水南镇,matched_within,,,,,,
2025-02-02,13:48,14:03,赣州市,赣县区,烟炉,1.0,小雨,小到中雨,75,25.0,农业抗旱,115.014,25.758,POINT (115.014 25.758),1394.0,江西省,赣州市,章贡区,沙石镇,matched_within,,,,,,
2025-02-02,10:27,10:42,赣州市,赣县区,烟炉,1.0,阴,小雨,75,25.0,改善空气,115.1,26.176,POINT (115.1 26.176),1371.0,江西省,赣州市,赣县,田村镇,matched_within,,,,,,
2025-02-02,15:04,15:19,南昌市,安义县,烟炉,1.0,阴,小雨,50,25.0,农业抗旱,115.675,28.792,POINT (115.675 28.792),391.0,江西省,南昌市,湾里区,太平镇,matched_within,,,,,,
2025-02-02,16:37,16:52,南昌市,安义县,烟炉,1.0,阴,小雨,50,25.0,农业抗旱,115.675,28.792,POINT (115.675 28.792),391.0,江西省,南昌市,湾里区,太平镇,matched_within,,,,,,
2025-02-02,16:23,16:38,鹰潭市,月湖区,烟炉,1.0,阴,小雨,50,25.0,降低火险,117.16,27.992,POINT (117.16 27.992),1413.0,江西省,鹰潭市,贵溪市,耳口乡,matched_within,,,,,,
2025-02-02,22:38,22:53,赣州市,赣县区,烟炉,1.0,阴,小雨,75,25.0,降低火险,115.014,25.758,POINT (115.014 25.758),1394.0,江西省,赣州市,章贡区,沙石镇,matched_within,,,,,,
2025-02-02,16:56,17:12,鹰潭市,月湖区,烟炉,1.0,阴,小雨,50,25.0,农业抗旱,117.276,28.582,POINT (117.276 28.582),1524.0,江西省,上饶市,弋阳县,中畈乡,matched_within,,,,,,
2025-02-01,22:37,22:52,吉安市,永丰县,烟炉,1.0,阴,小雨,50,25.0,农业抗旱,115.746,27.113,POINT (115.746 27.113),1664.0,江西省,抚州市,乐安县,罗陂乡,matched_within,,,,,,
2025-01-31,08:41,08:44,抚州市,东乡区,火箭弹,2.0,小雨,小到中雨,50,20.0,农业抗旱,116.6,28.29,POINT (116.6 28.29),1676.0,江西省,抚州市,东乡县,孝岗镇,matched_within,,,,,,
2025-01-31,09:25,09:30,吉安市,青原区,烟炉,1.0,阴,小雨,50,25.0,农业抗旱,115.247,27.079,POINT (115.247 27.079),434.0,江西省,吉安市,吉水县,水南镇,matched_within,,,,,,
2025-01-31,05:17,05:32,上饶市,广信区,烟炉,1.0,阴,小雨,50,25.0,降低火险,117.846,28.587,POINT (117.846 28.587),1526.0,江西省,上饶市,上饶县,清水乡,matched_within,,,,,,
2025-01-31,19:44,19:59,南昌市,安义县,烟炉,1.0,小雨,小到中雨,50,25.0,农业抗旱,115.675,28.792,POINT (115.675 28.792),391.0,江西省,南昌市,湾里区,太平镇,matched_within,,,,,,
2025-01-31,17:08,17:38,南昌市,安义县,烟炉,2.0,小雨,小到中雨,50,25.0,农业抗旱,115.675,28.792,POINT (115.675 28.792),391.0,江西省,南昌市,湾里区,太平镇,matched_within,,,,,,
2025-01-31,16:56,17:11,抚州市,乐安县,烟炉,1.0,阴,阴,50,25.0,农业抗旱,115.418,27.568,POINT (115.418 27.568),33.0,江西省,吉安市,峡江县,马埠镇,matched_within,,,,,,
2025-01-31,21:23,21:25,南昌市,新建区,火箭弹,4.0,阵雨,小雨,50,50.0,降低火险,115.596,28.612,POINT (115.596 28.612),406.0,江西省,南昌市,新建县,西山镇,matched_within,,,,,,
2025-01-31,04:49,05:04,南昌市,安义县,烟炉,1.0,阵雨,小雨,50,25.0,农业抗旱,115.675,28.792,POINT (115.675 28.792),391.0,江西省,南昌市,湾里区,太平镇,matched_within,,,,,,
2025-01-31,7:38,7:43,九江市,庐山市,火箭弹,4.0,小雨,小到中雨,150,50.0,农业抗旱,115.876,29.422,POINT (115.876 29.422),1248.0,江西省,九江市,星子县,温泉镇,matched_within,,,,,,
2025-01-31,6:35,06:50,南昌市,新建区,烟炉,1.0,阴,小雨,50,25.0,降低火险,115.664,28.739,POINT (115.664 28.739),392.0,江西省,南昌市,湾里区,招贤镇,matched_within,,,,,,
2025-01-31,17:27,17:57,南昌市,新建区,烟炉,2.0,阵雨,小雨,50,25.0,降低火险,115.664,28.739,POINT (115.664 28.739),392.0,江西省,南昌市,湾里区,招贤镇,matched_within,,,,,,
2025-01-31,11:41,11:56,上饶市,广信区,烟炉,1.0,阴,小雨,50,25.0,降低火险,118.153,28.13,POINT (118.153 28.13),1538.0,江西省,上饶市,上饶县,五府山镇,matched_within,,,,,,
2025-01-31,14:36,15:06,南昌市,安义县,烟炉,2.0,阵雨,小雨,50,25.0,农业抗旱,115.675,28.792,POINT (115.675 28.792),391.0,江西省,南昌市,湾里区,太平镇,matched_within,,,,,,
2025-01-31,09:10,09:25,抚州市,崇仁县,烟炉,1.0,阴,小雨,50,25.0,降低火险,115.872,27.859,POINT (115.872 27.859),1463.0,江西省,宜春市,丰城市,洛市镇,matched_within,,,,,,
2025-01-31,09:38,09:55,赣州市,赣县区,烟炉,1.0,阴,小雨,50,25.0,农业抗旱,115.014,25.758,POINT (115.014 25.758),1394.0,江西省,赣州市,章贡区,沙石镇,matched_within,,,,,,
2025-01-31,14:40,15:10,南昌市,新建区,烟炉,2.0,阴,小雨,50,25.0,降低火险,115.664,28.739,POINT (115.664 28.739),392.0,江西省,南昌市,湾里区,招贤镇,matched_within,,,,,,
2025-01-31,09:40,09:57,赣州市,赣县区,烟炉,1.0,阴,小雨,50,25.0,农业抗旱,115.1,26.176,POINT (115.1 26.176),1371.0,江西省,赣州市,赣县,田村镇,matched_within,,,,,,
2025-01-31,09:13,09:35,上饶市,广丰区,烟炉,1.0,阴,阴,50,25.0,农业抗旱,118.259,28.276,POINT (118.259 28.276),1220.0,江西省,上饶市,广丰县,铜钹山镇,matched_within,,,,,,
2025-01-31,08:01,08:16,鹰潭市,月湖区,烟炉,1.0,阴,小雨,50,25.0,降低火险,117.16,27.992,POINT (117.16 27.992),1413.0,江西省,鹰潭市,贵溪市,耳口乡,matched_within,,,,,,
2025-01-31,08:00,08:15,鹰潭市,月湖区,烟炉,1.0,阴,小雨,50,25.0,降低火险,117.276,28.582,POINT (117.276 28.582),1524.0,江西省,上饶市,弋阳县,中畈乡,matched_within,,,,,,
2025-01-31,20:30,21:00,南昌市,新建区,烟炉,2.0,小雨,小到中雨,50,25.0,降低火险,115.664,28.739,POINT (115.664 28.739),392.0,江西省,南昌市,湾里区,招贤镇,matched_within,,,,,,
2025-01-31,08:00,08:15,鹰潭市,月湖区,烟炉,1.0,阴,小雨,50,25.0,降低火险,117.033,27.987,POINT (117.033 27.987),1117.0,江西省,鹰潭市,贵溪市,上清镇,matched_within,,,,,,
2025-01-31,23:35,23:37,赣州市,赣县区,火箭弹,2.0,阴,小雨,150,50.0,农业抗旱,115.118,25.838,POINT (115.118 25.838),820.0,江西省,赣州市,赣县,大田乡,matched_within,,,,,,
2025-01-31,15:28,15:43,上饶市,广信区,烟炉,1.0,小雨,小雨,50,25.0,降低火险,118.153,28.13,POINT (118.153 28.13),1538.0,江西省,上饶市,上饶县,五府山镇,matched_within,,,,,,
2025-01-30,20:28,20:43,吉安市,永丰县,烟炉,1.0,阴,小雨,50,25.0,农业抗旱,115.746,27.113,POINT (115.746 27.113),1664.0,江西省,抚州市,乐安县,罗陂乡,matched_within,,,,,,
2025-01-30,21:20,21:36,赣州市,赣县区,烟炉,1.0,阴,小雨,50,25.0,农业抗旱,115.014,25.758,POINT (115.014 25.758),1394.0,江西省,赣州市,章贡区,沙石镇,matched_within,,,,,,
2025-01-30,20:15,20:30,赣州市,于都县,烟炉,1.0,阴,小雨,50,25.0,农业抗旱,115.523,26.217,POINT (115.523 26.217),501.0,江西省,赣州市,兴国县,杰村乡,matched_within,,,,,,
2025-01-30,19:27,19:42,吉安市,青原区,烟炉,1.0,阴,小雨,50,25.0,农业抗旱,115.247,27.079,POINT (115.247 27.079),434.0,江西省,吉安市,吉水县,水南镇,matched_within,,,,,,
2025-01-26,9:59,10:04,上饶市,广丰区,烟炉,1.0,阴,阴,50,25.0,农业抗旱,118.259,28.276,POINT (118.259 28.276),1220.0,江西省,上饶市,广丰县,铜钹山镇,matched_within,,,,,,
2025-01-26,00:00,00:15,上饶市,广信区,烟炉,1.0,阴,小雨,50,25.0,降低火险,118.153,28.13,POINT (118.153 28.13),1538.0,江西省,上饶市,上饶县,五府山镇,matched_within,,,,,,
2025-01-26,17:21,17:23,赣州市,赣县区,火箭弹,2.0,阴,小雨,150,0.1,农业抗旱,115.118,25.838,POINT (115.118 25.838),820.0,江西省,赣州市,赣县,大田乡,matched_within,,,,,,
2025-01-26,4:52,4:57,赣州市,赣县区,烟炉,1.0,阴,小雨,75,25.0,农业抗旱,115.1,26.176,POINT (115.1 26.176),1371.0,江西省,赣州市,赣县,田村镇,matched_within,,,,,,
2025-01-26,01:19,01:21,南昌市,新建区,火箭弹,2.0,阵雨,小雨,100,50.0,降低火险,115.596,28.612,POINT (115.596 28.612),406.0,江西省,南昌市,新建县,西山镇,matched_within,,,,,,
2025-01-26,09:58,10:00,九江市,濂溪区,火箭弹,2.0,阴,阴,150,50.0,降低火险,116.065,29.694,POINT (116.065 29.694),189.0,江西省,九江市,庐山区,虞家河乡,matched_within,,,,,,
2025-01-25,22:09,22:24,南昌市,新建区,烟炉,1.0,小雨,小到中雨,50,25.0,降低火险,115.664,28.739,POINT (115.664 28.739),392.0,江西省,南昌市,湾里区,招贤镇,matched_within,,,,,,
2025-01-25,11:28,11:43,抚州市,崇仁县,烟炉,1.0,阴,小雨,50,25.0,降低火险,115.872,27.859,POINT (115.872 27.859),1463.0,江西省,宜春市,丰城市,洛市镇,matched_within,,,,,,
2025-01-25,23:27,23:42,南昌市,安义县,烟炉,1.0,小雨,小到中雨,50,25.0,农业抗旱,115.675,28.792,POINT (115.675 28.792),391.0,江西省,南昌市,湾里区,太平镇,matched_within,,,,,,
2025-01-25,22:24,22:56,南昌市,安义县,烟炉,2.0,小到中雨,小到中雨,50,25.0,降低火险,115.675,28.792,POINT (115.675 28.792),391.0,江西省,南昌市,湾里区,太平镇,matched_within,,,,,,
2025-01-25,07:29,07:47,九江市,武宁县,烟炉,2.0,阴,小雨,20,10.0,农业抗旱,115.192,29.492,POINT (115.192 29.492),1625.0,江西省,九江市,瑞昌市,乐园乡,matched_within,,,,,,
2025-01-25,23:25,23:40,南昌市,新建区,烟炉,1.0,小雨,小到中雨,50,25.0,农业抗旱,115.664,28.739,POINT (115.664 28.739),392.0,江西省,南昌市,湾里区,招贤镇,matched_within,,,,,,
2025-01-25,01:21,01:36,南昌市,安义县,烟炉,1.0,阴,小雨,50,25.0,农业抗旱,115.675,28.792,POINT (115.675 28.792),391.0,江西省,南昌市,湾里区,太平镇,matched_within,,,,,,
2025-01-25,20:26,20:31,赣州市,赣县区,烟炉,1.0,阴,小雨,50,25.0,农业抗旱,115.014,25.758,POINT (115.014 25.758),1394.0,江西省,赣州市,章贡区,沙石镇,matched_within,,,,,,
2025-01-25,10:05,10:10,上饶市,广丰区,烟炉,1.0,阴,阴,50,25.0,农业抗旱,118.259,28.276,POINT (118.259 28.276),1220.0,江西省,上饶市,广丰县,铜钹山镇,matched_within,,,,,,
2025-01-25,0:50,0:55,鹰潭市,余江区,火箭弹,2.0,阴,小雨,150,50.0,降低火险,116.904,28.194,POINT (116.904 28.194),1505.0,江西省,鹰潭市,余江县,洪湖乡,matched_within,,,,,,
2025-01-25,08:20,08:35,上饶市,广信区,烟炉,1.0,阴,小雨,50,25.0,降低火险,118.153,28.13,POINT (118.153 28.13),1538.0,江西省,上饶市,上饶县,五府山镇,matched_within,,,,,,
2025-01-25,08:25,08:43,九江市,庐山市,烟炉,1.0,小雨,小到中雨,50,,降低火险,115.955,29.535,POINT (115.955 29.535),227.0,江西省,九江市,庐山区,牯岭镇,matched_within,,,,,,
2025-01-25,20:25,20:55,九江市,武宁县,烟炉,2.0,阴,阴,15,15.0,降低火险,115.192,29.492,POINT (115.192 29.492),1625.0,江西省,九江市,瑞昌市,乐园乡,matched_within,,,,,,
2025-01-25,01:02,01:17,南昌市,新建区,烟炉,1.0,小雨,小到中雨,50,25.0,农业抗旱,115.664,28.739,POINT (115.664 28.739),392.0,江西省,南昌市,湾里区,招贤镇,matched_within,,,,,,
2025-01-25,01:43,01:58,上饶市,广信区,烟炉,1.0,阴,小雨,50,25.0,降低火险,118.153,28.13,POINT (118.153 28.13),1538.0,江西省,上饶市,上饶县,五府山镇,matched_within,,,,,,
2025-01-25,10:01,10:16,鹰潭市,月湖区,烟炉,1.0,阴,小雨,50,25.0,降低火险,117.16,27.992,POINT (117.16 27.992),1413.0,江西省,鹰潭市,贵溪市,耳口乡,matched_within,,,,,,
2025-01-25,16:51,17:06,吉安市,永丰县,烟炉,1.0,阴,小雨,50,25.0,农业抗旱,115.746,27.113,POINT (115.746 27.113),1664.0,江西省,抚州市,乐安县,罗陂乡,matched_within,,,,,,
2025-01-25,10:49,11:04,上饶市,广信区,烟炉,1.0,小雨,小雨,50,25.0,降低火险,117.846,28.587,POINT (117.846 28.587),1526.0,江西省,上饶市,上饶县,清水乡,matched_within,,,,,,
2025-01-25,17:53,18:13,九江市,庐山市,烟炉,1.0,小雨,小到中雨,50,,农业抗旱,115.956,29.56,POINT (115.956 29.56),227.0,江西省,九江市,庐山区,牯岭镇,matched_within,,,,,,
2025-01-25,16:15,16:30,吉安市,青原区,烟炉,1.0,阴,小雨,50,25.0,农业抗旱,115.247,27.079,POINT (115.247 27.079),434.0,江西省,吉安市,吉水县,水南镇,matched_within,,,,,,
2025-01-25,13:38,14:08,抚州市,乐安县,烟炉,2.0,小雨,小到中雨,50,25.0,农业抗旱,115.418,27.568,POINT (115.418 27.568),33.0,江西省,吉安市,峡江县,马埠镇,matched_within,,,,,,
2025-01-25,16:04,16:07,抚州市,东乡区,火箭弹,2.0,小雨,小到中雨,100,50.0,农业抗旱,116.65,28.24,POINT (116.65 28.24),1676.0,江西省,抚州市,东乡县,孝岗镇,matched_within,,,,,,
2025-01-25,09:45,09:50,九江市,庐山市,火箭弹,4.0,小雨,小到中雨,150,50.0,农业抗旱,115.876,29.422,POINT (115.876 29.422),1248.0,江西省,九江市,星子县,温泉镇,matched_within,,,,,,
2025-01-25,07:46,08:16,南昌市,安义县,烟炉,2.0,阵雨,小雨,50,25.0,农业抗旱,115.675,28.792,POINT (115.675 28.792),391.0,江西省,南昌市,湾里区,太平镇,matched_within,,,,,,
2025-01-25,18:53,19:08,上饶市,广信区,烟炉,1.0,小雨,小到中雨,50,25.0,降低火险,117.846,28.587,POINT (117.846 28.587),1526.0,江西省,上饶市,上饶县,清水乡,matched_within,,,,,,
2025-01-25,06:30,06:32,南昌市,新建区,火箭弹,4.0,小雨,中雨,150,50.0,降低火险,115.596,28.612,POINT (115.596 28.612),406.0,江西省,南昌市,新建县,西山镇,matched_within,,,,,,
2025-01-25,13:29,13:44,上饶市,广信区,烟炉,1.0,阴,小雨,50,25.0,降低火险,118.153,28.13,POINT (118.153 28.13),1538.0,江西省,上饶市,上饶县,五府山镇,matched_within,,,,,,
2025-01-25,08:24,08:41,九江市,庐山市,烟炉,1.0,小雨,小到中雨,50,,降低火险,115.956,29.56,POINT (115.956 29.56),227.0,江西省,九江市,庐山区,牯岭镇,matched_within,,,,,,
2025-01-25,10:35,10:38,抚州市,东乡区,火箭弹,2.0,阴,小到中雨,50,20.0,农业抗旱,116.6,28.29,POINT (116.6 28.29),1676.0,江西省,抚州市,东乡县,孝岗镇,matched_within,,,,,,
2025-01-25,19:18,19:21,九江市,柴桑区,火箭弹,4.0,小雨,中雨,150,50.0,农业抗旱,115.84,29.61,POINT (115.84 29.61),200.0,江西省,九江市,九江县,狮子镇,matched_within,,,,,,
2025-01-25,20:20,20:24,九江市,庐山市,火箭弹,2.0,小雨,中雨,150,50.0,农业抗旱,115.876,29.422,POINT (115.876 29.422),1248.0,江西省,九江市,星子县,温泉镇,matched_within,,,,,,
2025-01-25,10:12,10:15,九江市,柴桑区,火箭弹,4.0,小雨,中雨,150,50.0,农业抗旱,115.84,29.61,POINT (115.84 29.61),200.0,江西省,九江市,九江县,狮子镇,matched_within,,,,,,
2025-01-25,16:44,16:46,九江市,濂溪区,火箭弹,2.0,小雨,中雨,150,50.0,农业抗旱,116.065,29.694,POINT (116.065 29.694),189.0,江西省,九江市,庐山区,虞家河乡,matched_within,,,,,,
2025-01-25,08:23,08:40,九江市,庐山市,烟炉,1.0,小雨,小到中雨,50,,农业抗旱,115.993,29.58,POINT (115.993 29.58),227.0,江西省,九江市,庐山区,牯岭镇,matched_within,,,,,,
2025-01-25,0:33,00:38,鹰潭市,余江区,火箭弹,2.0,阴,小雨,150,50.0,降低火险,116.904,28.194,POINT (116.904 28.194),1505.0,江西省,鹰潭市,余江县,洪湖乡,matched_within,,,,,,
2025-01-25,08:30,08:45,上饶市,三清山,烟炉,1.0,阴,小雨,50,25.0,降低火险,118.031,28.93,POINT (118.031 28.93),1221.0,江西省,上饶市,玉山县,枫林街道,matched_within,,,,,,
2025-01-25,09:05,09:10,九江市,濂溪区,火箭弹,4.0,小雨,小到中雨,150,50.0,农业抗旱,116.065,29.694,POINT (116.065 29.694),189.0,江西省,九江市,庐山区,虞家河乡,matched_within,,,,,,
2025-01-24,19:20,19:35,上饶市,广信区,烟炉,1.0,阴,小雨,50,25.0,降低火险,117.846,28.587,POINT (117.846 28.587),1526.0,江西省,上饶市,上饶县,清水乡,matched_within,,,,,,
2025-01-24,18:11,18:26,赣州市,赣县区,烟炉,1.0,阴,小雨,75,25.0,降低火险,115.1,26.176,POINT (115.1 26.176),1371.0,江西省,赣州市,赣县,田村镇,matched_within,,,,,,
2025-01-24,16:52,16:54,九江市,武宁县,火箭弹,3.0,阴,小雨,150,50.0,农业抗旱,114.752,29.084,POINT (114.752 29.084),1432.0,江西省,九江市,修水县,庙岭乡,matched_within,,,,,,
2025-01-24,19:55,19:58,九江市,濂溪区,火箭弹,4.0,阴,小雨,150,50.0,农业抗旱,116.065,29.694,POINT (116.065 29.694),189.0,江西省,九江市,庐山区,虞家河乡,matched_within,,,,,,
2025-01-24,09:40,10:00,九江市,庐山市,烟炉,1.0,阴,小雨,50,,降低火险,115.956,29.56,POINT (115.956 29.56),227.0,江西省,九江市,庐山区,牯岭镇,matched_within,,,,,,
2025-01-24,20:40,20:55,上饶市,三清山,烟炉,1.0,阴,小雨,50,25.0,降低火险,118.031,28.93,POINT (118.031 28.93),1221.0,江西省,上饶市,玉山县,枫林街道,matched_within,,,,,,
2025-01-24,14:33,14:48,抚州市,崇仁县,烟炉,1.0,阴,小雨,50,25.0,降低火险,115.872,27.859,POINT (115.872 27.859),1463.0,江西省,宜春市,丰城市,洛市镇,matched_within,,,,,,
2025-01-24,20:27,20:43,鹰潭市,月湖区,烟炉,1.0,阴,小雨,50,25.0,降低火险,117.033,27.987,POINT (117.033 27.987),1117.0,江西省,鹰潭市,贵溪市,上清镇,matched_within,,,,,,
2025-01-24,09:45,10:06,九江市,庐山市,烟炉,1.0,阴,小雨,50,,农业抗旱,115.955,29.535,POINT (115.955 29.535),227.0,江西省,九江市,庐山区,牯岭镇,matched_within,,,,,,
2025-01-24,21:20,21:35,南昌市,新建区,烟炉,1.0,小雨,小到中雨,50,25.0,降低火险,115.664,28.739,POINT (115.664 28.739),392.0,江西省,南昌市,湾里区,招贤镇,matched_within,,,,,,
2025-01-24,21:50,22:05,南昌市,安义县,烟炉,1.0,小雨,小到中雨,50,25.0,降低火险,115.675,28.792,POINT (115.675 28.792),391.0,江西省,南昌市,湾里区,太平镇,matched_within,,,,,,
2025-01-24,18:04,18:19,赣州市,赣县区,烟炉,1.0,阴,小雨,75,25.0,降低火险,115.209,25.633,POINT (115.209 25.633),1685.0,江西省,赣州市,赣县,韩坊乡,matched_within,,,,,,
2025-01-24,21:41,21:43,南昌市,新建区,火箭弹,4.0,小雨,小到中雨,150,50.0,降低火险,115.596,28.612,POINT (115.596 28.612),406.0,江西省,南昌市,新建县,西山镇,matched_within,,,,,,
2025-01-24,21:10,21:15,九江市,庐山市,火箭弹,2.0,阴,小雨,150,50.0,农业抗旱,115.876,29.422,POINT (115.876 29.422),1248.0,江西省,九江市,星子县,温泉镇,matched_within,,,,,,
2025-01-24,15:00,15:15,南昌市,安义县,烟炉,1.0,阴,小雨,50,25.0,农业抗旱,115.675,28.792,POINT (115.675 28.792),391.0,江西省,南昌市,湾里区,太平镇,matched_within,,,,,,
2025-01-24,09:00,09:05,九江市,庐山市,火箭弹,4.0,阴,阴,150,,农业抗旱,115.876,29.422,POINT (115.876 29.422),1248.0,江西省,九江市,星子县,温泉镇,matched_within,,,,,,
2025-01-24,17:57,18:02,九江市,武宁县,烟炉,2.0,阴,小雨,20,10.0,农业抗旱,115.192,29.492,POINT (115.192 29.492),1625.0,江西省,九江市,瑞昌市,乐园乡,matched_within,,,,,,
2025-01-24,09:39,09:59,九江市,庐山市,烟炉,1.0,阴,小雨,50,,降低火险,115.993,29.58,POINT (115.993 29.58),227.0,江西省,九江市,庐山区,牯岭镇,matched_within,,,,,,
2025-01-24,14:53,15:23,南昌市,新建区,烟炉,2.0,阴,小雨,50,25.0,降低火险,115.664,28.739,POINT (115.664 28.739),392.0,江西省,南昌市,湾里区,招贤镇,matched_within,,,,,,
2025-01-24,17:56,18:11,赣州市,赣县区,烟炉,1.0,阴,小雨,75,25.0,降低火险,115.014,25.758,POINT (115.014 25.758),1394.0,江西省,赣州市,章贡区,沙石镇,matched_within,,,,,,
2025-01-24,17:41,17:46,九江市,柴桑区,火箭弹,4.0,阴,小雨,150,50.0,改善空气,115.718,29.586,POINT (115.718 29.586),198.0,江西省,九江市,九江县,新塘乡,matched_within,,,,,,
2025-01-24,08:36,08:51,南昌市,新建区,烟炉,1.0,阴,小雨,50,25.0,降低火险,115.664,28.739,POINT (115.664 28.739),392.0,江西省,南昌市,湾里区,招贤镇,matched_within,,,,,,
2025-01-24,08:15,08:47,南昌市,安义县,烟炉,2.0,阴,小雨,50,25.0,农业抗旱,115.675,28.792,POINT (115.675 28.792),391.0,江西省,南昌市,湾里区,太平镇,matched_within,,,,,,
2025-01-24,21:01,21:16,吉安市,永丰县,烟炉,1.0,阴,小雨,50,25.0,降低火险,115.746,27.113,POINT (115.746 27.113),1664.0,江西省,抚州市,乐安县,罗陂乡,matched_within,,,,,,
2025-01-23,17:32,17:35,九江市,武宁县,火箭弹,4.0,阴,小雨,150,50.0,农业抗旱,114.752,29.084,POINT (114.752 29.084),1432.0,江西省,九江市,修水县,庙岭乡,matched_within,,,,,,
2025-01-14,17:41,17:56,南昌市,安义县,烟炉,1.0,阴,阵雨,50,25.0,农业抗旱,115.675,28.792,POINT (115.675 28.792),391.0,江西省,南昌市,湾里区,太平镇,matched_within,,,,,,
2025-01-09,20:05,20:25,上饶市,广丰区,烟炉,1.0,阴,阴,50,25.0,降低火险,118.259,28.276,POINT (118.259 28.276),1220.0,江西省,上饶市,广丰县,铜钹山镇,matched_within,,,,,,
2025-01-09,10:30,10:45,南昌市,安义县,烟炉,1.0,阴,小雨,50,25.0,农业抗旱,115.675,28.792,POINT (115.675 28.792),391.0,江西省,南昌市,湾里区,太平镇,matched_within,,,,,,
2025-01-09,20:25,20:55,赣州市,赣县区,烟炉,2.0,阴,小雨,75,25.0,农业抗旱,115.014,25.758,POINT (115.014 25.758),1394.0,江西省,赣州市,章贡区,沙石镇,matched_within,,,,,,
2025-01-09,01:07,01:12,南昌市,新建区,火箭弹,2.0,阴,小雨,50,50.0,农业抗旱,115.596,28.612,POINT (115.596 28.612),406.0,江西省,南昌市,新建县,西山镇,matched_within,,,,,,
2025-01-09,16:55,17:10,赣州市,于都县,烟炉,1.0,阴,小雨,50,25.0,农业抗旱,115.523,26.217,POINT (115.523 26.217),501.0,江西省,赣州市,兴国县,杰村乡,matched_within,,,,,,
2025-01-09,10:34,10:49,南昌市,新建区,烟炉,1.0,阴,阴,50,25.0,改善空气,115.664,28.739,POINT (115.664 28.739),392.0,江西省,南昌市,湾里区,招贤镇,matched_within,,,,,,
2025-01-09,18:04,18:19,赣州市,赣县区,烟炉,1.0,阴,小雨,75,25.0,农业抗旱,115.33,26.045,POINT (115.33 26.045),1728.0,江西省,赣州市,赣县,三溪乡,matched_within,,,,,,
2025-01-09,12:21,12:22,鹰潭市,月湖区,火箭弹,2.0,阴,阴,20,15.0,农业抗旱,117.068,28.449,POINT (117.068 28.449),1133.0,江西省,鹰潭市,贵溪市,塔桥园艺场,matched_within,,,,,,
2025-01-09,16:33,16:48,吉安市,永丰县,烟炉,1.0,阴,小雨,2,,降低火险,115.746,27.113,POINT (115.746 27.113),1664.0,江西省,抚州市,乐安县,罗陂乡,matched_within,,,,,,
2025-01-09,06:23,06:34,南昌市,安义县,烟炉,1.0,阴,小雨,50,25.0,农业抗旱,115.675,28.792,POINT (115.675 28.792),391.0,江西省,南昌市,湾里区,太平镇,matched_within,,,,,,
2025-01-08,20:56,20:58,九江市,柴桑区,火箭弹,2.0,阴,阴,150,50.0,降低火险,115.84,29.61,POINT (115.84 29.61),200.0,江西省,九江市,九江县,狮子镇,matched_within,,,,,,
2025-01-08,13:08,13:19,南昌市,安义县,烟炉,1.0,阴,小雨,50,25.0,降低火险,115.675,28.792,POINT (115.675 28.792),391.0,江西省,南昌市,湾里区,太平镇,matched_within,,,,,,
2025-01-08,13:04,13:34,南昌市,新建区,烟炉,2.0,阴,小雨,50,25.0,降低火险,115.664,28.739,POINT (115.664 28.739),392.0,江西省,南昌市,湾里区,招贤镇,matched_within,,,,,,
2020-01-07,07:18:00,07:28:00,上饶,德兴,碘化银地面发生器,,零星小雨,小雨,300,抗旱、改善空气质量,,117.83,28.90028,POINT (117.83 28.90028),1198.0,江西省,上饶市,德兴市,龙头山乡,matched_within,增雨,,,1.0,,大茅山361181012
2020-01-07,07:53:00,07:55:00,"吉安市_x000D_
","吉安县_x000D_
",火箭,,小雨,中雨,300,抗旱,,114.75389,27.15389,POINT (114.75389 27.15389),349.0,江西省,吉安市,吉安县,固江镇,matched_within,增雨,,2.0,,,福华山水库360821004
2020-01-07,07:54:00,07:56:00,吉安,吉州区,火箭,,零星小雨,小到中雨,300,抗旱、降低森林火险,,114.83667,27.17028,POINT (114.83667 27.17028),539.0,江西省,吉安市,吉州区,兴桥镇,matched_within,增雨,,2.0,,,兴桥镇麻下水库360802004
2020-01-07,07:57:00,07:59:00,吉安,遂川,碘化银地面发生器,,阴,小雨,300,抗旱,,114.39222,26.36417,POINT (114.39222 26.36417),532.0,江西省,吉安市,遂川县,泉江镇,matched_within,增雨,,,1.0,,佛祖仙岭360827009
2020-01-07,08:38:00,08:53:00,鹰潭,市区,碘化银地面发生器,,多云,零星小雨,300,抗旱,,117.03333,27.98667,POINT (117.03333 27.98667),1117.0,江西省,鹰潭市,贵溪市,上清镇,matched_within,增雨,,,1.0,,天门山360602008
2020-01-07,08:39:00,09:16:00,鹰潭,龙虎山风景管理区,碘化银地面发生器,,零星小雨,小雨,300,抗旱,,116.98833,28.105,POINT (116.98833 28.105),1132.0,江西省,鹰潭市,贵溪市,龙虎山镇,matched_within,增雨,,,2.0,,龙虎山360602001
2020-01-07,09:28:00,09:30:00,吉安,万安,火箭,,阴天,小雨,300,抗旱和降低森林火险,,114.75694,26.46056,POINT (114.75694 26.46056),340.0,江西省,吉安市,万安县,五丰镇,matched_within,增雨,,3.0,,,五丰镇云州村360828015
2020-01-07,09:30:00,09:32:00,宜春,袁州区,火箭,,阴,零星小雨,300,抗旱、降低森林火险等级,,114.38639,27.76,POINT (114.38639 27.76),776.0,江西省,宜春市,袁州区,珠泉街道,matched_within,增雨,,4.0,,,南庙镇梅花村360902013
2020-01-07,09:51:00,09:56:00,九江,市区,火箭,,阴,小雨,300,改善空气质量、降低森林火险等级,,115.895,29.70417,POINT (115.895 29.70417),205.0,江西省,九江市,九江县,赛城湖水产场,matched_within,增雨,,4.0,,,八里湖新区360401003
2020-01-07,10:04:00,10:06:00,赣州,宁都,火箭,,阴天,小雨,300,抗旱、降低森林火险等级,,116.06083,26.62111,POINT (116.06083 26.62111),1058.0,江西省,赣州市,宁都县,石上镇,matched_within,增雨,,1.0,,,"石上镇莲湖村_x000D_
360730011"
2020-01-07,10:12:00,10:14:00,赣州,兴国,火箭,,阴,小雨,300,抗旱和降低森林火险等级,,115.27278,26.46028,POINT (115.27278 26.46028),510.0,江西省,赣州市,兴国县,高兴镇,matched_within,增雨,,2.0,,,"高兴镇长迳村_x000D_
360732011_x000D_
"
2020-01-07,10:19:00,10:01:00,宜春,万载,火箭,,阴,零星小雨,300,抗旱、改善空气质量,,114.39333,28.10444,POINT (114.39333 28.10444),623.0,江西省,宜春市,万载县,高城镇,matched_within,增雨,,2.0,,,高城治超站360922006
2020-01-07,10:25:00,11:03:00,赣州,市区,碘化银地面发生器,,阴,小雨,300,抗旱和降低火险,,114.99111,25.73667,POINT (114.99111 25.73667),1394.0,江西省,赣州市,章贡区,沙石镇,matched_within,增雨,,,2.0,,峰山360702015
2020-01-07,11:32:00,11:33:00,抚州,黎川,火箭,,零星小雨,小雨,300,抗旱、降低森林火险等级、改善空气质量,,116.95944,27.21889,POINT (116.95944 27.21889),893.0,江西省,抚州市,黎川县,德胜镇,matched_within,增雨,,2.0,,,"德胜镇361022011_x000D_
"
2020-01-07,13:29:00,13:31:00,上饶,广信区（上饶县）,火箭,,阴,阴,300,抗旱、降低森林火险等级,,117.07528,28.49028,POINT (117.07528 28.49028),1396.0,江西省,鹰潭市,余江县,画桥镇,matched_within, 增雨,,4.0,,,罗桥街道十里风荷361121017
2020-01-07,13:45:00,14:00:00,上饶,三清山,碘化银地面发生器,,阴天,小雨,300,抗旱,,118.03167,28.93,POINT (118.03167 28.93),1221.0,江西省,上饶市,玉山县,枫林街道,matched_within,增雨,,,1.0,,"三清山汾水村_x000D_
361102015_x000D_
"
2020-01-07,16:11:00,16:12:00,上饶,市区,火箭,,阴,阴,300,抗旱,,117.97722,28.44278,POINT (117.97722 28.44278),48.0,江西省,上饶市,信州区,水南街道,matched_within,增雨,,2.0,,,"茅家岭乡_x000D_
361102004_x000D_
"
2020-01-10,09:33:00,09:35:00,宜春,袁州区,火箭,,小雨,小到中雨,300,抗旱、降低森林火险等级和改善空气质量,,114.38639,27.76,POINT (114.38639 27.76),776.0,江西省,宜春市,袁州区,珠泉街道,matched_within,增雨,,4.0,,,南庙镇梅花村360902013
2020-01-10,12:05:00,12:07:00,萍乡,芦溪,火箭,,小雨,中雨,300,抗旱、降低森林火险等级、改善空气质量,,114.16,27.54,POINT (114.16 27.54),1362.0,江西省,萍乡市,芦溪县,万龙山乡,matched_within,增雨,,4.0,,,源南乡新下村荷叶塘360323008
2020-01-10,20:25:00,20:30:00,新余,渝水区,火箭,,零星小雨,小雨,300,水库蓄水、改善空气质量,,114.95,27.88333,POINT (114.95 27.88333),1726.0,江西省,新余市,渝水区,下村镇,matched_within,增雨,,2.0,,,下村镇狮子口水库坝下360502007
2020-01-10,21:03:00,21:05:00,吉安,万安,火箭,,阴天,零星小雨,300,抗旱,,114.73861,26.47139,POINT (114.73861 26.47139),22.0,江西省,吉安市,万安县,万安县工业园,matched_within,增雨,,3.0,,,五丰镇临时点360828016
2020-01-11,06:25:00,06:30:00,新余市,高新区,火箭,,小雨,中雨,300,抗旱、水库蓄水、改善空气质量,,114.97694,27.80611,POINT (114.97694 27.80611),760.0,江西省,新余市,渝水区,珠珊镇,matched_within,增雨,,3.0,,,水西严家渡360502015
2020-01-11,07:30:00,07:32:00,吉安,吉州区,火箭,,小雨,小到中雨,300,抗旱、降低森林火险,,114.83667,27.17028,POINT (114.83667 27.17028),539.0,江西省,吉安市,吉州区,兴桥镇,matched_within,增雨,,4.0,,,兴桥镇麻下水库360802004
2020-01-11,08:57:00,09:12:00,吉安,遂川,碘化银地面发生器,,零星小雨,小雨,300,抗旱,,114.39222,26.36417,POINT (114.39222 26.36417),532.0,江西省,吉安市,遂川县,泉江镇,matched_within,增雨,,,1.0,,佛祖仙岭360827009
2020-01-11,09:44:00,09:46:00,宜春,袁州区,火箭,,零星小雨,小雨,300,抗旱、降低火险、改善空气质量,,114.38639,27.76,POINT (114.38639 27.76),776.0,江西省,宜春市,袁州区,珠泉街道,matched_within,增雨,,4.0,,,南庙镇梅花村360902013
2020-01-11,10:56:00,10:57:00,新余,渝水区,火箭,,零星小雨,小雨,300,水库蓄水、改善空气质量,,114.95,27.88333,POINT (114.95 27.88333),1726.0,江西省,新余市,渝水区,下村镇,matched_within,增雨,,2.0,,,下村镇狮子口水库坝下360502007
2020-01-11,11:30:00,11:32:00,赣州,石城,火箭,,阴,小雨,300,抗旱和降低森林火险,,116.34667,26.35333,POINT (116.34667 26.35333),991.0,江西省,赣州市,石城县,琴江镇,matched_within,增雨,,4.0,,,琴江镇兴隆村360735015
2020-01-11,11:56:00,11:57:00,赣州,瑞金,火箭,,阴,小雨,300,抗旱,,115.96083,25.91972,POINT (115.96083 25.91972),981.0,江西省,赣州市,瑞金市,沙洲坝镇,matched_within,增雨,,2.0,,,沙洲坝镇七堡村360781023
2020-01-11,12:43:00,13:32:00,赣州,崇义,碘化银地面发生器,,阴,零星小雨,300,抗旱和降低火险,,114.28139,25.66111,POINT (114.28139 25.66111),1087.0,江西省,赣州市,崇义县,横水镇,matched_within,增雨,,,3.0,,阳岭360725012
2020-01-11,14:29:00,14:30:00,赣州,瑞金,火箭,,阴,小雨,300,抗旱,,115.96083,25.91972,POINT (115.96083 25.91972),981.0,江西省,赣州市,瑞金市,沙洲坝镇,matched_within,增雨,,2.0,,,沙洲坝镇七堡村360781023
2020-01-11,17:22:00,17:23:00,赣州,会昌,火箭,,阴,零星小雨,300,抗旱,,115.79556,25.55917,POINT (115.79556 25.55917),1014.0,江西省,赣州市,会昌县,文武坝镇,matched_within,增雨,,2.0,,,文武坝镇林富村360733018
2020-01-11,17:46:00,17:48:00,赣州,于都,火箭,,阴,小雨,300,抗旱和降低森林火险,,115.60639,25.91722,POINT (115.60639 25.91722),1375.0,江西省,赣州市,于都县,黄麟乡,matched_within,增雨,,3.0,,,黄麟乡黄麟村360731018
2020-01-14,10:00:00,10:02:00,赣州,大余,火箭,,零星小雨,小到中雨,300,抗旱、降低森林火险,,114.38472,25.43,POINT (114.38472 25.43),1753.0,江西省,赣州市,大余县,黄龙镇,matched_within,增雨,,2.0,,,黄龙镇灵潭村360723006
2020-01-14,10:54:00,10:56:00,赣州,兴国,火箭,,阴,小雨,300,抗旱和降低森林火险等级,,115.27278,26.46028,POINT (115.27278 26.46028),510.0,江西省,赣州市,兴国县,高兴镇,matched_within,增雨,,2.0,,,"高兴镇长迳村_x000D_
360732011_x000D_
"
2020-01-14,11:25:00,11:27:00,宜春,袁州区,火箭,,阴,零星小雨,300,抗旱、降低火险、改善空气质量,,114.38639,27.76,POINT (114.38639 27.76),776.0,江西省,宜春市,袁州区,珠泉街道,matched_within,增雨,,2.0,,,南庙镇梅花村360902013
2020-01-14,11:25:00,11:27:00,赣州,信丰,火箭,,零星小雨,小雨,300,抗旱,,114.86222,25.34972,POINT (114.86222 25.34972),907.0,江西省,赣州市,信丰县,嘉定镇,matched_within,增雨,,3.0,,,嘉定镇太平上村360722002
2020-01-14,12:13:00,12:15:00,赣州,安远,火箭,,零星小雨,小雨,300,抗旱,,115.3975,25.10306,POINT (115.3975 25.10306),873.0,江西省,赣州市,安远县,欣山镇,matched_within,增雨,,2.0,,,安远县欣山镇修田村360726018
2020-01-14,14:38:00,14:39:00,抚州,崇仁,碘化银地面发生器,,小雨,小雨,300,抗旱、降低森林火险等级、改善空气质量,,115.95167,27.56778,POINT (115.95167 27.56778),607.0,江西省,抚州市,乐安县,公溪镇,matched_within,增雨,,,1.0,,相山361024012
2020-01-14,16:15:00,16:16:00,宜春,万载,火箭,,阴,零星小雨,300,抗旱、改善空气质量,,114.39333,28.10444,POINT (114.39333 28.10444),623.0,江西省,宜春市,万载县,高城镇,matched_within,增雨,,2.0,,,高城治超站360922006
2020-01-14,19:53:00,19:54:00,赣州,宁都,火箭,,阴天,小雨,300,抗旱、降低森林火险等级,,116.06083,26.62111,POINT (116.06083 26.62111),1058.0,江西省,赣州市,宁都县,石上镇,matched_within,增雨,,3.0,,,"石上镇莲湖村_x000D_
360730011"
2020-01-14,22:14:00,22:16:00,赣州,于都,火箭,,阴,小雨,300,抗旱和降低森林火险,,115.44917,25.98472,POINT (115.44917 25.98472),1032.0,江西省,赣州市,于都县,贡江镇,matched_within,增雨,,3.0,,,贡江镇金桥村360731015
2020-01-15,06:39:00,06:55:00,新余市,高新区,火箭,,零星小雨,小雨,300,抗旱、水库蓄水、改善空气质量,,114.97694,27.80611,POINT (114.97694 27.80611),760.0,江西省,新余市,渝水区,珠珊镇,matched_within,增雨,,3.0,,,水西严家渡360502015
2020-01-15,08:48:00,08:49:00,宜春,宜丰县,火箭,,零星小雨,小雨,300,抗旱,,114.72917,28.42167,POINT (114.72917 28.42167),682.0,江西省,宜春市,宜丰县,桥西乡,matched_within,增雨,,3.0,,,"潭埠塅村部房_x000D_360924003_x000D_
"
2020-01-15,09:21:00,09:23:00,九江,庐山市,火箭,,小雨,中雨,300,抗旱,,116.03361,29.44722,POINT (116.03361 29.44722),262.0,江西省,九江市,星子县,南康镇,matched_within,增雨,,2.0,,,南康镇临时点360427012
2020-01-15,09:27:00,09:31:00,九江,九江市八里湖新区,火箭,,小雨,中雨,300,抗旱,,115.895,29.70417,POINT (115.895 29.70417),205.0,江西省,九江市,九江县,赛城湖水产场,matched_within,增雨,,4.0,,,临时点360401003
2020-01-15,09:52:00,09:53:00,宜春,丰城,火箭,,小雨,中雨,300,抗旱、改善空气质量,,115.76639,28.23194,POINT (115.76639 28.23194),655.0,江西省,宜春市,丰城市,曲江镇,matched_within,增雨,,4.0,,,360981003
2020-01-15,10:00:00,10:02:00,宜春,袁州区,火箭,,零星小雨,小雨,300,抗旱、降低森林火险、改善空气质量,,114.38639,27.76,POINT (114.38639 27.76),776.0,江西省,宜春市,袁州区,珠泉街道,matched_within,增雨,,4.0,,,南庙镇梅花村360902013
2020-01-15,10:11:00,10:13:00,宜春,奉新,火箭,,小雨,小雨,300,抗旱、改善空气质量,,115.29,28.69,POINT (115.29 28.69),1238.0,江西省,宜春市,奉新县,赤岸镇,matched_within,增雨,,2.0,,,赤岸镇猕猴桃基地360921003
2020-01-15,10:19:00,10:50:00,抚州,崇仁,碘化银地面发生器,,小雨,小雨,300,抗旱、降低森林火险等级、改善空气质量,,115.95167,27.56778,POINT (115.95167 27.56778),607.0,江西省,抚州市,乐安县,公溪镇,matched_within,增雨,,,2.0,,相山361024012
2020-01-15,17:16:00,17:17:00,  ,永丰,碘化银地面发生器,,小雨,小到中雨,300,抗旱、降低森林火险等级,,115.74583,27.11278,POINT (115.74583 27.11278),1664.0,江西省,抚州市,乐安县,罗陂乡,matched_within,增雨,,,1.0,,陶唐高龙山360825010
2020-01-15,17:25:00,17:26:00,抚州,乐安,火箭,,零星小雨,小雨,300,抗旱、改善空气质量,,115.85583,27.46361,POINT (115.85583 27.46361),674.0,江西省,抚州市,乐安县,鳌溪镇,matched_within,增雨,,2.0,,,龙潭水库361025011
2020-01-15,20:35:00,20:40:00,新余市,高新区,火箭,,小雨,中雨,300,抗旱、水库蓄水、改善空气质量,,114.97694,27.80611,POINT (114.97694 27.80611),760.0,江西省,新余市,渝水区,珠珊镇,matched_within,增雨,,2.0,,,水西严家渡360502015
2020-01-15,21:03:00,21:04:00,南昌,安义,火箭,,零星小雨,小雨,300,抗旱、降低森林火险、改善空气质量,,115.55,28.93,POINT (115.55 28.93),157.0,江西省,南昌市,安义县,新民乡,matched_within,增雨,,2.0,,,"呼啸山庄_x000D_
_x000D_

360123006"
2020-01-16,09:30:00,09:33:00,新余市,新余市本级,火箭,,零星小雨,小雨,300,降低空气污染、抗旱、增加水库蓄水,,114.95,27.88333,POINT (114.95 27.88333),1726.0,江西省,新余市,渝水区,下村镇,matched_within,增雨,,2.0,,,狮子口水库坝下360502007
2020-01-16,09:48:00,09:50:00,宜春市,市区,火箭,,零星小雨,小雨,300,抗旱、降低森林火险等级、改善空气质量,,114.38639,27.76,POINT (114.38639 27.76),776.0,江西省,宜春市,袁州区,珠泉街道,matched_within,增雨,,4.0,,,南庙镇梅花村360902013
2020-01-16,11:26:00,11:27:00,抚州,乐安,火箭,,零星小雨,小雨,300,抗旱和改善空气质量,,115.79167,27.625,POINT (115.79167 27.625),666.0,江西省,抚州市,乐安县,山砀镇,matched_within,增雨,,2.0,,,"山砀_x000D_
镇361025008"
2020-01-16,12:21:00,12:23:00,赣州,安远,火箭,,阴天,小雨,300,降低森林火险等级,,115.3975,25.105,POINT (115.3975 25.105),873.0,江西省,赣州市,安远县,欣山镇,matched_within,增雨,,2.0,,,安远县欣山镇修田村360726020
2020-01-16,17:00:00,17:02:00,赣州,于都,火箭,,阴,小雨,300,抗旱和降低森林火险等级,,115.44917,25.98472,POINT (115.44917 25.98472),1032.0,江西省,赣州市,于都县,贡江镇,matched_within,增雨,,2.0,,,贡江镇金桥村360731015
2020-01-23,10:17:00,10:20:00,新余,仙女湖区,火箭,,阴,小雨,300,水库蓄水、改善空气质量,,114.83361,27.73417,POINT (114.83361 27.73417),759.0,江西省,新余市,渝水区,河下镇,matched_within,增雨,,2.0,,,环湖路杨梅基地360402011
2020-01-23,16:49:00,16:51:00,吉安,万安,火箭,,阴天,零星小雨,300,抗旱,,114.73861,26.30472,POINT (114.73861 26.30472),19.0,江西省,吉安市,万安县,沙坪镇,matched_within,增雨,,3.0,,,五丰镇鑫源大道360828016
2020-01-24,00:40:00,00:41:00,吉安,吉州区,火箭,,阴,小雨,300,抗旱、降低森林火险等级,,114.83667,27.17028,POINT (114.83667 27.17028),539.0,江西省,吉安市,吉州区,兴桥镇,matched_within,增雨,,4.0,,,兴桥镇麻下水库360802004
2020-01-24,14:21:00,14:23:00,赣州,兴国,火箭,,阴,小雨,300,抗旱和降低森林火险等级,,115.27278,26.46028,POINT (115.27278 26.46028),510.0,江西省,赣州市,兴国县,高兴镇,matched_within,增雨,,3.0,,,"高兴镇长迳村_x000D_
360732011_x000D_
"
2020-02-28,18:04:00,18:06:00,九江,柴桑区,火箭,,阴,小雨,300,改善空气质量,,115.88417,29.65222,POINT (115.88417 29.65222),203.0,江西省,九江市,九江县,沙河街镇,matched_within,增雨,,4.0,,,360421007
2020-02-29,21:58:00,21:58:00,赣州,兴国,火箭,,阴,小雨,300,抗旱和降低火险等级,,115.27278,26.46028,POINT (115.27278 26.46028),510.0,江西省,赣州市,兴国县,高兴镇,matched_within,增雨,,3.0,,,"高兴镇长迳村_x000D_
360732011_x000D_
"
2020-03-06,12:40:00,13:30:00,南昌,安义县,碘化银地面发生器,,零星小雨,小雨,300,改善空气质量,,114.97,27.48,POINT (114.97 27.48),1638.0,江西省,吉安市,吉水县,阜田镇,matched_within,增雨,,,2.0,,"筲岭水库360123011_x000D_
"
2020-03-06,14:40:00,14:41:00,南昌,南昌县,火箭,,小雨,小到中雨,300,改善空气质量,,116.11361,28.51833,POINT (116.11361 28.51833),1632.0,江西省,南昌市,南昌县,塔城乡,matched_within,增雨,,2.0,,,"_x000D_塔城乡芳湖村_x000D_

36012100_x000D_8"
2020-03-06,16:50:00,17:02:00,南昌,进贤,火箭,,小雨,中雨,300,改善空气质量,,116.35,28.32,POINT (116.35 28.32),1282.0,江西省,南昌市,进贤县,下埠集乡,matched_within,增雨,,2.0,,,民和镇捉牛岗360124002
2020-03-06,21:45:00,21:46:00,南昌,新建,火箭,,阴,小雨,300,改善空气质量,,115.61028,28.53861,POINT (115.61028 28.53861),406.0,江西省,南昌市,新建县,西山镇,matched_within,增雨,,2.0,,,360122007
2020-03-08,13:05:00,13:50:00,南昌,安义,碘化银地面发生器,,小雨,小到中雨,300,改善空气质量,,114.97,27.48,POINT (114.97 27.48),1638.0,江西省,吉安市,吉水县,阜田镇,matched_within,增雨,,,2.0,,"湾里区筲岭水库_x000D_
360123011"
2020-03-22,12:10:00,12:19:00,新余,渝水区,火箭,,零星小雨,小雨,300,防雹,,114.95,27.88333,POINT (114.95 27.88333),1726.0,江西省,新余市,渝水区,下村镇,matched_within,防雹,,2.0,,,下村镇狮子口水库坝下360502007
2020-03-22,14:12:00,14:14:00,鹰潭,贵溪,火箭,,阴,小到中雨,300,防雹,,117.07583,28.36139,POINT (117.07583 28.36139),1119.0,江西省,鹰潭市,贵溪市,志光镇,matched_within,防雹,,3.0,,,塔桥360602006
2020-03-25,19:23:00,19:25:00,宜春市,市区,火箭,,小雨,小雨,300,抗旱、降低森林火险等级、改善空气质量,,114.38639,27.76,POINT (114.38639 27.76),776.0,江西省,宜春市,袁州区,珠泉街道,matched_within,防雹,,4.0,,,南庙镇梅花村360902013
2020-03-25,21:45:00,21:46:00,南昌,新建,火箭,,阴,小雨,300,降尘减霾、改善空气质量,,115.57972,28.56333,POINT (115.57972 28.56333),406.0,江西省,南昌市,新建县,西山镇,matched_within,增雨,,2.0,,,"西山镇草山村_x000D_
360122003"
2020-03-26,14:01:00,14:02:00,南昌,南昌县,火箭,,阴,小雨,300,改善空气质量,,116.11361,28.51833,POINT (116.11361 28.51833),1632.0,江西省,南昌市,南昌县,塔城乡,matched_within,增雨,,2.0,,,"_x000D_塔城乡芳湖村_x000D_

36012100_x000D_8"
2020-03-26,20:49:00,20:50:00,南昌,新建,火箭,,阴,小雨,300,改善空气质量,,115.57972,28.56333,POINT (115.57972 28.56333),406.0,江西省,南昌市,新建县,西山镇,matched_within,增雨,,2.0,,,360122003
2020-03-27,07:10:00,07:17:00,南昌,进贤,火箭,,小雨,中雨,300,改善空气质量,,116.35,28.32,POINT (116.35 28.32),1282.0,江西省,南昌市,进贤县,下埠集乡,matched_within,增雨,,2.0,,,民和镇捉牛岗360124002
2020-03-27,20:32:00,20:33:00,南昌,新建区,火箭,,小雨,小到中雨,300,降尘减霾、改善空气质量,,115.63,28.58,POINT (115.63 28.58),406.0,江西省,南昌市,新建县,西山镇,matched_within,增雨,,2.0,,,"西山镇草山村_x000D_
_x000D_
360122003"
2020-04-03,10:21:00,10:22:00,南昌,南昌县,火箭,,阴天,小雨,300,降低森林火险等级,,116.01833,28.33278,POINT (116.01833 28.33278),1274.0,江西省,南昌市,南昌县,黄马乡,matched_within,增雨,,2.0,,,"黄马乡东山门水库_x000D_
360121003_x000D_
"
2020-04-03,13:05:00,13:10:00,南昌,进贤,火箭,,阴,小雨,300,降低森林火险等级,,116.35,28.32,POINT (116.35 28.32),1282.0,江西省,南昌市,进贤县,下埠集乡,matched_within,增雨,,2.0,,,民和镇捉牛岗360124002
2020-04-03,13:40:00,14:20:00,南昌,安义县,碘化银地面发生器,,零星小雨,小雨,300,降低森林火险等级,,114.97,27.48,POINT (114.97 27.48),1638.0,江西省,吉安市,吉水县,阜田镇,matched_within,增雨,,,2.0,,"筲岭水库360123011_x000D_
"
2020-05-01,16:21:00,16:23:00,萍乡,芦溪,火箭,,小雨,大雨,300,降低森林火险、改善空气质量,,114.16,27.54,POINT (114.16 27.54),1362.0,江西省,萍乡市,芦溪县,万龙山乡,matched_within,增雨,,4.0,,,源南乡新下村荷叶塘360323008
2020-05-15,12:30:00,12:31:00,吉安,永新,火箭,,小雨,中到大雨,300,降低森林火险,,114.16722,27.00889,POINT (114.16722 27.00889),1642.0,江西省,吉安市,永新县,浬田镇,matched_within,增雨,,4.0,,,"里田镇芦溪360830006_x000D_
"
2020-05-15,12:53:00,12:54:00,吉安,安福,火箭,,小雨,中雨,300,防雹、降低森林火险和改善空气质量,,114.38083,27.38333,POINT (114.38083 27.38333),444.0,江西省,吉安市,安福县,严田镇,matched_within,防雹,,4.0,,,严田镇易家村360829013
2020-05-15,13:13:00,13:15:00,吉安,青原区,火箭,,多云,大雨,300,抗旱和水库增蓄,,115.09194,26.97444,POINT (115.09194 26.97444),600.0,江西省,吉安市,青原区,值夏镇,matched_within,增雨,,4.0,,,值夏镇大前水库360803001
2020-05-15,14:23:00,14:25:00,抚州,东乡,火箭,,零星小雨,小雨,300,水库蓄水、防雹,,116.6,28.29,POINT (116.6 28.29),1676.0,江西省,抚州市,东乡县,孝岗镇,matched_within,防雹,,2.0,,,幸福水库361029002
2020-05-16,15:22:00,15:24:00,抚州,东乡,火箭,,零星小雨,小雨,300,防雹,,116.6,28.29,POINT (116.6 28.29),1676.0,江西省,抚州市,东乡县,孝岗镇,matched_within,防雹,,2.0,,,幸福水库361029002
2020-05-21,07:09:00,07:11:00,抚州,东乡,火箭,,小雨,小到中雨,300,水库蓄水 ,,116.6,28.29,POINT (116.6 28.29),1676.0,江西省,抚州市,东乡县,孝岗镇,matched_within,增雨,,2.0,,,幸福水库361029002
2020-05-29,16:46:00,16:47:00,萍乡,湘东,火箭,,阴,中雨,300,改善空气质量,,113.73,27.65,POINT (113.73 27.65),957.0,江西省,萍乡市,湘东区,湘东镇,matched_within,增雨,,4.0,,,政府河洲村水务局360313004
2020-05-31,12:32:00,12:34:00,萍乡,湘东区,火箭,,阴,中雨,300,降低空气污染,,113.73,27.65,POINT (113.73 27.65),957.0,江西省,萍乡市,湘东区,湘东镇,matched_within,增雨,,4.0,,,湘东区政府河洲村360313004
2020-06-09,16:03:00,16:05:00,抚州,东乡,火箭,,小雨,中到大雨,300,水库蓄水 ,,116.6,28.29,POINT (116.6 28.29),1676.0,江西省,抚州市,东乡县,孝岗镇,matched_within,增雨,,2.0,,,幸福水库361029002
2020-06-18,19:13:00,19:15:00,抚州,东乡,火箭,,小雨,中到大雨,300,水库蓄水,,116.6,28.29,POINT (116.6 28.29),1676.0,江西省,抚州市,东乡县,孝岗镇,matched_within,增雨,,2.0,,,幸福水库361029002
2020-06-18,20:37:00,20:39:00,宜春,丰城,火箭,,阴天,小雨,300,改善空气质量,,115.76639,28.23194,POINT (115.76639 28.23194),655.0,江西省,宜春市,丰城市,曲江镇,matched_within,增雨,,3.0,,,曲江360981003
2020-06-22,18:06:00,18:09:00,抚州,东乡,火箭,,小雨,中到大雨,300,水库蓄水,,116.6,28.29,POINT (116.6 28.29),1676.0,江西省,抚州市,东乡县,孝岗镇,matched_within,增雨,,2.0,,,幸福水库361029002
2020-06-23,17:10:00,17:13:00,抚州,东乡,火箭,,阴,小雨,300,水库蓄水,,116.6,28.29,POINT (116.6 28.29),1676.0,江西省,抚州市,东乡县,孝岗镇,matched_within,增雨,,2.0,,,幸福水库361029002
2020-06-23,18:55:00,18:58:00,抚州,东乡,火箭,,小雨,中到大雨,300,水库蓄水,,116.6,28.29,POINT (116.6 28.29),1676.0,江西省,抚州市,东乡县,孝岗镇,matched_within,增雨,,2.0,,,幸福水库361029002
2020-06-24,06:45:00,06:47:00,抚州,东乡,火箭,,小雨,中雨,300,水库蓄水,,116.6,28.29,POINT (116.6 28.29),1676.0,江西省,抚州市,东乡县,孝岗镇,matched_within,增雨,,2.0,,,幸福水库361029002
2020-06-24,10:07:00,10:22:00,南昌,安义,碘化银地面发生器,,阴,小到中雨,300,水库蓄水,,114.97,27.48,POINT (114.97 27.48),1638.0,江西省,吉安市,吉水县,阜田镇,matched_within,增雨,,,1.0,,筲岭水库360123011
2020-06-27,05:58:00,05:59:00,抚州,东乡,火箭,,零星小雨,小雨,300,水库蓄水,,116.6,28.29,POINT (116.6 28.29),1676.0,江西省,抚州市,东乡县,孝岗镇,matched_within,增雨,,2.0,,,幸福水库361029002
2020-06-29,21:58:00,22:01:00,抚州,东乡,火箭,,小雨,中雨,300,水库蓄水,,116.6,28.29,POINT (116.6 28.29),1676.0,江西省,抚州市,东乡县,孝岗镇,matched_within,增雨,,2.0,,,幸福水库361029002
2020-06-30,10:30:00,10:32:00,抚州,东乡,火箭,,零星小雨,小雨,300,水库蓄水,,116.6,28.29,POINT (116.6 28.29),1676.0,江西省,抚州市,东乡县,孝岗镇,matched_within,增雨,,2.0,,,幸福水库361029002
2020-06-30,11:32:00,11:34:00,抚州,东乡,火箭,,零星小雨,小雨,300,水库蓄水,,116.6,28.29,POINT (116.6 28.29),1676.0,江西省,抚州市,东乡县,孝岗镇,matched_within,增雨,,2.0,,,幸福水库361029002
2020-07-01,06:16:00,06:18:00,抚州,东乡,火箭,,小雨,中雨,300,水库蓄水,,116.6,28.29,POINT (116.6 28.29),1676.0,江西省,抚州市,东乡县,孝岗镇,matched_within,增雨,,2.0,,,幸福水库361029002
2020-07-01,11:38:00,11:40:00,抚州,南城,火箭,,小雨,中雨,300,水库蓄水,,116.57,27.56,POINT (116.57 27.56),849.0,江西省,抚州市,南城县,建昌镇,matched_within,增雨,,2.0,,,麻源水库361021002
2020-07-02,12:38:00,12:59:00,鹰潭,市区,碘化银地面发生器,,多云,小雨,300,水库蓄水,,117.03333,27.98667,POINT (117.03333 27.98667),1117.0,江西省,鹰潭市,贵溪市,上清镇,matched_within,增雨,,,2.0,,天门山360602008
2020-07-02,22:15:00,22:17:00,抚州,东乡,火箭,,小雨,中到大雨,300,水库蓄水,,116.6,28.29,POINT (116.6 28.29),1676.0,江西省,抚州市,东乡县,孝岗镇,matched_within,增雨,,2.0,,,幸福水库361029002
2020-07-03,15:58:00,16:13:00,吉安,井冈山市,碘化银地面发生器,,阴天,小雨,300,水库蓄水,,114.12111,26.60472,POINT (114.12111 26.60472),1498.0,江西省,吉安市,井冈山市,井冈山自然保护区,matched_within,增雨,,,1.0,,黄洋界360881001
2020-07-03,16:33:00,17:13:00,鹰潭,龙虎山风景管理区,碘化银地面发生器,,阴天,小到中雨,300,水库蓄水,,116.98833,28.105,POINT (116.98833 28.105),1132.0,江西省,鹰潭市,贵溪市,龙虎山镇,matched_within,增雨,,,2.0,,龙虎山360602001
2020-07-03,20:12:00,20:14:00,抚州市,广昌,火箭,,小雨,中雨,300,抗旱,,116.33361,26.60833,POINT (116.33361 26.60833),919.0,江西省,抚州市,广昌县,驿前镇,matched_within,增雨,,2.0,,,驿前镇临时点361030015
2020-07-03,21:41:00,21:43:00,抚州,东乡,火箭,,零星小雨,小到中雨,300,水库蓄水,,116.6,28.29,POINT (116.6 28.29),1676.0,江西省,抚州市,东乡县,孝岗镇,matched_within,增雨,,2.0,,,幸福水库361029002
2020-07-04,15:15:00,15:17:00,抚州,东乡,火箭,,零星小雨,中雨,300,水库蓄水,,116.6,28.29,POINT (116.6 28.29),1676.0,江西省,抚州市,东乡县,孝岗镇,matched_within,增雨,,2.0,,,幸福水库361029002
2020-07-07,18:32:00,18:34:00,抚州,东乡,火箭,,阴天,小雨,300,水库蓄水,,116.6,28.29,POINT (116.6 28.29),1676.0,江西省,抚州市,东乡县,孝岗镇,matched_within,增雨,,2.0,,,幸福水库361029002
2020-07-08,10:36:00,10:38:00,抚州,南城,火箭,,零星小雨,小雨,300,水库蓄水,,116.57,27.56,POINT (116.57 27.56),849.0,江西省,抚州市,南城县,建昌镇,matched_within,增雨,,2.0,,,麻源水库361021002
2020-07-08,16:10:00,16:12:00,抚州,南城,火箭,,小雨,中雨,300,水库蓄水,,116.57,27.56,POINT (116.57 27.56),849.0,江西省,抚州市,南城县,建昌镇,matched_within,增雨,,2.0,,,麻源水库361021002
2020-07-08,20:19:00,23:39:00,抚州,广昌,火箭,,小雨,小到中雨,300,水库蓄水,,116.35167,26.83583,POINT (116.35167 26.83583),1723.0,江西省,抚州市,广昌县,盱江镇,matched_within,增雨,,2.0,,,中坊水库临时点361030014
2020-07-08,20:50:00,20:51:00,抚州,南城,火箭,,小雨,中雨,300,水库蓄水,,116.57,27.56,POINT (116.57 27.56),849.0,江西省,抚州市,南城县,建昌镇,matched_within,增雨,,2.0,,,麻源水库361021002
2020-07-09,07:25:00,07:28:00,抚州,南城,火箭,,中雨,中雨,300,水库蓄水,,116.57,27.56,POINT (116.57 27.56),849.0,江西省,抚州市,南城县,建昌镇,matched_within,增雨,,2.0,,,麻源水库361021002
2020-07-09,11:44:00,11:46:00,吉安,永丰县,火箭,,小雨,中到大雨,300,水库蓄水,,115.79278,26.97611,POINT (115.79278 26.97611),484.0,江西省,吉安市,永丰县,石马镇,matched_within,增雨,,2.0,,,"石马镇龙湾村360825009_x000D_
"
2020-07-09,16:03:00,16:55:00,吉安,遂川,碘化银地面发生器,,小雨,中雨,300,水库蓄水,,114.67472,26.6175,POINT (114.67472 26.6175),1169.0,江西省,吉安市,万安县,韶口乡,matched_within,增雨,,,2.0,,佛祖仙岭360827009
2020-07-20,15:45:00,15:46:00,抚州,南城,火箭,,阴,小雨,300,水库蓄水,,116.57,27.56,POINT (116.57 27.56),849.0,江西省,抚州市,南城县,建昌镇,matched_within,增雨,,2.0,,,麻源水库361021002
2020-07-25,12:28:00,13:04:00,抚州,南丰,碘化银地面发生器,,阴,小到中雨,300,水库蓄水,,116.33778,27.19917,POINT (116.33778 27.19917),612.0,江西省,抚州市,南丰县,三溪乡,matched_within,增雨,,,2.0,,三溪军峰山361023011
2020-07-25,13:44:00,13:45:00,抚州,广昌,火箭,,阴天,小雨,300,水库蓄水,,116.2,26.73111,POINT (116.2 26.73111),1719.0,江西省,抚州市,广昌县,头陂镇,matched_within,增雨,,2.0,,,头陂西港361030004
2020-07-25,17:56:00,18:50:00,赣州,瑞金,碘化银地面发生器,,阴,小雨,300,抗旱,,115.91889,25.90972,POINT (115.91889 25.90972),966.0,江西省,赣州市,瑞金市,九堡镇,matched_within,增雨,,,2.0,,九堡360781022
2020-07-25,20:37:00,20:38:00,赣州,会昌,火箭,,阴,小雨,300,抗旱,,115.79556,25.55917,POINT (115.79556 25.55917),1014.0,江西省,赣州市,会昌县,文武坝镇,matched_within,增雨,,2.0,,,文武坝镇林富村360733018
2020-07-26,06:21:00,06:36:00,抚州,南丰,碘化银地面发生器,,小雨,小到中雨,300,缓解高温、抗旱、水库蓄水,,116.33778,27.19917,POINT (116.33778 27.19917),612.0,江西省,抚州市,南丰县,三溪乡,matched_within,增雨,,,1.0,,三溪军峰山361023011
2020-07-26,14:11:00,14:12:00,赣州,瑞金,火箭,,阴,小雨,300,抗旱,,115.99417,25.91972,POINT (115.99417 25.91972),978.0,江西省,赣州市,瑞金市,黄柏乡,matched_within,增雨,,2.0,,,沙洲坝镇七堡360781024
2020-07-26,17:32:00,17:33:00,赣州,瑞金,火箭,,阴天,小雨,300,抗旱,,115.80444,25.92778,POINT (115.80444 25.92778),1765.0,江西省,赣州市,瑞金市,万田乡,matched_within,增雨,,2.0,,,万田乡麻地村临时点360781025
2020-07-26,17:43:00,17:45:00,抚州,广昌,火箭,,阴天,小雨,300,水库蓄水,,116.28528,26.87056,POINT (116.28528 26.87056),1723.0,江西省,抚州市,广昌县,盱江镇,matched_within,增雨 ,,2.0,,,青铜水库361030002
2020-07-26,18:45:00,18:46:00,抚州市,广昌,火箭,,小雨,中雨,300,水库蓄水,,116.34806,26.87056,POINT (116.34806 26.87056),1723.0,江西省,抚州市,广昌县,盱江镇,matched_within,增雨,,2.0,,,赤水镇回辛村361030005
2020-07-26,18:48:00,18:50:00,赣州,石城,火箭,,阴天,中雨,300,抗旱和降温,,116.34667,26.35333,POINT (116.34667 26.35333),991.0,江西省,赣州市,石城县,琴江镇,matched_within,增雨,,2.0,,,琴江镇兴隆村360735015
2020-07-28,17:29:00,18:00:00,赣州,瑞金,碘化银地面发生器,,阴,小雨,300,抗旱,,115.91889,25.90972,POINT (115.91889 25.90972),966.0,江西省,赣州市,瑞金市,九堡镇,matched_within,增雨,,,1.0,,九堡360781022
2020-07-28,19:40:00,19:43:00,抚州市,广昌,火箭,,小雨,小到中雨,300,水库蓄水,,116.38333,26.61722,POINT (116.38333 26.61722),1721.0,江西省,抚州市,广昌县,杨溪乡,matched_within,增雨,,2.0,,,杨溪水库361030015
2020-07-29,13:24:00,13:25:00,赣州,瑞金,火箭,,多云,小雨,300,抗旱,,116.03444,25.84472,POINT (116.03444 25.84472),973.0,江西省,赣州市,瑞金市,泽覃乡,matched_within,增雨,,2.0,,,泽覃乡南华水库360781017
2020-07-29,14:39:00,14:51:00,抚州,崇仁,碘化银地面发生器,,小雨,小雨,300,水库蓄水、降温、改善空气质量,,115.95167,27.56778,POINT (115.95167 27.56778),607.0,江西省,抚州市,乐安县,公溪镇,matched_within,增雨,,,2.0,,相山361024012
2020-07-29,14:43:00,14:55:00,赣州,瑞金,碘化银地面发生器,,阴,小雨,300,降温、抗旱,,115.91889,25.90972,POINT (115.91889 25.90972),966.0,江西省,赣州市,瑞金市,九堡镇,matched_within,增雨,,,1.0,,九堡360781022
2020-07-29,15:05:00,15:20:00,赣州,定南,碘化银地面发生器,,多云,小雨,300,降温、抗旱,,115.09278,24.89556,POINT (115.09278 24.89556),1714.0,江西省,赣州市,定南县,岭北镇,matched_within,增雨,,,1.0,,云台山
2020-07-29,15:09:00,15:21:00,赣州,瑞金,碘化银地面发生器,,小雨,中雨,300,降温、抗旱,,115.91889,25.90972,POINT (115.91889 25.90972),966.0,江西省,赣州市,瑞金市,九堡镇,matched_within,增雨,,,1.0,,九堡360781022
2020-07-29,16:20:00,16:22:00,赣州,于都,火箭,,阴,小雨,300,抗旱、降低森林火险等级,,115.44917,25.98472,POINT (115.44917 25.98472),1032.0,江西省,赣州市,于都县,贡江镇,matched_within,增雨,,2.0,,,贡江镇金桥村360731015
2020-07-29,16:33:00,16:35:00,抚州,南城,火箭,,阴,小雨,300,水库蓄水,,116.57,27.56,POINT (116.57 27.56),849.0,江西省,抚州市,南城县,建昌镇,matched_within,增雨,,2.0,,,麻源水库361021002
2020-07-29,17:07:00,17:09:00,赣州,南康,火箭,,阴,小到中雨,300,抗旱,,114.77639,25.53389,POINT (114.77639 25.53389),1045.0,江西省,赣州市,南康区,龙回镇,matched_within,增雨,,2.0,,,横市临时点360703018
2020-07-29,18:36:00,18:38:00,赣州,信丰,火箭,,阴,小雨,300,抗旱,,114.86222,25.34972,POINT (114.86222 25.34972),907.0,江西省,赣州市,信丰县,嘉定镇,matched_within,增雨,,2.0,,,嘉定镇太平上村360722002
2020-07-30,14:27:00,14:58:00,鹰潭,龙虎山风景管理区,碘化银地面发生器,,阴,阵雨,300,抗旱,,116.98833,28.105,POINT (116.98833 28.105),1132.0,江西省,鹰潭市,贵溪市,龙虎山镇,matched_within,增雨,,,2.0,,龙虎山360602001
2020-07-30,14:59:00,15:14:00,鹰潭,市区,碘化银地面发生器,,阵雨,小雨,300,抗旱,,117.03333,27.98667,POINT (117.03333 27.98667),1117.0,江西省,鹰潭市,贵溪市,上清镇,matched_within,增雨,,,1.0,,天门山360602008
2020-07-30,15:23:00,15:24:00,赣州,龙南,火箭,,零星小雨,小雨,300,抗旱,,114.755,24.88917,POINT (114.755 24.88917),6.0,江西省,赣州市,龙南县,渡江镇,matched_within,增雨,,2.0,,,渡江莲塘村360727016
2020-07-30,16:11:00,16:12:00,赣州,全南,火箭,,阴,小雨,300,抗旱,,114.59028,25.02611,POINT (114.59028 25.02611),924.0,江西省,赣州市,全南县,陂头镇,matched_within,增雨,,2.0,,,陂头镇高车村360729016
2020-07-30,16:35:00,16:36:00,赣州,寻乌,火箭,,阴,小雨,300,抗旱和降低森林火险等级,,115.68028,24.76444,POINT (115.68028 24.76444),937.0,江西省,赣州市,寻乌县,南桥镇,matched_within,增雨,,2.0,,,南桥镇团红村360734017
2020-07-30,16:35:00,16:36:00,赣州,大余,火箭,,阴,中雨,300,抗旱,,114.37361,25.41972,POINT (114.37361 25.41972),1385.0,江西省,赣州市,大余县,南安镇,matched_within,增雨,,2.0,,,黄龙镇灵潭村360723006
2020-07-30,18:04:00,18:05:00,赣州,龙南,火箭,,阴,小到中雨,300,抗旱,,114.84944,24.73,POINT (114.84944 24.73),8.0,江西省,赣州市,龙南县,临塘乡,matched_within,增雨,,2.0,,,临塘乡虔心小镇
2020-07-30,20:52:00,20:53:00,赣州,信丰,火箭,,零星小雨,中雨,300,抗旱,,114.86222,25.34972,POINT (114.86222 25.34972),907.0,江西省,赣州市,信丰县,嘉定镇,matched_within,增雨,,3.0,,,嘉定镇太平上村360722002
2020-07-30,22:37:00,22:38:00,赣州,于都,火箭,,零星小雨,小到中雨,300,抗旱,,115.31917,25.89722,POINT (115.31917 25.89722),1030.0,江西省,赣州市,于都县,罗江乡,matched_within,增雨,,2.0,,,罗江乡洋坑村360731011
2020-07-31,15:13:00,15:45:00,赣州,瑞金,碘化银地面发生器,,多云,小雨,300,缓解高温和旱情,,116.22861,25.91361,POINT (116.22861 25.91361),971.0,江西省,赣州市,瑞金市,日东乡,matched_within,增雨,,,2.0,,日东作业点360781023
2020-07-31,17:35:00,18:05:00,赣州,定南,碘化银地面发生器,,多云,中雨,300,降温、抗旱,,115.09278,24.89556,POINT (115.09278 24.89556),1714.0,江西省,赣州市,定南县,岭北镇,matched_within,增雨,,,2.0,,云台山360728013
2020-07-31,17:48:00,17:50:00,赣州,会昌,火箭,,零星小雨,小雨,300,抗旱,,115.60556,25.555,POINT (115.60556 25.555),1004.0,江西省,赣州市,会昌县,晓龙乡,matched_within,增雨,,2.0,,,晓龙乡龙石村360733019
2020-07-31,18:57:00,18:58:00,赣州,会昌,火箭,,阴天,小雨,300,抗旱,,115.79556,25.55917,POINT (115.79556 25.55917),1014.0,江西省,赣州市,会昌县,文武坝镇,matched_within,增雨,,2.0,,,文武坝镇林富村360733018
2020-07-31,19:04:00,19:05:00,赣州,信丰,火箭,,小雨,中雷阵雨,300,抗旱,,114.86222,25.34972,POINT (114.86222 25.34972),907.0,江西省,赣州市,信丰县,嘉定镇,matched_within,增雨,,2.0,,,嘉定镇太平上村360722002
2020-07-31,19:25:00,19:26:00,赣州,南康,火箭,,小到中雨,中到大雨,300,抗旱,,114.76111,25.63667,POINT (114.76111 25.63667),1047.0,江西省,赣州市,南康区,东山街道,matched_within,增雨,,2.0,,,榕江临时点360703019
2020-08-01,14:25:00,14:27:00,赣州,定南,火箭,,多云,小雨,300,抗旱和降低森林火险等级,,115.12083,24.69306,POINT (115.12083 24.69306),538.0,江西省,赣州市,定南县,天九镇,matched_within,增雨,,3.0,,,天九镇天花村360728014
2020-08-04,19:50:00,19:52:00,赣州,信丰,火箭,,小雨,中雨,300,抗旱,,114.86222,25.34972,POINT (114.86222 25.34972),907.0,江西省,赣州市,信丰县,嘉定镇,matched_within,增雨,,2.0,,,嘉定镇太平上村360722002
2020-08-05,11:36:00,13:15:00,赣州,定南,碘化银地面发生器,,阴有小雨,中雨，局部大雨,300,抗旱,,115.09278,24.89556,POINT (115.09278 24.89556),1714.0,江西省,赣州市,定南县,岭北镇,matched_within,增雨,,,4.0,,云台山360728013
2020-08-05,12:21:00,12:23:00,赣州,安远,火箭,,小雨,小到中雨,300,抗旱,,115.39444,25.10556,POINT (115.39444 25.10556),873.0,江西省,赣州市,安远县,欣山镇,matched_within,增雨,,2.0,,,安远县欣山镇修田村360726001
2020-08-05,14:14:00,14:16:00,赣州市,信丰,火箭,,小雨,中雨,300,抗旱,,114.86222,25.34944,POINT (114.86222 25.34944),907.0,江西省,赣州市,信丰县,嘉定镇,matched_within,增雨,,2.0,,,信丰嘉定镇360722002
2020-08-05,14:30:00,14:45:00,赣州,崇义,碘化银地面发生器,,阴,中雨,300,节能减碳和抗旱,,114.28139,25.66111,POINT (114.28139 25.66111),1087.0,江西省,赣州市,崇义县,横水镇,matched_within,增雨,,,1.0,,阳岭360725012
2020-08-05,16:01:00,16:03:00,赣州,安远,火箭,,零星小雨,小雨,300,抗旱,,115.38722,25.26778,POINT (115.38722 25.26778),875.0,江西省,赣州市,安远县,版石镇,matched_within,增雨,,2.0,,,"版石镇_x000D_
红光村临时点360726021"
2020-08-05,16:23:00,16:25:00,赣州,兴国,火箭,,小雨,中到大雨,300,抗旱,,115.27278,26.46028,POINT (115.27278 26.46028),510.0,江西省,赣州市,兴国县,高兴镇,matched_within,增雨,,4.0,,,"高兴镇长迳村_x000D_
360732011_x000D_
"
2020-08-05,16:26:00,00:00:00,吉安,万安,火箭,,阴天,小雨,300,抗旱,,114.88,26.47972,POINT (114.88 26.47972),344.0,江西省,吉安市,万安县,枧头镇,matched_within,增雨,,2.0,,,"梘头镇焦源村作业点_x000D_
360828006"
2020-08-05,16:58:00,17:01:00,抚州,广昌,火箭,,阴,小雨,300,水库蓄水,,116.28528,26.87056,POINT (116.28528 26.87056),1723.0,江西省,抚州市,广昌县,盱江镇,matched_within,增雨 ,,2.0,,,青铜水库361030002
2020-08-05,17:05:00,17:37:00,鹰潭,龙虎山风景管理区,碘化银地面发生器,,阴,阵雨,300,抗旱、城镇降温,,116.98833,28.105,POINT (116.98833 28.105),1132.0,江西省,鹰潭市,贵溪市,龙虎山镇,matched_within,增雨,,,2.0,,龙虎山360602001
2020-08-05,17:06:00,17:37:00,鹰潭,市区,碘化银地面发生器,,阴天,阵雨,300,抗旱，城镇降温,,117.03333,27.98667,POINT (117.03333 27.98667),1117.0,江西省,鹰潭市,贵溪市,上清镇,matched_within,增雨,,,2.0,,天门山360602008
2020-08-05,17:58:00,18:01:00,吉安,泰和,火箭,,阴,中雨,300,抗旱,,115.135,26.59833,POINT (115.135 26.59833),517.0,江西省,吉安市,泰和县,上圯乡,matched_within,增雨,,4.0,,,塘州作业点360826010
2020-08-09,20:27:00,20:28:00,景德镇,乐平,火箭,,阴,小雨,300,抗旱,,117.1,29.01667,POINT (117.1 29.01667),1136.0,江西省,景德镇市,乐平市,后港镇,matched_within,增雨,,4.0,,,后港镇甘榨油360281015
2020-08-10,16:25:00,16:40:00,吉安,井冈山市,碘化银地面发生器,,阴天,小雨,300,水库蓄水,,114.12111,26.60472,POINT (114.12111 26.60472),1498.0,江西省,吉安市,井冈山市,井冈山自然保护区,matched_within,增雨,,,1.0,,黄洋界360881001
2020-08-10,17:09:00,17:24:00,吉安,井冈山市,碘化银地面发生器,,阴天,小雨,300,水库蓄水,,114.12111,26.60472,POINT (114.12111 26.60472),1498.0,江西省,吉安市,井冈山市,井冈山自然保护区,matched_within,增雨,,,1.0,,黄洋界360881001
2020-08-10,18:20:00,18:35:00,吉安,遂川,碘化银地面发生器,,阴,小到中雨,300,抗旱,,114.39222,26.36417,POINT (114.39222 26.36417),532.0,江西省,吉安市,遂川县,泉江镇,matched_within,增雨,,,1.0,,佛祖仙岭360827009
2020-08-10,18:46:00,18:47:00,吉安,万安,火箭,,阴天,中雨,300,抗旱,,114.73861,26.47139,POINT (114.73861 26.47139),22.0,江西省,吉安市,万安县,万安县工业园,matched_within,增雨,,2.0,,,五丰镇鑫源大道360828016
2020-08-10,18:50:00,19:05:00,吉安,遂川,碘化银地面发生器,,阴,小到中雨,300,抗旱,,114.39222,26.36417,POINT (114.39222 26.36417),532.0,江西省,吉安市,遂川县,泉江镇,matched_within,增雨,,,1.0,,佛祖仙岭360827009
2020-08-10,19:43:00,19:49:00,抚州,崇仁,碘化银地面发生器,,小雨,小雨,300,涵养水源、缓解高温、水库蓄水、改善空气质量,,115.95167,27.56778,POINT (115.95167 27.56778),607.0,江西省,抚州市,乐安县,公溪镇,matched_within,增雨,,,1.0,,相山361024012
2020-08-10,20:47:00,21:02:00,吉安,永丰,碘化银地面发生器,,阴,小雨,300,抗旱、降低森林火险等级,,115.74583,27.11278,POINT (115.74583 27.11278),1664.0,江西省,抚州市,乐安县,罗陂乡,matched_within,增雨,,,1.0,,陶唐高龙山360825010
2020-08-10,21:55:00,21:56:00,抚州,乐安,火箭,,阴,小雨,300,抗旱,,115.75611,27.19639,POINT (115.75611 27.19639),669.0,江西省,抚州市,乐安县,湖坪乡,matched_within,增雨,,2.0,,,龙潭水库361025014
2020-08-10,23:07:00,23:09:00,抚州,临川区,火箭,,阴,小雨,300,涵养水源、缓解高温、改善空气质量,,116.31278,27.88222,POINT (116.31278 27.88222),829.0,江西省,抚州市,临川区,连城乡,matched_within,增雨,,2.0,,,上顿渡361002003
2020-08-11,00:01:00,00:03:00,抚州,东乡,火箭,,阴天,小雨,300,改善空气质量,,116.6,28.29,POINT (116.6 28.29),1676.0,江西省,抚州市,东乡县,孝岗镇,matched_within,增雨,,2.0,,,幸福水库361029002
2020-08-11,13:09:00,13:41:00,赣州,崇义,碘化银地面发生器,,晴,小雨,300,缓解高温和抗旱,,114.28139,25.66111,POINT (114.28139 25.66111),1087.0,江西省,赣州市,崇义县,横水镇,matched_within,增雨,,,2.0,,阳岭360725012
2020-08-11,14:34:00,14:49:00,吉安,井冈山市,碘化银地面发生器,,阴天,小雨,300,水库蓄水,,114.12111,26.60472,POINT (114.12111 26.60472),1498.0,江西省,吉安市,井冈山市,井冈山自然保护区,matched_within,增雨,,,1.0,,黄洋界360881001
2020-08-11,16:04:00,16:06:00,赣州,会昌,火箭,,阴天,小雨,300,抗旱,,115.79556,25.55917,POINT (115.79556 25.55917),1014.0,江西省,赣州市,会昌县,文武坝镇,matched_within,增雨,,2.0,,,文武坝镇林富村360733018
2020-08-11,16:45:00,16:46:00,抚州,黎川,火箭,,零星小雨,小雨,300,抗旱,,116.84,27.25,POINT (116.84 27.25),894.0,江西省,抚州市,黎川县,日峰镇,matched_within,增雨,,2.0,,,"龙安镇361022007_x000D_
"
2020-08-11,17:00:00,17:02:00,抚州,南丰,碘化银发生器,,零星小雨,小雨,300,抗旱,,116.57556,27.15472,POINT (116.57556 27.15472),1311.0,江西省,抚州市,南丰县,莱溪乡,matched_within,增雨,,,2.0,,桑田镇临时点361023012
2020-08-11,17:49:00,18:19:00,赣州,瑞金,碘化银地面发生器,,阴天,小雨,300,缓解高温和抗旱,,116.22861,25.91361,POINT (116.22861 25.91361),971.0,江西省,赣州市,瑞金市,日东乡,matched_within,增雨,,,2.0,,日东作业点360781023
2020-08-11,18:09:00,18:11:00,抚州,南丰,碘化银地面发生器,,阴天,小到中雨,300,缓解高温、橘子树灌溉、水库蓄水,,116.33778,27.19917,POINT (116.33778 27.19917),612.0,江西省,抚州市,南丰县,三溪乡,matched_within,增雨,,,2.0,,三溪军峰山361023011
2020-08-11,18:18:00,18:48:00,赣州,瑞金,碘化银地面发生器,,阴天,小雨,300,缓解高温和抗旱,,115.91889,25.90972,POINT (115.91889 25.90972),966.0,江西省,赣州市,瑞金市,九堡镇,matched_within,增雨,,,2.0,,九堡360781022
2020-08-11,19:18:00,19:20:00,赣州,南康,火箭,,小雨,中到大雨,300,抗旱,,114.60944,25.64556,POINT (114.60944 25.64556),1050.0,江西省,赣州市,南康区,赤土畲族乡,matched_within,增雨,,2.0,,,"赤土乡360703005_x000D_
"
2020-08-12,13:35:00,13:50:00,赣州,定南,碘化银地面发生器,,零星小雨,小雨,300,抗旱,,115.09278,24.89556,POINT (115.09278 24.89556),1714.0,江西省,赣州市,定南县,岭北镇,matched_within,增雨,,,1.0,,云台山360728013
2020-08-12,15:05:00,15:20:00,赣州,瑞金,碘化银地面发生器,,阴天,小雨,300,城镇降温减碳和抗旱,,115.91889,25.90972,POINT (115.91889 25.90972),966.0,江西省,赣州市,瑞金市,九堡镇,matched_within,增雨,,,1.0,,九堡360781022
2020-08-12,15:50:00,15:52:00,抚州,黎川,火箭,,阴,小雨,300,抗旱,,116.86,27.15,POINT (116.86 27.15),892.0,江西省,抚州市,黎川县,宏村镇,matched_within,增雨,,2.0,,,社苹乡361022006
2020-08-12,17:03:00,17:35:00,赣州,崇义,碘化银地面发生器,,阴,小雨,300,抗旱和降温减碳,,114.28139,25.66111,POINT (114.28139 25.66111),1087.0,江西省,赣州市,崇义县,横水镇,matched_within,增雨,,,2.0,,阳岭360725012
2020-08-12,18:05:00,18:06:00,赣州,安远,火箭,,阴,小雨,300,抗旱,,115.38722,25.27806,POINT (115.38722 25.27806),875.0,江西省,赣州市,安远县,版石镇,matched_within,增雨,,2.0,,,"版石镇_x000D_
红光村临时点360726021"
2020-08-12,20:30:00,20:45:00,吉安,安福,碘化银地面发生器,,阴,小雨,300,抗旱和水库蓄水,,114.2625,27.55472,POINT (114.2625 27.55472),564.0,江西省,吉安市,安福县,章庄乡,matched_within,增雨,,,1.0,,羊狮幕360829015
2020-08-12,08:42:00,09:00:00,鹰潭,龙虎山风景管理区,碘化银地面发生器,,阴,小雨,300,抗旱、城镇降温,,116.98833,28.105,POINT (116.98833 28.105),1132.0,江西省,鹰潭市,贵溪市,龙虎山镇,matched_within,增雨,,,1.0,,龙虎山360602001
2020-08-12,08:43:00,09:00:00,鹰潭,市区,碘化银地面发生器,,阴天,小雨,300,抗旱，城镇降温,,117.03333,27.98667,POINT (117.03333 27.98667),1117.0,江西省,鹰潭市,贵溪市,上清镇,matched_within,增雨,,,1.0,,天门山360602008
2020-08-13,16:31:00,16:46:00,赣州,崇义,碘化银地面发生器,,阴,小到中雨,300,缓解高温和抗旱,,114.28139,25.66111,POINT (114.28139 25.66111),1087.0,江西省,赣州市,崇义县,横水镇,matched_within,增雨,,,2.0,,阳岭360725012
2020-08-15,14:47:00,14:50:00,抚州,黎川,火箭,,阴,小雨,300,抗旱,,116.84,27.25,POINT (116.84 27.25),894.0,江西省,抚州市,黎川县,日峰镇,matched_within,增雨,,2.0,,,"龙安镇361022007_x000D_
"
2020-08-15,15:17:00,15:33:00,鹰潭,市区,碘化银地面发生器,,阴,小雨,300,抗旱和城市降温,,117.03333,27.98667,POINT (117.03333 27.98667),1117.0,江西省,鹰潭市,贵溪市,上清镇,matched_within,增雨,,,1.0,,天门山360602008
2020-08-15,15:18:00,15:49:00,鹰潭,龙虎山风景管理区,碘化银地面发生器,,阴,小雨,300,抗旱、城镇降温,,116.98833,28.105,POINT (116.98833 28.105),1132.0,江西省,鹰潭市,贵溪市,龙虎山镇,matched_within,增雨,,,2.0,,龙虎山360602001
2020-08-15,17:19:00,17:21:00,赣州,信丰,火箭,,阴,中雨,300,抗旱,,114.86222,25.34972,POINT (114.86222 25.34972),907.0,江西省,赣州市,信丰县,嘉定镇,matched_within,增雨,,2.0,,,嘉定镇太平上村360722002
2020-08-16,12:06:00,12:59:00,赣州,瑞金,碘化银地面发生器,,多云,中雨,300,抗旱,,116.22861,25.91361,POINT (116.22861 25.91361),971.0,江西省,赣州市,瑞金市,日东乡,matched_within,增雨,,,3.0,,日东作业点360781023
2020-08-16,12:35:00,13:06:00,赣州,瑞金,碘化银地面发生器,,多云,小雨,300,抗旱,,115.91889,25.90972,POINT (115.91889 25.90972),966.0,江西省,赣州市,瑞金市,九堡镇,matched_within,增雨,,,2.0,,九堡360781022
2020-08-16,14:51:00,14:52:00,抚州,广昌,火箭,,阴,小雨,300,水库增蓄,,116.3525,26.83611,POINT (116.3525 26.83611),1723.0,江西省,抚州市,广昌县,盱江镇,matched_within,增雨,,2.0,,,中坊水库临时点361030007
2020-08-17,16:59:00,17:00:00,吉安,新干,火箭,,阴天,小雨,300,抗旱,,115.34083,27.71778,POINT (115.34083 27.71778),1185.0,江西省,吉安市,新干县,界埠镇,matched_within,增雨,,2.0,,,界埠镇鸡公岭水库360824005
2020-08-18,16:49:00,17:21:00,赣州,崇义,碘化银地面发生器,,阴,小到中雨,300,缓解高温和旱情,,114.28139,25.66111,POINT (114.28139 25.66111),1087.0,江西省,赣州市,崇义县,横水镇,matched_within,增雨,,,2.0,,阳岭360725012
2020-08-18,19:37:00,20:30:00,赣州,瑞金,碘化银地面发生器,,阴,小雨局部中雨,300,抗旱,,116.22861,25.91361,POINT (116.22861 25.91361),971.0,江西省,赣州市,瑞金市,日东乡,matched_within,增雨,,,2.0,,日东作业点360781023
2020-08-18,21:41:00,21:43:00,赣州,于都,火箭,,小雨,小到中雨,300,抗旱,,115.32111,25.88472,POINT (115.32111 25.88472),1030.0,江西省,赣州市,于都县,罗江乡,matched_within,增雨,,2.0,,,罗江乡洋坑村360731011
2020-08-18,23:26:00,23:40:00,吉安,井冈山市,碘化银地面发生器,,小雨,中雨,300,水库蓄水,,114.12111,26.60472,POINT (114.12111 26.60472),1498.0,江西省,吉安市,井冈山市,井冈山自然保护区,matched_within,增雨,,,1.0,,黄洋界360881001
2020-08-19,15:03:00,15:18:00,赣州,瑞金,碘化银地面发生器,,多云,小雨,300,抗旱,,116.22861,25.91361,POINT (116.22861 25.91361),971.0,江西省,赣州市,瑞金市,日东乡,matched_within,增雨,,,1.0,,日东作业点360781023
2020-08-19,16:13:00,16:28:00,吉安,遂川,碘化银地面发生器,,小雨,小到中雨,300,水库蓄水,,114.39222,26.36417,POINT (114.39222 26.36417),532.0,江西省,吉安市,遂川县,泉江镇,matched_within,增雨,,,1.0,,佛祖仙岭360827009
2020-08-19,18:13:00,18:14:00,吉安,泰和,火箭,,小雨,中雨,300,抗旱,,114.91861,26.68111,POINT (114.91861 26.68111),520.0,江西省,吉安市,泰和县,冠朝镇,matched_within,增雨,,4.0,,,上模乡360826007
2020-08-19,19:29:00,19:45:00,吉安,安福,碘化银地面发生器,,阴,小雨,300,抗旱和水库蓄水,,114.2625,27.55472,POINT (114.2625 27.55472),564.0,江西省,吉安市,安福县,章庄乡,matched_within,增雨,,,1.0,,羊狮幕360829015
2020-08-20,14:50:00,14:53:00,抚州,黎川,火箭,,小雨,小到中雨,300,抗旱,,116.95944,27.21889,POINT (116.95944 27.21889),893.0,江西省,抚州市,黎川县,德胜镇,matched_within,增雨,,2.0,,,"德胜镇361022011_x000D_
"
2020-08-20,16:03:00,16:18:00,上饶,德兴,碘化银地面发生器,,小雨,中到大雨,300,抗旱、降低森林火险、改善空气质量,,117.83,28.90028,POINT (117.83 28.90028),1198.0,江西省,上饶市,德兴市,龙头山乡,matched_within,增雨,,,1.0,,大茅山361181012
2020-08-20,16:11:00,16:27:00,抚州,崇仁,碘化银地面发生器,,零星小雨,小雨,300,涵养水源、缓解高温、水库蓄水、改善空气质量,,115.95167,27.56778,POINT (115.95167 27.56778),607.0,江西省,抚州市,乐安县,公溪镇,matched_within,增雨,,,2.0,,相山361024012
2020-08-20,16:29:00,16:30:00,抚州,南丰,火箭,,零星小雨,小雨,300,抗旱,,116.58333,26.9425,POINT (116.58333 26.9425),614.0,江西省,抚州市,南丰县,傅坊乡,matched_within,增雨,,2.0,,,傅坊乡361023013
2020-08-20,17:01:00,17:03:00,上饶,德兴,火箭,,小雨,小到中雨,300,抗旱,,117.52583,28.98528,POINT (117.52583 28.98528),1197.0,江西省,上饶市,德兴市,香屯街道,matched_within,增雨,,2.0,,,香屯临时点361181013
2020-08-20,19:57:00,19:58:00,抚州,临川区,火箭,,阴,小雨,300,抗旱、城镇降温,,116.26056,27.89278,POINT (116.26056 27.89278),1321.0,江西省,抚州市,临川区,秋溪镇,matched_within,增雨,,2.0,,,秋溪361002004
2020-08-21,15:23:00,15:39:00,吉安,遂川,碘化银地面发生器,,小雨,大雨,300,抗旱,,114.39222,26.36417,POINT (114.39222 26.36417),532.0,江西省,吉安市,遂川县,泉江镇,matched_within,增雨,,,2.0,,佛祖仙岭360827009
2020-08-21,16:20:00,16:40:00,上饶,广丰,碘化银地面发生器,,阴天,小雨,300,抗旱,,118.18694,28.23694,POINT (118.18694 28.23694),1533.0,江西省,上饶市,上饶县,花厅镇,matched_within,增雨,,,1.0,,铜钹山361122021
2020-08-21,16:33:00,16:35:00,抚州,南城,火箭,,中雨,中到大雨,300,水库蓄水,,116.57,27.56,POINT (116.57 27.56),849.0,江西省,抚州市,南城县,建昌镇,matched_within,增雨,,3.0,,,麻源水库361021002
2020-08-21,16:44:00,16:45:00,抚州,金溪,火箭,,小到中雨,中雨,300,抗旱、缓解高温、改善空气质量,,116.9225,28.07083,POINT (116.9225 28.07083),1702.0,江西省,抚州市,金溪县,对桥镇,matched_within,增雨,,2.0,,,对桥镇临时点361027030
2020-08-21,17:29:00,17:32:00,抚州,宜黄县,火箭,,阴,小到中雨,300,抗旱、降低森林火险等级、改善空气质量,,116.19,27.56,POINT (116.19 27.56),862.0,江西省,抚州市,宜黄县,凤冈镇,matched_within,增雨,,3.0,,,凤岗镇新斜村361026009
2020-08-21,17:58:00,18:13:00,抚州,南丰,碘化银地面发生器,,阴,小到中雨,300,水库蓄水,,116.33778,27.19917,POINT (116.33778 27.19917),612.0,江西省,抚州市,南丰县,三溪乡,matched_within,增雨,,,1.0,,三溪军峰山361023011
2020-08-21,18:28:00,18:29:00,抚州,临川区,火箭,,阴,小到中雨,300,抗旱、城市降温,,116.31278,27.88222,POINT (116.31278 27.88222),829.0,江西省,抚州市,临川区,连城乡,matched_within,增雨,,2.0,,,上顿渡361002003
2020-08-21,18:43:00,18:58:00,抚州,南丰,碘化银地面发生器,,阴,小到中雨,300,缓解高温、农业灌溉、水库蓄水,,116.33778,27.19917,POINT (116.33778 27.19917),612.0,江西省,抚州市,南丰县,三溪乡,matched_within,增雨,,,1.0,,三溪军峰山361023011
2020-08-22,14:20:00,14:35:00,抚州,南丰,碘化银地面发生器,,阴,小到中雨,300,缓解高温、农业灌溉、水库蓄水,,116.33778,27.19917,POINT (116.33778 27.19917),612.0,江西省,抚州市,南丰县,三溪乡,matched_within,增雨,,,1.0,,三溪军峰山361023011
2020-08-22,16:17:00,16:18:00,吉安,永丰,火箭,,阴,小到中雨,300,抗旱,,115.42056,27.335,POINT (115.42056 27.335),478.0,江西省,吉安市,永丰县,恩江镇,matched_within,增雨,,2.0,,,县城郊360825008
2020-08-22,17:31:00,18:01:00,赣州,瑞金,碘化银地面发生器,,多云,小雨，局部中雨,300,抗旱、水库蓄水,,115.91889,25.90972,POINT (115.91889 25.90972),966.0,江西省,赣州市,瑞金市,九堡镇,matched_within,增雨,,,2.0,,九堡360781022
2020-08-22,20:12:00,20:43:00,鹰潭,市区,碘化银地面发生器,,阴,小雨,300,抗旱和城市降温,,117.03333,27.98667,POINT (117.03333 27.98667),1117.0,江西省,鹰潭市,贵溪市,上清镇,matched_within,增雨,,,2.0,,天门山360602008
2020-08-24,14:06:00,14:08:00,抚州,广昌,火箭,,中雨,大雨,300,水库蓄水,,116.3525,26.83583,POINT (116.3525 26.83583),1723.0,江西省,抚州市,广昌县,盱江镇,matched_within,增雨,,2.0,,,中坊水库361030007
2020-08-24,15:57:00,16:01:00,抚州,宜黄县,火箭,,阴,小雨,300,抗旱,,116.19,27.56,POINT (116.19 27.56),862.0,江西省,抚州市,宜黄县,凤冈镇,matched_within,增雨,,2.0,,,新斜村361026009
2020-08-24,17:04:00,17:36:00,赣州,瑞金,碘化银地面发生器,,多云,小雨,300,抗旱,,115.91889,25.90972,POINT (115.91889 25.90972),966.0,江西省,赣州市,瑞金市,九堡镇,matched_within,增雨,,,2.0,,九堡360781022
2020-08-24,17:12:00,17:30:00,赣州,瑞金,碘化银地面发生器,,多云,小雨,300,抗旱,,116.22861,25.91361,POINT (116.22861 25.91361),971.0,江西省,赣州市,瑞金市,日东乡,matched_within,增雨,,,1.0,,日东作业点360781023
2020-08-24,17:53:00,18:09:00,鹰潭,市区,碘化银地面发生器,,阴天,小雨,300,抗旱，城镇降温,,117.03333,27.98667,POINT (117.03333 27.98667),1117.0,江西省,鹰潭市,贵溪市,上清镇,matched_within,增雨,,,1.0,,天门山360602008
2020-08-25,13:40:00,13:45:00,抚州,南城,碘化银地面发生器,,阴,中雨,300,水库蓄水,,116.53861,27.53333,POINT (116.53861 27.53333),849.0,江西省,抚州市,南城县,建昌镇,matched_within,增雨,,,2.0,,麻姑山361021002
2020-08-25,13:51:00,13:53:00,九江,九江市八里湖新区,火箭,,阴,小雨,300,城市降温、改善空气质量,,115.895,29.70417,POINT (115.895 29.70417),205.0,江西省,九江市,九江县,赛城湖水产场,matched_within,增雨,,4.0,,,临时点360401003
2020-08-25,14:00:00,14:02:00,抚州,广昌,火箭,,小雨,小到中雨,300,水库蓄水,,116.2,26.73111,POINT (116.2 26.73111),1719.0,江西省,抚州市,广昌县,头陂镇,matched_within,增雨,,2.0,,,头陂西港361030004
2020-08-25,14:01:00,14:38:00,赣州,瑞金,碘化银地面发生器,,多云,小雨,300,抗旱、水库增蓄,,115.91889,25.90972,POINT (115.91889 25.90972),966.0,江西省,赣州市,瑞金市,九堡镇,matched_within,增雨,,,2.0,,九堡360781022
2020-08-25,14:02:00,14:05:00,宜春市,市区,火箭,,多云,阴有零星小雨,300,抗旱、降低森林火险等级、改善空气质量,,114.38639,27.76,POINT (114.38639 27.76),776.0,江西省,宜春市,袁州区,珠泉街道,matched_within,增雨,,4.0,,,南庙镇梅花村360902013
2020-08-25,15:23:00,15:25:00,赣州,石城,火箭,,阴,小雨,300,抗旱、缓解高温,,116.34667,26.35361,POINT (116.34667 26.35361),991.0,江西省,赣州市,石城县,琴江镇,matched_within,增雨,,2.0,,,"_x000D_
琴江镇兴隆村360735013_x000D_
"
2020-08-25,15:31:00,15:33:00,抚州,资溪,火箭,,阴天,小雨,300,抗旱,,116.90139,27.76778,POINT (116.90139 27.76778),1693.0,江西省,抚州市,资溪县,嵩市镇,matched_within,增雨,,2.0,,,361028003
2020-08-25,15:39:00,15:40:00,鹰潭市,市区,火箭,,阴天,阵雨,300,抗旱、城市降温,,117.06778,28.44861,POINT (117.06778 28.44861),1133.0,江西省,鹰潭市,贵溪市,塔桥园艺场,matched_within,增雨,,3.0,,,塔桥360602006
2020-08-25,16:23:00,16:24:00,抚州,临川区,火箭,,阴,小到中雨,300,抗旱、城市降温,,116.31278,27.88222,POINT (116.31278 27.88222),829.0,江西省,抚州市,临川区,连城乡,matched_within,增雨,,2.0,,,上顿渡361002003
2020-08-25,16:30:00,16:45:00,鹰潭,贵溪,碘化银地面发生器,,阴,小雨,300,抗旱、城市降温,,117.34778,27.91861,POINT (117.34778 27.91861),1127.0,江西省,鹰潭市,贵溪市,双圳林场,matched_within,增雨,,,1.0,,双圳林场阳际峰360681009
2020-08-25,17:15:00,17:30:00,吉安,遂川,碘化银地面发生器,,小雨,中到大雨,300,抗旱,,114.39222,26.36417,POINT (114.39222 26.36417),532.0,江西省,吉安市,遂川县,泉江镇,matched_within,增雨,,,2.0,,佛祖仙岭360827009
2020-08-25,17:37:00,17:39:00,抚州,南城,火箭,,阴,中雨,300,水库蓄水,,116.57,27.56,POINT (116.57 27.56),849.0,江西省,抚州市,南城县,建昌镇,matched_within,增雨,,2.0,,,麻源水库361021002
2020-08-25,17:50:00,17:52:00,抚州,南丰,火箭,,阴,小到中雨,300,缓解高温、农业灌溉、水库蓄水,,116.55833,27.23778,POINT (116.55833 27.23778),704.0,江西省,抚州市,南丰县,洽湾镇,matched_within,增雨,,2.0,,,恰湾镇361023005
2020-08-25,17:57:00,17:59:00,鹰潭,余江区,火箭,,阴,小雨,300,改善空气质量、缓解高温干旱、降低森林火险等级,,116.90417,28.19417,POINT (116.90417 28.19417),1505.0,江西省,鹰潭市,余江县,洪湖乡,matched_within,增雨,,4.0,,,洪湖乡360622004
2020-08-25,18:25:00,18:27:00,抚州,南丰,碘化银地面发生器,,阴,小到中雨,300,缓解高温、农业灌溉、水库蓄水,,116.33778,27.19917,POINT (116.33778 27.19917),612.0,江西省,抚州市,南丰县,三溪乡,matched_within,增雨,,,2.0,,三溪军峰山361023011
2020-08-25,20:20:00,20:22:00,吉安,青原区,火箭,,阴,小雨,300,抗旱、城市降温减碳,,115.03972,27.03139,POINT (115.03972 27.03139),606.0,江西省,吉安市,青原区,河东街道,matched_within,增雨,,4.0,,,"青原区滩头林场360803004_x000D_
"
2020-08-25,21:48:00,22:02:00,吉安,安福,碘化银地面发生器,,阴,小雨,300,抗旱和水库蓄水,,114.2625,27.55472,POINT (114.2625 27.55472),564.0,江西省,吉安市,安福县,章庄乡,matched_within,增雨,,,1.0,,羊狮幕360829015
2020-08-26,10:07:00,10:08:00,抚州,崇仁,火箭,,小雨,中雨,300,抗旱和改善空气质量,,116.01028,27.76806,POINT (116.01028 27.76806),1330.0,江西省,抚州市,崇仁县,巴山镇,matched_within,增雨,,2.0,,,乐丰水库临时点361024010
2020-08-26,10:08:00,10:25:00,抚州,南城,碘化银地面发生器,,小雨,中雨,300,水库蓄水,,116.53861,27.53333,POINT (116.53861 27.53333),849.0,江西省,抚州市,南城县,建昌镇,matched_within,增雨,,,1.0,,麻姑山361021002
2020-08-26,10:13:00,10:15:00,抚州,南城,火箭,,小雨,中雨,300,水库蓄水,,116.57,27.56,POINT (116.57 27.56),849.0,江西省,抚州市,南城县,建昌镇,matched_within,增雨,,2.0,,,麻源水库361021002
2020-08-26,10:27:00,10:28:00,抚州,东乡,火箭,,零星小雨,小雨,300,抗旱,,116.6,28.29,POINT (116.6 28.29),1676.0,江西省,抚州市,东乡县,孝岗镇,matched_within,增雨,,1.0,,,幸福水库361029002
2020-08-26,10:39:00,10:40:00,鹰潭市,鹰潭,火箭,,小雨,中雨,300,抗旱和城市降温,,117.06778,28.44861,POINT (117.06778 28.44861),1133.0,江西省,鹰潭市,贵溪市,塔桥园艺场,matched_within,增雨,,2.0,,,塔桥360602006
2020-08-26,11:00:00,11:30:00,抚州,南丰,碘化银地面发生器,,阴,小到中雨,300,降温减碳、抗旱、水库蓄水,,116.33778,27.19917,POINT (116.33778 27.19917),612.0,江西省,抚州市,南丰县,三溪乡,matched_within,增雨,,,2.0,,三溪军峰山361023011
2020-08-26,11:15:00,11:17:00,抚州,宜黄,火箭,,小雨,小到中雨,300,抗旱、降低森林火险等级和改善空气质量,,116.15,27.32,POINT (116.15 27.32),870.0,江西省,抚州市,宜黄县,黄陂镇,matched_within,增雨,,2.0,,,黄陂村361026005
2020-08-26,11:15:00,11:30:00,抚州,南城,碘化银地面发生器,,小雨,中雨,300,水库蓄水,,116.53861,27.53333,POINT (116.53861 27.53333),849.0,江西省,抚州市,南城县,建昌镇,matched_within,增雨,,,1.0,,麻姑山361021002
2020-08-26,11:30:00,11:31:00,抚州,南丰,火箭,,阴,小到中雨,300,降温减碳、农业灌溉、水库蓄水,,116.55833,27.23778,POINT (116.55833 27.23778),704.0,江西省,抚州市,南丰县,洽湾镇,matched_within,增雨,,2.0,,,恰湾镇361023005
2020-08-26,11:34:00,12:05:00,抚州,崇仁,碘化银地面发生器,,零星小雨,小雨,300,抗旱、降温减碳、水库蓄水、改善空气质量,,115.95167,27.56778,POINT (115.95167 27.56778),607.0,江西省,抚州市,乐安县,公溪镇,matched_within,增雨,,,2.0,,相山361024012
2020-08-26,11:39:00,11:40:00,抚州,金溪,火箭,,零星小雨,小雨,300,抗旱、降低森林火险等级、改善空气质量,,116.85056,27.93833,POINT (116.85056 27.93833),1709.0,江西省,抚州市,金溪县,陆坊乡,matched_within,增雨,,2.0,,,高坊水库361027001
2020-08-26,12:09:00,12:10:00,抚州,资溪,火箭,,小雨,小到中雨,300,水库蓄水、降温减碳,,117.1625,27.69417,POINT (117.1625 27.69417),1697.0,江西省,抚州市,资溪县,鹤城镇,matched_within,增雨,,2.0,,,361028010
2020-08-26,13:06:00,13:08:00,吉安,永丰县,火箭,,小雨,小到中雨,300,抗旱、降低森林火险等级,,115.79278,26.97611,POINT (115.79278 26.97611),484.0,江西省,吉安市,永丰县,石马镇,matched_within,增雨,,3.0,,,"石马镇返步桥水库360825009_x000D_
"
2020-08-26,13:25:00,13:27:00,抚州,资溪,火箭,,零星小雨,小雨,300,水库蓄水、降温减碳,,117.1625,27.69417,POINT (117.1625 27.69417),1697.0,江西省,抚州市,资溪县,鹤城镇,matched_within,增雨,,2.0,,,361028010
2020-08-26,13:50:00,13:51:00,鹰潭,贵溪,火箭,,阴,小雨,300,水库蓄水、降温减碳,,117.19,28.44306,POINT (117.19 28.44306),1408.0,江西省,鹰潭市,贵溪市,泗沥镇,matched_within,增雨,,2.0,,,泗沥镇刘家垅水库360681004
2020-08-26,13:50:00,14:22:00,赣州,瑞金,碘化银地面发生器,,多云,小雨,300,抗旱、水库增蓄,,115.91889,25.90972,POINT (115.91889 25.90972),966.0,江西省,赣州市,瑞金市,九堡镇,matched_within,增雨,,,2.0,,九堡360781022
2020-08-26,14:56:00,14:58:00,抚州,东乡,火箭,,小雨,小到中雨,300,抗旱、改善空气质量,,116.6,28.29,POINT (116.6 28.29),1676.0,江西省,抚州市,东乡县,孝岗镇,matched_within,增雨,,2.0,,,幸福水库361029002
2020-08-26,15:12:00,15:13:00,抚州,临川区,火箭,,小雨,小到中雨,300,抗旱、城市降温,,116.31278,27.88222,POINT (116.31278 27.88222),829.0,江西省,抚州市,临川区,连城乡,matched_within,增雨,,2.0,,,上顿渡361002003
2020-08-26,15:33:00,15:34:00,吉安,新干,火箭,,阴天,小雨,300,抗旱、降温减碳,,115.34083,27.71778,POINT (115.34083 27.71778),1185.0,江西省,吉安市,新干县,界埠镇,matched_within,增雨,,2.0,,,界埠镇鸡公岭水库360824005
2020-08-26,16:41:00,16:42:00,上饶,广信区（上饶县）,火箭,,阴,小雨,300,抗旱、城市降温,,118.03472,28.23389,POINT (118.03472 28.23389),1207.0,江西省,上饶市,上饶县,四十八镇,matched_within, 增雨,,2.0,,,四十八镇北山村361121015
2020-08-26,16:42:00,16:43:00,抚州,金溪,火箭,,小雨,小到中雨,300,抗旱、降低森林火险等级、改善空气质量,,116.58472,27.9825,POINT (116.58472 27.9825),1706.0,江西省,抚州市,金溪县,琉璃乡,matched_within,增雨,,2.0,,,琉璃乡铁路坑村361027006
2020-08-26,17:26:00,17:27:00,抚州,南城,火箭,,阴,小雨,300,水库蓄水,,116.57,27.56,POINT (116.57 27.56),849.0,江西省,抚州市,南城县,建昌镇,matched_within,增雨,,2.0,,,麻源水库361021002
2020-08-26,08:53:00,09:10:00,吉安,永丰,碘化银地面发生器,,阴,小雨,300,抗旱、降低森林火险等级,,115.74583,27.11278,POINT (115.74583 27.11278),1664.0,江西省,抚州市,乐安县,罗陂乡,matched_within,增雨,,,1.0,,陶唐高龙山360825010
2020-08-26,09:58:00,10:00:00,宜春,丰城,火箭,,阴天,小雨,300,改善空气质量,,115.76639,28.23194,POINT (115.76639 28.23194),655.0,江西省,宜春市,丰城市,曲江镇,matched_within,增雨,,4.0,,,曲江360981003
2020-08-28,10:19:00,11:25:00,鹰潭,市区,碘化银地面发生器,,小雨,中雨,300,抗旱，城镇降温,,117.03333,27.98667,POINT (117.03333 27.98667),1117.0,江西省,鹰潭市,贵溪市,上清镇,matched_within,增雨,,,3.0,,天门山360602008
2020-08-28,15:59:00,16:00:00,上饶,广信区（上饶县）,火箭,,阴,小雨,300,抗旱,,118.03472,28.23389,POINT (118.03472 28.23389),1207.0,江西省,上饶市,上饶县,四十八镇,matched_within,增雨,,2.0,,,四十八镇北山村361121015
2020-08-31,14:16:00,14:18:00,抚州,黎川,火箭,,零星小雨,小雨,300,抗旱、改善空气质量,,116.95944,27.21889,POINT (116.95944 27.21889),893.0,江西省,抚州市,黎川县,德胜镇,matched_within,增雨,,2.0,,,"德胜镇361022011_x000D_
"
2020-08-31,16:09:00,16:10:00,抚州,南城,火箭,,阴,中雨,300,水库蓄水,,116.57,27.56,POINT (116.57 27.56),849.0,江西省,抚州市,南城县,建昌镇,matched_within,增雨,,2.0,,,麻源水库361021002
2020-08-31,16:10:00,16:13:00,抚州,广昌,火箭,,阴,中到大雨,300,水库增蓄,,116.3525,26.83611,POINT (116.3525 26.83611),1723.0,江西省,抚州市,广昌县,盱江镇,matched_within,增雨,,2.0,,,中坊水库临时点361030007
2020-08-31,16:38:00,16:53:00,抚州,南城,碘化银地面发生器,,阴,小雨,300,水库蓄水,,116.53861,27.53333,POINT (116.53861 27.53333),849.0,江西省,抚州市,南城县,建昌镇,matched_within,增雨,,,1.0,,麻姑山361021002
2020-08-31,16:45:00,16:46:00,抚州,南丰,碘化银地面发生器,,阴,小到中雨,300,缓解高温、水库蓄水,,116.33778,27.19917,POINT (116.33778 27.19917),612.0,江西省,抚州市,南丰县,三溪乡,matched_within,增雨,,,2.0,,三溪军峰山361023011
2020-08-31,17:05:00,17:06:00,抚州,南丰,火箭,,阴,中到大雨,300,缓解高温、农业灌溉、水库蓄水,,116.55833,27.23778,POINT (116.55833 27.23778),704.0,江西省,抚州市,南丰县,洽湾镇,matched_within,增雨,,2.0,,,恰湾镇361023005
2020-08-31,17:57:00,18:28:00,赣州,崇义,碘化银地面发生器,,阴,小到中雨,300,抗旱和降温减碳,,114.28139,25.66111,POINT (114.28139 25.66111),1087.0,江西省,赣州市,崇义县,横水镇,matched_within,增雨,,,2.0,,阳岭360725012
2020-09-01,12:00:00,12:30:00,抚州,南丰,碘化银地面发生器,,阴,小到中雨,300,缓解高温、橘树灌溉、水库蓄水,,116.33778,27.19917,POINT (116.33778 27.19917),612.0,江西省,抚州市,南丰县,三溪乡,matched_within,增雨,,,2.0,,三溪军峰山361023011
2020-09-01,13:01:00,13:03:00,抚州,广昌,火箭,,阴,中雨,300,抗旱,,116.28528,26.87056,POINT (116.28528 26.87056),1723.0,江西省,抚州市,广昌县,盱江镇,matched_within,增雨 ,,2.0,,,青铜水库361030002
2020-09-04,10:10:00,10:11:00,吉安,新干,火箭,,阴天,小雨,300,抗旱、降温减碳,,115.34083,27.71778,POINT (115.34083 27.71778),1185.0,江西省,吉安市,新干县,界埠镇,matched_within,增雨,,2.0,,,界埠镇鸡公岭水库360824005
2020-09-04,12:30:00,12:45:00,鹰潭,市区,碘化银地面发生器,,阴,小雨,300,抗旱，城镇降温,,117.03333,27.98667,POINT (117.03333 27.98667),1117.0,江西省,鹰潭市,贵溪市,上清镇,matched_within,增雨,,,3.0,,天门山360602008
2020-09-04,12:58:00,12:59:00,吉安,新干,火箭,,小雨,小到中雨,300,抗旱、降温减碳,,115.34083,27.71778,POINT (115.34083 27.71778),1185.0,江西省,吉安市,新干县,界埠镇,matched_within,增雨,,2.0,,,界埠镇鸡公岭水库360824005
2020-09-04,14:19:00,14:20:00,吉安,吉州,火箭,,阴,小雨,300,抗旱、降温减碳,,114.91194,27.18972,POINT (114.91194 27.18972),543.0,江西省,吉安市,吉州区,长塘镇,matched_within,增雨,,4.0,,,长塘镇官溪水库360802007
2020-09-04,14:33:00,15:03:00,吉安,吉水县,碘化银地面发生器,,阴,小雨,300,抗旱、降低森林火险等级、改善空气质量,,115.18,27.26278,POINT (115.18 27.26278),432.0,江西省,吉安市,吉水县,文峰镇,matched_within,增雨,,,2.0,,大东山360822012
2020-09-04,15:16:00,15:30:00,吉安,井冈山市,碘化银地面发生器,,阴,小雨,300,水库蓄水,,114.12111,26.60472,POINT (114.12111 26.60472),1498.0,江西省,吉安市,井冈山市,井冈山自然保护区,matched_within,增雨,,,1.0,,黄洋界360881001
2020-09-04,15:25:00,15:27:00,吉安,万安,火箭,,阴天,小雨,300,抗旱,,114.73861,26.47139,POINT (114.73861 26.47139),22.0,江西省,吉安市,万安县,万安县工业园,matched_within,增雨,,3.0,,,五丰镇鑫源大道360828016
2020-09-04,15:47:00,15:49:00,上饶,广信区（上饶县）,火箭,,阴,小雨,300,抗旱,,117.88583,28.55083,POINT (117.88583 28.55083),1526.0,江西省,上饶市,上饶县,清水乡,matched_within,增雨,,2.0,,,清水乡肖家水库361121015
2020-09-04,15:56:00,16:12:00,抚州,崇仁,碘化银地面发生器,,零星小雨,小雨,300,涵养水源、降温减碳、水库蓄水、改善空气质量,,115.95167,27.56778,POINT (115.95167 27.56778),607.0,江西省,抚州市,乐安县,公溪镇,matched_within,增雨,,,2.0,,相山361024012
2020-09-04,16:03:00,16:05:00,吉安,永丰,火箭,,阴,小到中雨,300,抗旱、城镇降温,,115.42056,27.335,POINT (115.42056 27.335),478.0,江西省,吉安市,永丰县,恩江镇,matched_within,增雨,,2.0,,,县城郊恩江镇360825008
2020-09-04,16:16:00,16:19:00,鹰潭,余江区,火箭,,阴,小到中雨,300,改善空气质量、缓解高温干旱、降低森林火险等级,,116.90417,28.19417,POINT (116.90417 28.19417),1505.0,江西省,鹰潭市,余江县,洪湖乡,matched_within,增雨,,4.0,,,洪湖乡360622004
2020-09-04,16:28:00,16:43:00,鹰潭,贵溪,碘化银地面发生器,,阴,小到中雨,300,抗旱、城市降温,,117.34778,27.91861,POINT (117.34778 27.91861),1127.0,江西省,鹰潭市,贵溪市,双圳林场,matched_within,增雨,,,1.0,,双圳林场阳际峰360681009
2020-09-04,16:30:00,16:45:00,抚州,南城,碘化银地面发生器,,阴,小雨,300,水库蓄水,,116.53861,27.53333,POINT (116.53861 27.53333),849.0,江西省,抚州市,南城县,建昌镇,matched_within,增雨,,,1.0,,麻姑山361021012
2020-09-04,16:38:00,16:53:00,吉安,永丰,碘化银地面发生器,,阴,小到中雨,300,抗旱、降低森林火险等级,,115.74583,27.11278,POINT (115.74583 27.11278),1664.0,江西省,抚州市,乐安县,罗陂乡,matched_within,增雨,,,1.0,,陶唐高龙山360825010
2020-09-04,16:40:00,16:56:00,吉安,遂川,碘化银地面发生器,,小雨,中到大雨,300,抗旱,,114.39222,26.36417,POINT (114.39222 26.36417),532.0,江西省,吉安市,遂川县,泉江镇,matched_within,增雨,,,2.0,,佛祖仙岭360827009
2020-09-04,16:49:00,16:52:00,抚州,资溪,火箭,,零星小雨,小雨,300,水库蓄水,,117.1625,27.69417,POINT (117.1625 27.69417),1697.0,江西省,抚州市,资溪县,鹤城镇,matched_within,增雨,,2.0,,,大觉山临时点361028009
2020-09-04,17:09:00,17:11:00,抚州,广昌,火箭,,阴,中雨,300,抗旱,,116.28528,26.87056,POINT (116.28528 26.87056),1723.0,江西省,抚州市,广昌县,盱江镇,matched_within,增雨 ,,2.0,,,青铜水库361030002
2020-09-04,17:27:00,17:29:00,抚州,黎川,火箭,,阴,小雨,300,抗旱、改善空气质量,,116.84,27.25,POINT (116.84 27.25),894.0,江西省,抚州市,黎川县,日峰镇,matched_within,增雨,,2.0,,,"龙安镇361022007_x000D_
"
2020-09-04,18:09:00,18:20:00,吉安,井冈山市,碘化银地面发生器,,阴,小雨,300,水库蓄水,,114.12111,26.60472,POINT (114.12111 26.60472),1498.0,江西省,吉安市,井冈山市,井冈山自然保护区,matched_within,增雨,,,1.0,,黄洋界360881001
2020-09-04,19:42:00,19:55:00,吉安,遂川,碘化银地面发生器,,小雨,中雨,300,抗旱,,114.39222,26.36417,POINT (114.39222 26.36417),532.0,江西省,吉安市,遂川县,泉江镇,matched_within,增雨,,,1.0,,佛祖仙岭360827009
2020-09-07,15:18:00,15:19:00,吉安,新干,火箭,,阴天,小雨,300,抗旱、降温减碳缓解高温,,115.34083,27.71778,POINT (115.34083 27.71778),1185.0,江西省,吉安市,新干县,界埠镇,matched_within,增雨,,2.0,,,界埠镇鸡公岭水库360824005
2020-09-07,16:53:00,16:55:00,抚州,广昌,火箭,,阴,小雨,300,抗旱,,116.28528,26.87056,POINT (116.28528 26.87056),1723.0,江西省,抚州市,广昌县,盱江镇,matched_within,增雨 ,,2.0,,,青铜水库361030002
2020-09-07,20:42:00,20:44:00,抚州,黎川,火箭,,阴,小雨,300,抗旱、改善空气质量,,116.84,27.25,POINT (116.84 27.25),894.0,江西省,抚州市,黎川县,日峰镇,matched_within,增雨,,2.0,,,"龙安镇361022007_x000D_
"
2020-09-08,10:00:00,10:30:00,抚州,南丰,碘化银地面发生器,,阴,小雨,300,缓解高温、农业抗旱、水库蓄水,,116.33778,27.19917,POINT (116.33778 27.19917),612.0,江西省,抚州市,南丰县,三溪乡,matched_within,增雨,,,2.0,,三溪军峰山361023011
2020-09-08,10:20:00,10:50:00,抚州,南城,碘化银地面发生器,,阴,小雨,300,水库蓄水,,116.53861,27.53333,POINT (116.53861 27.53333),849.0,江西省,抚州市,南城县,建昌镇,matched_within,增雨,,,2.0,,麻姑山361021012
2020-09-08,11:09:00,11:11:00,抚州,资溪,火箭,,小雨,中雨,300,水库蓄水、降低森林火险等级,,117.1625,27.69417,POINT (117.1625 27.69417),1697.0,江西省,抚州市,资溪县,鹤城镇,matched_within,增雨,,2.0,,,大觉山临时点361028009
2020-09-08,11:23:00,11:24:00,抚州,南城,火箭,,小雨,中雨,300,水库蓄水,,116.57,27.56,POINT (116.57 27.56),849.0,江西省,抚州市,南城县,建昌镇,matched_within,增雨,,2.0,,,麻源水库361021002
2020-09-08,13:42:00,13:44:00,抚州,黎川县,火箭,,小雨,中雨,300,抗旱、改善空气质量,,116.95944,27.21889,POINT (116.95944 27.21889),893.0,江西省,抚州市,黎川县,德胜镇,matched_within,增雨,,2.0,,,德胜361022011
2020-09-08,16:11:00,16:43:00,赣州,崇义,碘化银地面发生器,,阴,小雨,300,抗旱和城镇降温,,114.28139,25.66111,POINT (114.28139 25.66111),1087.0,江西省,赣州市,崇义县,横水镇,matched_within,增雨,,,2.0,,阳岭360725012
2020-09-08,16:38:00,16:40:00,吉安,遂川,火箭,,小雨,中雨,300,抗旱、改善空气质量,,114.48417,26.29972,POINT (114.48417 26.29972),532.0,江西省,吉安市,遂川县,泉江镇,matched_within,增雨,,4.0,,,珠田乡360827001
2020-09-09,15:06:00,15:08:00,吉安,遂川,火箭,,阴,小到中雨,300,抗旱、改善空气质量,,114.48417,26.29972,POINT (114.48417 26.29972),532.0,江西省,吉安市,遂川县,泉江镇,matched_within,增雨,,4.0,,,珠田乡360827001
2020-09-09,17:01:00,17:03:00,吉安,永新,火箭,,小雨,中雨,300,抗旱，水库增蓄,,114.18306,26.4,POINT (114.18306 26.4),615.0,江西省,吉安市,井冈山市,长坪乡,matched_within,增雨,,2.0,,,临时360830010
2020-09-10,08:47:00,09:00:00,九江,瑞昌,碘化银地面发生器,,阴,小到中雨,300,水库增蓄,,115.43444,29.59167,POINT (115.43444 29.59167),324.0,江西省,九江市,瑞昌市,青山林场,matched_within,增雨,,,2.0,,青山360481021
2020-09-10,11:30:00,11:45:00,九江,修水,碘化银地面发生器,,小雨,小到中雨,300,抗旱,,114.42889,28.99639,POINT (114.42889 28.99639),1434.0,江西省,九江市,修水县,杭口镇,matched_within,增雨,,,1.0,,竹坪板山360424025
2020-09-10,13:35:00,13:40:00,鹰潭,贵溪,火箭,,零星小雨,小到中雨,300,抗旱、城市降温,,117.19083,28.44306,POINT (117.19083 28.44306),1408.0,江西省,鹰潭市,贵溪市,泗沥镇,matched_within,增雨,,2.0,,,泗沥镇刘家垅水库360681013
2020-09-10,14:10:00,14:15:00,南昌,进贤,火箭,,阴,小雨,300,抗旱,,116.1525,28.525,POINT (116.1525 28.525),225.0,江西省,南昌市,进贤县,前坊镇,matched_within,增雨,,2.0,,,前坊镇樊家村360124001
2020-09-10,15:52:00,16:07:00,鹰潭,贵溪,碘化银地面发生器,,阴,小雨,300,抗旱、城市降温,,117.34778,27.91861,POINT (117.34778 27.91861),1127.0,江西省,鹰潭市,贵溪市,双圳林场,matched_within,增雨,,,1.0,,双圳林场阳际峰360681009
2020-09-10,17:26:00,17:40:00,吉安,井冈山市,碘化银地面发生器,,小雨,中雨,300,水库蓄水,,114.12111,26.60472,POINT (114.12111 26.60472),1498.0,江西省,吉安市,井冈山市,井冈山自然保护区,matched_within,增雨,,,1.0,,黄洋界360881001
2020-09-10,17:50:00,18:05:00,吉安,井冈山市,碘化银地面发生器,,小雨,中雨,300,水库蓄水,,114.12111,26.60472,POINT (114.12111 26.60472),1498.0,江西省,吉安市,井冈山市,井冈山自然保护区,matched_within,增雨,,,1.0,,黄洋界360881001
2020-09-10,18:16:00,18:20:00,九江,九江市八里湖新区,火箭,,零星小雨,小到中雨,300,生态修复,,115.895,29.70417,POINT (115.895 29.70417),205.0,江西省,九江市,九江县,赛城湖水产场,matched_within,增雨,,4.0,,,临时点360401003
2020-09-10,18:30:00,18:45:00,抚州,南丰,碘化银地面发生器,,阴,小到中雨,300,缓解高温、农业抗旱、水库蓄水,,116.33778,27.19917,POINT (116.33778 27.19917),612.0,江西省,抚州市,南丰县,三溪乡,matched_within,增雨,,,2.0,,三溪军峰山361023011
2020-09-10,18:30:00,18:32:00,抚州,南城,火箭,,小雨,中雨,300,水库蓄水,,116.57,27.56,POINT (116.57 27.56),849.0,江西省,抚州市,南城县,建昌镇,matched_within,增雨,,2.0,,,麻源水库361021002
2020-09-10,19:08:00,19:10:00,吉安,青原区,火箭,,阴,小雨,300,抗旱,,115.09194,26.97444,POINT (115.09194 26.97444),600.0,江西省,吉安市,青原区,值夏镇,matched_within,增雨,,4.0,,,值夏镇大前水库360803001
2020-09-10,19:09:00,19:10:00,九江,柴桑区,火箭,,小雨,中雨,300,抗旱、生态改善,,115.88417,29.65222,POINT (115.88417 29.65222),203.0,江西省,九江市,九江县,沙河街镇,matched_within,增雨,,2.0,,,大千世界360421007
2020-09-10,20:04:00,20:07:00,九江,庐山市,火箭,,小雨,中雨,300,抗旱,,116.03361,29.44722,POINT (116.03361 29.44722),262.0,江西省,九江市,星子县,南康镇,matched_within,增雨,,2.0,,,南康镇360427007
2020-09-11,16:32:00,16:35:00,宜春,袁州区,火箭,,阴,小雨,300,抗旱、降低森林火险等级、改善空气质量,,114.38639,27.76,POINT (114.38639 27.76),776.0,江西省,宜春市,袁州区,珠泉街道,matched_within,增雨,,4.0,,,南庙镇梅花村360902013
2020-09-13,09:02:00,09:04:00,九江,庐山市,火箭,,小雨,中雨,300,抗旱、降低森林火险等级、改善空气质量,,116.03361,29.44722,POINT (116.03361 29.44722),262.0,江西省,九江市,星子县,南康镇,matched_within,增雨,,2.0,,,南康镇360427007
2020-09-13,16:02:00,16:04:00,上饶市,市区,火箭,,小雨,中雨,300,抗旱、降低森林火险等级、改善空气质量,,117.97722,28.44278,POINT (117.97722 28.44278),48.0,江西省,上饶市,信州区,水南街道,matched_within,增雨,,2.0,,,文笔峰360402004
2020-09-14,10:44:00,10:47:00,九江,九江市区,火箭,,零星小雨,小到中雨,300,改善空气质量,,115.895,29.70417,POINT (115.895 29.70417),205.0,江西省,九江市,九江县,赛城湖水产场,matched_within,增雨,,2.0,,,八里湖新区360401003
2020-09-14,16:26:00,16:42:00,鹰潭,龙虎山风景管理区,碘化银地面发生器,,阴,小雨,300,城镇降温,,116.98833,28.105,POINT (116.98833 28.105),1132.0,江西省,鹰潭市,贵溪市,龙虎山镇,matched_within,增雨,,,1.0,,龙虎山360602001
2020-09-15,10:23:00,10:26:00,宜春,袁州区,火箭,,小雨,小雨,300,抗旱、降低森林火险等级、改善空气质量,,114.38639,27.76,POINT (114.38639 27.76),776.0,江西省,宜春市,袁州区,珠泉街道,matched_within,增雨,,4.0,,,南庙镇梅花村360902013
2020-09-15,11:18:00,11:20:00,九江,九江市八里湖新区,火箭,,阴,小雨,300,改善空气质量,,115.895,29.70417,POINT (115.895 29.70417),205.0,江西省,九江市,九江县,赛城湖水产场,matched_within,增雨,,2.0,,,360401003
2020-09-15,14:13:00,14:14:00,抚州,南城,碘化银地面发生器,,阴,小雨,300,水库蓄水,,116.53861,27.53333,POINT (116.53861 27.53333),849.0,江西省,抚州市,南城县,建昌镇,matched_within,增雨,,,1.0,,麻姑山361021002
2020-09-15,17:38:00,17:41:00,九江,永修,火箭,,阴,小雨,300,改善空气质量,,115.60972,29.25194,POINT (115.60972 29.25194),1615.0,江西省,九江市,永修县,梅棠镇,matched_within,增雨,,4.0,,,梅棠360425009
2020-09-15,19:42:00,20:13:00,吉安,吉水县,碘化银地面发生器,,小雨,小到中雨,300,抗旱、降低森林火险等级、改善空气质量,,115.18,27.26278,POINT (115.18 27.26278),432.0,江西省,吉安市,吉水县,文峰镇,matched_within,增雨,,,2.0,,大东山360822012
2020-09-15,22:21:00,22:26:00,抚州,广昌,火箭,,阴,中雨,300,抗旱,,116.2,26.73111,POINT (116.2 26.73111),1719.0,江西省,抚州市,广昌县,头陂镇,matched_within,增雨,,2.0,,,头陂西港361030004
2020-09-16,05:35:00,05:50:00,抚州,南城,碘化银地面发生器,,阴,中雨,300,水库蓄水,,116.53861,27.53333,POINT (116.53861 27.53333),849.0,江西省,抚州市,南城县,建昌镇,matched_within,增雨,,,1.0,,麻姑山361021002
2020-09-16,10:15:00,10:19:00,九江,九江市区,火箭,,小雨,小到中雨,300,改善空气质量,,115.895,29.70417,POINT (115.895 29.70417),205.0,江西省,九江市,九江县,赛城湖水产场,matched_within,增雨,,2.0,,,八里湖新区360401003
2020-09-16,10:39:00,10:42:00,宜春,袁州区,火箭,,阴,小雨,300,水库增蓄、改善空气质量,,114.38639,27.76,POINT (114.38639 27.76),776.0,江西省,宜春市,袁州区,珠泉街道,matched_within,增雨,,4.0,,,南庙镇梅花村360902013
2020-09-16,14:16:00,14:19:00,抚州,南城,火箭,,阴,小雨,300,水库蓄水,,116.57,27.56,POINT (116.57 27.56),849.0,江西省,抚州市,南城县,建昌镇,matched_within,增雨,,2.0,,,麻源水库361021002
2020-09-16,14:38:00,14:50:00,吉安,井冈山市,碘化银地面发生器,,阴,小雨,300,降温、降低森林火险等级、水库蓄水,,114.12111,26.60472,POINT (114.12111 26.60472),1498.0,江西省,吉安市,井冈山市,井冈山自然保护区,matched_within,增雨,,,1.0,,黄洋界360881001
2020-09-16,15:47:00,15:49:00,吉安,吉州区,火箭,,小雨,小到中雨,300,抗旱、降低森林火险等级,,114.83667,27.17028,POINT (114.83667 27.17028),539.0,江西省,吉安市,吉州区,兴桥镇,matched_within,增雨,,4.0,,,兴桥镇麻下水库360802004
2020-09-16,15:55:00,16:10:00,吉安,安福,碘化银地面发生器,,小雨,中雨,300,抗旱和水库蓄水,,114.2625,27.55472,POINT (114.2625 27.55472),564.0,江西省,吉安市,安福县,章庄乡,matched_within,增雨,,,1.0,,羊狮幕360829015
2020-09-16,16:49:00,16:51:00,吉安,新干,火箭,,阴天,小雨,300,抗旱、缓解高温,,115.34083,27.71778,POINT (115.34083 27.71778),1185.0,江西省,吉安市,新干县,界埠镇,matched_within,增雨,,3.0,,,界埠镇鸡公岭水库360824005
2020-09-16,18:09:00,18:21:00,吉安,遂川,碘化银地面发生器,,小雨,小到中雨,300,抗旱,,114.39222,26.36417,POINT (114.39222 26.36417),532.0,江西省,吉安市,遂川县,泉江镇,matched_within,增雨,,,1.0,,佛祖仙岭360827009
2020-09-16,19:09:00,19:24:00,抚州,南城,碘化银地面发生器,,阴,中雨,300,水库蓄水,,116.53861,27.53333,POINT (116.53861 27.53333),849.0,江西省,抚州市,南城县,建昌镇,matched_within,增雨,,,1.0,,麻姑山361021002
2020-09-16,19:42:00,19:43:00,抚州,南城,火箭,,阴,小雨,300,水库蓄水,,116.57,27.56,POINT (116.57 27.56),849.0,江西省,抚州市,南城县,建昌镇,matched_within,增雨,,2.0,,,麻源水库361021002
2020-09-16,20:25:00,20:28:00,抚州,广昌,火箭,,阴,小雨,300,抗旱,,116.28528,26.87056,POINT (116.28528 26.87056),1723.0,江西省,抚州市,广昌县,盱江镇,matched_within,增雨 ,,2.0,,,青铜水库361030002
2020-09-16,21:35:00,21:37:00,宜春,上高,火箭,,小雨,中雨,300,抗旱、改善空气质量,,114.82778,28.20139,POINT (114.82778 28.20139),633.0,江西省,宜春市,上高县,芦洲乡,matched_within,增雨,,2.0,,,芦洲乡江口村360923004
2020-09-17,10:03:00,10:04:00,宜春,上高,火箭,,小雨,中雨,300,抗旱、改善空气质量,,114.82778,28.20139,POINT (114.82778 28.20139),633.0,江西省,宜春市,上高县,芦洲乡,matched_within,增雨,,2.0,,,芦洲乡江口村360923004
2020-09-17,11:46:00,11:49:00,九江,九江市八里湖新区,火箭,,小雨,中雨,300,改善空气质量,,115.895,29.70417,POINT (115.895 29.70417),205.0,江西省,九江市,九江县,赛城湖水产场,matched_within,增雨,,2.0,,,360401003
2020-09-17,15:37:00,15:38:00,宜春,靖安,火箭,,小雨,中雨,300,改善空气质量、水库增蓄,,115.095,28.97472,POINT (115.095 28.97472),794.0,江西省,宜春市,靖安县,罗湾乡,matched_within,增雨,,4.0,,,罗湾360925004
2020-09-17,16:00:00,16:01:00,宜春,靖安,火箭,,小雨,中雨,300,改善空气质量、水库增蓄,,115.095,28.97472,POINT (115.095 28.97472),794.0,江西省,宜春市,靖安县,罗湾乡,matched_within,增雨,,2.0,,,罗湾360925004
2020-09-17,16:35:00,16:36:00,吉安,泰和,火箭,,小雨,中雨,300,抗旱,,114.91861,26.68111,POINT (114.91861 26.68111),520.0,江西省,吉安市,泰和县,冠朝镇,matched_within,增雨,,2.0,,,上模乡360826007
2020-09-17,17:19:00,17:21:00,吉安,吉州,火箭,,阴,中雨,300,抗旱和降低森林火险等级,,114.91194,27.18972,POINT (114.91194 27.18972),543.0,江西省,吉安市,吉州区,长塘镇,matched_within,增雨,,4.0,,,官溪水库360802007
2020-09-17,18:11:00,18:26:00,吉安,安福,碘化银地面发生器,,阴,小雨,300,抗旱和水库蓄水,,114.2625,27.55472,POINT (114.2625 27.55472),564.0,江西省,吉安市,安福县,章庄乡,matched_within,增雨,,,1.0,,羊狮幕360829015
2020-09-17,18:17:00,18:18:00,抚州,南城,火箭,,阴,小雨,300,水库蓄水,,116.57,27.56,POINT (116.57 27.56),849.0,江西省,抚州市,南城县,建昌镇,matched_within,增雨,,2.0,,,麻源水库361021002
2020-09-17,19:42:00,19:58:00,吉安,遂川,碘化银地面发生器,,小雨,大雨,300,抗旱,,114.39222,26.36417,POINT (114.39222 26.36417),532.0,江西省,吉安市,遂川县,泉江镇,matched_within,增雨,,,2.0,,佛祖仙岭360827009
2020-09-18,08:10:00,08:26:00,鹰潭,龙虎山风景管理区,碘化银地面发生器,,小雨,小雨,300,抗旱,,116.98833,28.105,POINT (116.98833 28.105),1132.0,江西省,鹰潭市,贵溪市,龙虎山镇,matched_within,增雨,,,1.0,,龙虎山360602001
2020-09-18,22:13:00,22:28:00,抚州,南城,碘化银地面发生器,,阴,中到大雨,300,水库蓄水,,116.53861,27.53333,POINT (116.53861 27.53333),849.0,江西省,抚州市,南城县,建昌镇,matched_within,增雨,,,1.0,,麻姑山361021012
2020-09-19,09:19:00,09:35:00,抚州,南城,碘化银地面发生器,,小雨,中到大雨,300,水库蓄水,,116.53861,27.53333,POINT (116.53861 27.53333),849.0,江西省,抚州市,南城县,建昌镇,matched_within,增雨,,,1.0,,麻姑山361021012
2020-09-21,10:00:00,10:15:00,吉安,安福,碘化银地面发生器,,阴,小雨,300,缓解旱情和水库蓄水,,114.2625,27.55472,POINT (114.2625 27.55472),564.0,江西省,吉安市,安福县,章庄乡,matched_within,增雨,,,1.0,,羊狮幕360829015
2020-09-21,17:21:00,17:36:00,鹰潭,龙虎山风景管理区,碘化银地面发生器,,阴,小雨,300,抗旱,,116.98833,28.105,POINT (116.98833 28.105),1132.0,江西省,鹰潭市,贵溪市,龙虎山镇,matched_within,增雨,,,1.0,,龙虎山360602001
2020-09-22,10:27:00,10:28:00,吉安,新干,火箭,,小雨,小到中雨,300,抗旱,,115.41056,27.8275,POINT (115.41056 27.8275),571.0,江西省,吉安市,新干县,溧江镇,matched_within,增雨,,3.0,,,荷浦乡360824007
2020-09-22,15:36:00,15:38:00,宜春,靖安,火箭,,小雨,中雨,300,改善空气质量、水库蓄水,,115.095,28.97472,POINT (115.095 28.97472),794.0,江西省,宜春市,靖安县,罗湾乡,matched_within,增雨,,4.0,,,罗湾360925004
2020-09-22,15:43:00,15:45:00,宜春,靖安,火箭,,小雨,中雨,300,改善空气质量、水库蓄水,,115.095,28.97472,POINT (115.095 28.97472),794.0,江西省,宜春市,靖安县,罗湾乡,matched_within,增雨,,4.0,,,罗湾360925004
2020-09-22,08:17:00,08:35:00,抚州,南城,碘化银地面发生器,,小雨,小雨,300,水库蓄水,,116.53861,27.53333,POINT (116.53861 27.53333),849.0,江西省,抚州市,南城县,建昌镇,matched_within,增雨,,,1.0,,麻姑山361021012
2020-09-23,10:36:00,10:37:00,宜春,万载,火箭,,阴,小雨,300,抗旱、改善空气质量,,114.39333,28.10444,POINT (114.39333 28.10444),623.0,江西省,宜春市,万载县,高城镇,matched_within,增雨,,4.0,,,高城镇民兵水库临时点360922008
2020-09-25,16:14:00,16:16:00,宜春,袁州区,火箭,,阴天,小雨,300,水库增蓄、改善空气质量,,114.38639,27.76,POINT (114.38639 27.76),776.0,江西省,宜春市,袁州区,珠泉街道,matched_within,增雨,,4.0,,,南庙镇梅花村360902013
2020-09-26,10:27:00,10:29:00,萍乡 ,城区,火箭,,阴,小雨,300,水库增蓄、改善空气质量,,113.89,27.64,POINT (113.89 27.64),945.0,江西省,萍乡市,安源区,白源街街道,matched_within,增雨,,4.0,,,城东飞碟厂360302002
2020-09-26,11:53:00,12:08:00,抚州,南城,碘化银地面发生器,,零星小雨,小雨,300,水库蓄水,,116.53861,27.53333,POINT (116.53861 27.53333),849.0,江西省,抚州市,南城县,建昌镇,matched_within,增雨,,,1.0,,麻姑山361021012
2020-10-13,20:18:00,20:33:00,吉安,安福,碘化银地面发生器,,阴,小雨,300,缓解旱情和水库蓄水,,114.2625,27.55472,POINT (114.2625 27.55472),564.0,江西省,吉安市,安福县,章庄乡,matched_within,增雨,,,1.0,,羊狮幕360829015
2020-10-15,09:43:00,09:44:00,吉安,新干,火箭,,阴天,小雨,300,抗旱,,115.34083,27.71778,POINT (115.34083 27.71778),1185.0,江西省,吉安市,新干县,界埠镇,matched_within,增雨,,3.0,,,界埠镇鸡公岭水库360824005
2020-10-15,10:12:00,10:15:00,九江,九江市八里湖新区,火箭,,小雨,小到中雨,300,改善空气质量,,115.895,29.70417,POINT (115.895 29.70417),205.0,江西省,九江市,九江县,赛城湖水产场,matched_within,增雨,,2.0,,,360401003
2020-10-15,10:50:00,11:30:00,九江,庐山,碘化银地面发生器,,阴有小雨,小雨,300,降低森林火险等级,,115.955,29.535,POINT (115.955 29.535),227.0,江西省,九江市,庐山区,牯岭镇,matched_within,增雨,,,2.0,,仰天坪360402002
2020-10-15,11:07:00,11:40:00,吉安,吉水县,碘化银地面发生器,,阴天,小雨,300,抗旱、水库增蓄,,115.18,27.26278,POINT (115.18 27.26278),432.0,江西省,吉安市,吉水县,文峰镇,matched_within,增雨,,,2.0,,大东山360822012
2020-10-16,09:52:00,09:54:00,九江,九江市,火箭,,小雨,小到中雨,300,改善空气质量和降低森林火险等级,,115.895,29.70417,POINT (115.895 29.70417),205.0,江西省,九江市,九江县,赛城湖水产场,matched_within,增雨,,4.0,,,八里湖新区360401003
2020-10-16,10:36:00,10:51:00,吉安,安福,碘化银地面发生器,,阴,小雨,300,抗旱和水库蓄水,,114.2625,27.55472,POINT (114.2625 27.55472),564.0,江西省,吉安市,安福县,章庄乡,matched_within,增雨,,,1.0,,羊狮幕360829015
2020-10-16,11:15:00,11:32:00,吉安,吉水县,碘化银地面发生器,,阴天,小雨,300,抗旱、水库增蓄,,115.18,27.26278,POINT (115.18 27.26278),432.0,江西省,吉安市,吉水县,文峰镇,matched_within,增雨,,,1.0,,大东山360822012
2020-10-16,19:51:00,19:59:00,上饶,三清山,碘化银地面发生器,,阴天,小雨,300,抗旱,,118.03167,28.93,POINT (118.03167 28.93),1221.0,江西省,上饶市,玉山县,枫林街道,matched_within,增雨,,,1.0,,"三清山汾水村_x000D_
361102015_x000D_
"
2020-10-17,15:56:00,16:11:00,吉安,安福,碘化银地面发生器,,阴,小雨,300,抗旱和水库蓄水,,114.2625,27.55472,POINT (114.2625 27.55472),564.0,江西省,吉安市,安福县,章庄乡,matched_within,增雨,,,1.0,,羊狮幕360829015
2020-10-18,20:08:00,20:23:00,吉安,安福,碘化银地面发生器,,阴,小雨,300,抗旱和水库蓄水,,114.2625,27.55472,POINT (114.2625 27.55472),564.0,江西省,吉安市,安福县,章庄乡,matched_within,增雨,,,1.0,,羊狮幕360829015
2020-10-29,09:40:00,09:55:00,吉安,安福,碘化银地面发生器,,阴,小雨,300,水库增蓄,,114.2625,27.55472,POINT (114.2625 27.55472),564.0,江西省,吉安市,安福县,章庄乡,matched_within,增雨,,,1.0,,羊狮幕360829015
2020-10-29,10:07:00,10:39:00,赣州,瑞金,碘化银地面发生器,,多云,小雨,300,降低森林火险等级和改善土壤墒情（生态修复）,,116.22861,25.91361,POINT (116.22861 25.91361),971.0,江西省,赣州市,瑞金市,日东乡,matched_within,增雨,,,2.0,,日东作业点360781023
2020-10-29,08:10:00,08:30:00,九江,庐山,碘化银地面发生器,,阴天,小雨,300,降低森林火险等级,,115.955,29.535,POINT (115.955 29.535),227.0,江西省,九江市,庐山区,牯岭镇,matched_within,增雨,,,1.0,,仰天坪360402002
2020-11-02,17:50:00,17:52:00,南昌,进贤,火箭,,阴,小雨,300,改善空气质量、降低森林火险,,116.1525,28.525,POINT (116.1525 28.525),225.0,江西省,南昌市,进贤县,前坊镇,matched_within,增雨,,2.0,,,前坊镇樊家村360124001
2020-11-14,16:08:00,16:45:00,赣州,瑞金,碘化银地面发生器,,阴,小雨,300,降低森林火险等级和改善土壤墒情（生态修复）,,116.22861,25.91361,POINT (116.22861 25.91361),971.0,江西省,赣州市,瑞金市,日东乡,matched_within,增雨,,,2.0,,日东作业点360781023
2020-11-16,06:35:00,07:07:00,赣州,瑞金,碘化银地面发生器,,阴,小雨,300,抗旱、降低森林火险等级、改善空气质量,,116.22861,25.91361,POINT (116.22861 25.91361),971.0,江西省,赣州市,瑞金市,日东乡,matched_within,增雨,,,2.0,,日东作业点360781023
2020-11-16,09:07:00,09:15:00,吉安,遂川,碘化银地面发生器,,多云,小雨,300,抗旱、降低森林火险等级、改善空气质量,,114.39222,26.36417,POINT (114.39222 26.36417),532.0,江西省,吉安市,遂川县,泉江镇,matched_within,增雨,,,1.0,,佛祖仙岭360827009
2020-11-16,09:20:00,09:21:00,宜春,上高,火箭,,小雨,中雨,300,抗旱、降低森林火险等级、改善空气质量,,114.82778,28.20139,POINT (114.82778 28.20139),633.0,江西省,宜春市,上高县,芦洲乡,matched_within,增雨,,4.0,,,芦洲乡江口村360923004
2020-11-16,09:23:00,09:53:00,新余,分宜,碘化银地面发生器,,小雨,小雨,300,抗旱、降低森林火险等级、改善空气质量,,114.55056,27.60972,POINT (114.55056 27.60972),1487.0,江西省,新余市,分宜县,钤山镇,matched_within,增雨,,,2.0,,大岗山360502017
2020-11-16,09:51:00,10:06:00,宜春,上高,碘化银地面发生器,,小雨,中雨,300,抗旱、降低森林火险等级、改善空气质量,,114.66528,28.14333,POINT (114.66528 28.14333),638.0,江西省,宜春市,上高县,徐家渡镇,matched_within,增雨,,,1.0,,九峰林场360923006
2020-11-16,10:53:00,10:54:00,吉安,新干,火箭,,阴天,小雨,300,抗旱、降低森林火险等级、改善空气质量,,115.34083,27.71778,POINT (115.34083 27.71778),1185.0,江西省,吉安市,新干县,界埠镇,matched_within,增雨,,3.0,,,界埠镇鸡公岭水库360824005
2020-11-16,11:12:00,11:42:00,赣州,崇义,碘化银地面发生器,,阴,小雨,300,抗旱、降低森林火险等级、改善空气质量,,114.28139,25.66111,POINT (114.28139 25.66111),1087.0,江西省,赣州市,崇义县,横水镇,matched_within,增雨,,,2.0,,阳岭360725012
2020-11-16,13:12:00,13:13:00,萍乡市,上栗,火箭,,阴,小雨,300,抗旱、降低森林火险等级、改善空气质量,,113.85139,27.82028,POINT (113.85139 27.82028),1345.0,江西省,萍乡市,上栗县,杨岐乡,matched_within,增雨,,4.0,,,360322005
2020-11-16,13:31:00,13:33:00,萍乡,芦溪,火箭,,阴,小雨,300,抗旱、降低森林火险等级、改善空气质量,,114.16,27.54,POINT (114.16 27.54),1362.0,江西省,萍乡市,芦溪县,万龙山乡,matched_within,增雨,,4.0,,,360323008
2020-11-16,14:32:00,15:03:00,九江,瑞昌,碘化银地面发生器,,小雨,中雨,300,抗旱、降低森林火险等级、改善空气质量,,115.43444,29.59167,POINT (115.43444 29.59167),324.0,江西省,九江市,瑞昌市,青山林场,matched_within,增雨,,,2.0,,青山360481101
2020-11-16,15:42:00,15:44:00,九江,共青城,火箭,,阴,小雨,300,抗旱、降低森林火险等级、改善空气质量,,115.81306,29.33694,POINT (115.81306 29.33694),1265.0,江西省,九江市,共青城市,泽泉乡,matched_within,增雨,,2.0,,,金牛生态园360482002
2020-11-16,16:30:00,16:33:00,九江,九江市,火箭,,阴,小雨,300,抗旱、降低森林火险等级、改善空气质量,,115.895,29.70417,POINT (115.895 29.70417),205.0,江西省,九江市,九江县,赛城湖水产场,matched_within,增雨,,4.0,,,八里湖新区360401003
2020-11-16,17:20:00,17:30:00,吉安,遂川,碘化银地面发生器,,阴,小雨,300,抗旱、降低森林火险等级、改善空气质量,,114.39222,26.36417,POINT (114.39222 26.36417),532.0,江西省,吉安市,遂川县,泉江镇,matched_within,增雨,,,1.0,,佛祖仙岭360827009
2020-11-16,21:05:00,21:20:00,九江,庐山,碘化银地面发生器,,阴,小雨,300,抗旱、降低森林火险、改善空气质量,,115.99333,29.57972,POINT (115.99333 29.57972),227.0,江西省,九江市,庐山区,牯岭镇,matched_within,增雨,,,1.0,,小天池360402003
2020-11-16,21:06:00,21:07:00,南昌,进贤,火箭,,阴,小雨,300,抗旱、降低森林火险、改善空气质量,,116.1525,28.525,POINT (116.1525 28.525),225.0,江西省,南昌市,进贤县,前坊镇,matched_within,增雨,,2.0,,,前坊镇樊家村360124001
2020-11-16,21:10:00,21:25:00,九江,庐山,碘化银地面发生器,,阴,小雨,300,抗旱、降低森林火险、改善空气质量,,115.95556,29.55972,POINT (115.95556 29.55972),227.0,江西省,九江市,庐山区,牯岭镇,matched_within,增雨,,,1.0,,石门涧360402004
2020-11-16,21:25:00,21:27:00,九江,庐山市,火箭,,小雨,小到中雨,300,抗旱、降低森林火险、改善空气质量,,116.03361,29.44722,POINT (116.03361 29.44722),262.0,江西省,九江市,星子县,南康镇,matched_within,增雨,,2.0,,,南康镇360427007
2020-11-16,23:38:00,23:39:00,南昌,进贤,火箭,,阴,小雨,300,抗旱、降低森林火险等级、改善空气质量,,116.1525,28.525,POINT (116.1525 28.525),225.0,江西省,南昌市,进贤县,前坊镇,matched_within,增雨,,1.0,,,前坊镇樊家村360124001
2020-11-17,03:53:00,04:05:00,上饶,德兴,碘化银地面发生器,,阴,小雨,300,抗旱、降低森林火险、改善空气质量,,117.83,28.90028,POINT (117.83 28.90028),1198.0,江西省,上饶市,德兴市,龙头山乡,matched_within,增雨,,,1.0,,大茅山361181012
2020-11-17,05:30:00,05:31:00,南昌,进贤,火箭,,阴,小雨,300,抗旱、降低森林火险等级、改善空气质量,,116.1525,28.525,POINT (116.1525 28.525),225.0,江西省,南昌市,进贤县,前坊镇,matched_within,增雨,,1.0,,,前坊镇樊家村360124001
2020-11-17,08:57:00,09:12:00,宜春,上高,碘化银地面发生器,,阴,小雨,300,抗旱、降低森林火险等级、改善空气质量,,114.66528,28.14333,POINT (114.66528 28.14333),638.0,江西省,宜春市,上高县,徐家渡镇,matched_within,增雨,,,1.0,,九峰林场360923006
2020-11-17,09:02:00,09:04:00,宜春,上高,火箭,,阴,小雨,300,抗旱、改善空气质量、降低森林火险等级,,114.82778,28.20139,POINT (114.82778 28.20139),633.0,江西省,宜春市,上高县,芦洲乡,matched_within,增雨,,2.0,,,芦洲乡江口村360923004
2020-11-17,11:39:00,11:54:00,吉安,吉水县,碘化银地面发生器,,阴天,小雨,300,抗旱、降低森林火险等级,,115.18,27.26278,POINT (115.18 27.26278),432.0,江西省,吉安市,吉水县,文峰镇,matched_within,增雨,,,1.0,,大东山360822012
2020-11-17,16:46:00,16:47:00,上饶,万年,火箭,,阴,小雨,300,改善空气质量、降低森林火险等级,,117.01417,28.67444,POINT (117.01417 28.67444),101.0,江西省,上饶市,万年县,上坊乡,matched_within,增雨,,2.0,,,上坊乡木材厂
2020-11-18,17:39:00,17:54:00,吉安,安福,碘化银地面发生器,,阴,小雨,300,降低森林火险、改善空气质量,,114.2625,27.55472,POINT (114.2625 27.55472),564.0,江西省,吉安市,安福县,章庄乡,matched_within,增雨,,,1.0,,羊狮幕360829015
2020-11-19,10:19:00,10:21:00,九江,九江市八里湖新区,火箭,,阴天,小雨,300,改善空气质量、降低森林火险等级,,115.895,29.70417,POINT (115.895 29.70417),205.0,江西省,九江市,九江县,赛城湖水产场,matched_within,增雨,,3.0,,,360401003
2020-11-19,14:13:00,14:15:00,九江,德安,火箭,,阴,小雨,300,改善空气质量，降低森林火险等级,,115.73806,29.34972,POINT (115.73806 29.34972),1242.0,江西省,九江市,德安县,宝塔乡,matched_within,增雨,,4.0,,,岳山垅360426012
2020-11-19,14:30:00,15:00:00,九江,庐山,碘化银地面发生器,,阴天,小雨,300,降低森林火险等级,,115.97139,29.56722,POINT (115.97139 29.56722),227.0,江西省,九江市,庐山区,牯岭镇,matched_within,增雨,,,2.0,,仰天坪360402002
2020-11-19,15:15:00,15:30:00,宜春,上高,碘化银地面发生器,,小雨,中雨,300,抗旱、降低森林火险等级、改善空气质量,,114.66528,28.14333,POINT (114.66528 28.14333),638.0,江西省,宜春市,上高县,徐家渡镇,matched_within,增雨,,,1.0,,九峰林场360923006
2020-11-19,16:14:00,16:16:00,宜春,上高,火箭,,阴,小雨,300,抗旱、改善空气质量、降低森林火险等级,,114.82778,28.20139,POINT (114.82778 28.20139),633.0,江西省,宜春市,上高县,芦洲乡,matched_within,增雨,,4.0,,,芦洲乡江口村360923004
2020-11-19,16:15:00,16:16:00,九江,都昌,火箭,,阴,小雨,300,抗旱、改善空气质量、降低森林火险等级,,116.23083,29.25417,POINT (116.23083 29.25417),121.0,江西省,九江市,都昌县,大树乡,matched_within,增雨,,2.0,,,360428020
2020-11-19,16:38:00,16:39:00,吉安,新干,火箭,,阴天,小雨,300,抗旱、降低森林火险等级,,115.34083,27.71778,POINT (115.34083 27.71778),1185.0,江西省,吉安市,新干县,界埠镇,matched_within,增雨,,3.0,,,界埠镇鸡公岭水库360824005
2020-11-19,17:17:00,17:50:00,吉安,吉水县,碘化银地面发生器,,阴天,小雨,300,抗旱、降低森林火险等级,,115.18,27.26278,POINT (115.18 27.26278),432.0,江西省,吉安市,吉水县,文峰镇,matched_within,增雨,,,2.0,,大东山360822012
2020-11-19,18:24:00,18:39:00,抚州,南城,碘化银地面发生器,,零星小雨,小雨,300,降低森林火险等级,,116.53861,27.53333,POINT (116.53861 27.53333),849.0,江西省,抚州市,南城县,建昌镇,matched_within,增雨,,,1.0,,麻姑山361021012
2020-11-19,18:50:00,19:20:00,鹰潭,龙虎山风景管理区,碘化银地面发生器,,阴,小雨,300,降低森林火险等级,,116.98833,28.105,POINT (116.98833 28.105),1132.0,江西省,鹰潭市,贵溪市,龙虎山镇,matched_within,增雨,,,2.0,,龙虎山360602001
2020-11-19,20:40:00,20:55:00,上饶,三清山,碘化银地面发生器,,阴天,小雨,300,降低森林火险等级,,118.03167,28.93,POINT (118.03167 28.93),1221.0,江西省,上饶市,玉山县,枫林街道,matched_within,增雨,,,1.0,,"三清山汾水村_x000D_
361102015_x000D_
"
2020-11-19,21:25:00,21:40:00,吉安,安福,碘化银地面发生器,,阴,小雨,300,降低森林火险、改善空气质量,,114.2625,27.55472,POINT (114.2625 27.55472),564.0,江西省,吉安市,安福县,章庄乡,matched_within,增雨,,,1.0,,羊狮幕360829015
2020-11-20,10:26:00,10:30:00,上饶,婺源,火箭,,阴天,小雨,300,降低森林火险和改善空气质量,,117.7375,29.40639,POINT (117.7375 29.40639),1515.0,江西省,上饶市,婺源县,清华镇,matched_within,增雨,,2.0,,,清华镇361130004
2020-11-20,10:40:00,10:41:00,宜春,万载,火箭,,阴,小雨,300,抗旱、改善空气质量、降低森林火险,,114.35167,28.13028,POINT (114.35167 28.13028),623.0,江西省,宜春市,万载县,高城镇,matched_within,增雨,,4.0,,,高城镇民兵水库临时点360922009
2020-11-20,10:47:00,10:50:00,宜春,袁州区,火箭,,阴,零星小雨,300,抗旱、降低森林火险等级和改善空气质量,,114.33667,27.7575,POINT (114.33667 27.7575),731.0,江西省,宜春市,袁州区,湖田镇,matched_within,增雨,,4.0,,,南庙镇岩头360902016
2020-11-20,10:49:00,10:51:00,宜春,奉新,火箭,,阴天,小雨,300,抗旱、改善空气质量、降低森林火险,,115.29,28.69,POINT (115.29 28.69),1238.0,江西省,宜春市,奉新县,赤岸镇,matched_within,增雨,,2.0,,,赤岸镇猕猴桃基地360921003
2020-11-20,15:05:00,15:27:00,鹰潭,龙虎山风景管理区,碘化银地面发生器,,阴天,小雨,300,降低森林火险,,116.98833,28.105,POINT (116.98833 28.105),1132.0,江西省,鹰潭市,贵溪市,龙虎山镇,matched_within,增雨,,,2.0,,龙虎山360602001
2020-11-20,15:15:00,15:16:00,宜春,宜丰县,火箭,,阴天,小雨,300,抗旱、改善空气质量、降低森林火险,,114.72917,28.42167,POINT (114.72917 28.42167),682.0,江西省,宜春市,宜丰县,桥西乡,matched_within,增雨,,4.0,,,"潭埠塅村部房_x000D_360924003_x000D_
"
2020-11-20,15:44:00,15:46:00,宜春,奉新,火箭,,阴天,小雨,300,抗旱、改善空气质量、降低森林火险,,115.29,28.69,POINT (115.29 28.69),1238.0,江西省,宜春市,奉新县,赤岸镇,matched_within,增雨,,2.0,,,赤岸镇猕猴桃基地360921003
2020-11-20,16:12:00,16:13:00,上饶,广信区（上饶县）,火箭,,阴,小雨,300,抗旱、改善空气质量和降低森林火险,,117.88583,28.55083,POINT (117.88583 28.55083),1526.0,江西省,上饶市,上饶县,清水乡,matched_within,增雨,,4.0,,,清水乡肖家水库361121015
2020-11-20,18:33:00,18:35:00,上饶,横峰,火箭,,阴,小雨,300,抗旱、改善空气质量、降低火险等级,,117.69389,28.46667,POINT (117.69389 28.46667),164.0,江西省,上饶市,横峰县,港边乡,matched_within,增雨,,3.0,,,姚源水库361125010
2020-11-20,21:45:00,21:47:00,九江,九江市区,火箭,,阴,小雨,300,改善空气质量、降低森林火险,,115.895,29.70417,POINT (115.895 29.70417),205.0,江西省,九江市,九江县,赛城湖水产场,matched_within,增雨,,3.0,,,八里湖新区360401003
2020-11-21,06:33:00,07:04:00,赣州,瑞金,碘化银地面发生器,,阴,小雨,300,抗旱、降低森林火险,,115.91889,25.90972,POINT (115.91889 25.90972),966.0,江西省,赣州市,瑞金市,九堡镇,matched_within,增雨,,,2.0,,九堡360781022
2020-11-21,08:46:00,09:18:00,鹰潭,龙虎山风景管理区,碘化银地面发生器,,阴,小雨,300,降低森林火险等级,,116.98833,28.105,POINT (116.98833 28.105),1132.0,江西省,鹰潭市,贵溪市,龙虎山镇,matched_within,增雨,,,2.0,,龙虎山360602001
2020-11-21,21:30:00,21:45:00,宜春,上高,碘化银地面发生器,,小雨,中雨,300,抗旱、降低森林火险等级、改善空气质量,,114.66528,28.14333,POINT (114.66528 28.14333),638.0,江西省,宜春市,上高县,徐家渡镇,matched_within,增雨,,,1.0,,九峰林场360923006
2020-11-22,02:46:00,03:04:00,赣州,兴国,碘化银地面发生器,,阴,小雨,300,抗旱、降低森林火险,,115.69278,26.80639,POINT (115.69278 26.80639),1738.0,江西省,赣州市,宁都县,大沽乡,matched_within,增雨,,,2.0,,方山岭360732013
2020-11-22,06:51:00,07:23:00,鹰潭,龙虎山风景管理区,碘化银地面发生器,,阴,小雨,300,抗旱、降低森林火险等级,,116.98833,28.105,POINT (116.98833 28.105),1132.0,江西省,鹰潭市,贵溪市,龙虎山镇,matched_within,增雨,,,2.0,,龙虎山360602001
2020-11-22,09:10:00,09:40:00,新余,分宜,碘化银地面发生器,,小雨,小雨,300,抗旱、降低森林火险等级、改善空气质量,,114.55056,27.60972,POINT (114.55056 27.60972),1487.0,江西省,新余市,分宜县,钤山镇,matched_within,增雨,,,2.0,,大岗山360502017
2020-11-22,10:33:00,10:34:00,上饶,玉山,火箭,,阴,小雨,300,降低森林火险,,118.10667,28.69139,POINT (118.10667 28.69139),1178.0,江西省,上饶市,玉山县,必姆镇,matched_within,增雨,,2.0,,,必姆镇王宅水库361123004
2020-11-22,10:48:00,10:50:00,新余,渝水区,火箭,,小雨,小到中雨,300,抗旱、降低森林火险、改善空气质量,,114.95,27.88333,POINT (114.95 27.88333),1726.0,江西省,新余市,渝水区,下村镇,matched_within,增雨,,4.0,,,"新余狮子口水库坝下_x000D_
360502007"
2020-11-22,22:50:00,23:27:00,鹰潭,龙虎山风景管理区,碘化银地面发生器,,阴,小雨,300,抗旱、降低火险等级,,116.98833,28.105,POINT (116.98833 28.105),1132.0,江西省,鹰潭市,贵溪市,龙虎山镇,matched_within,增雨,,,1.0,,龙虎山360602001
2020-11-23,06:42:00,06:55:00,赣州,兴国,碘化银地面发生器,,小雨,小到中雨,300,抗旱、降低森林火险,,115.18694,26.38083,POINT (115.18694 26.38083),509.0,江西省,赣州市,兴国县,隆坪乡,matched_within,增雨,,,2.0,,秦峨山360732014
2020-11-23,10:28:00,10:30:00,宜春,高安,火箭,,阴天,阴有小雨,300,抗旱、改善空气质量,,115.35111,28.51806,POINT (115.35111 28.51806),644.0,江西省,宜春市,高安市,瑞州街道,matched_within,增雨,,4.0,,,碧山水库360983007
2020-11-23,10:33:00,11:06:00,鹰潭,龙虎山风景管理区,碘化银地面发生器,,阴天,小雨,300,抗旱、降低森林火险等级,,116.98833,28.105,POINT (116.98833 28.105),1132.0,江西省,鹰潭市,贵溪市,龙虎山镇,matched_within,增雨,,,2.0,,龙虎山360602001
2020-11-23,10:48:00,10:50:00,萍乡市,上栗,火箭,,小雨,中雨,300,抗旱、改善空气质量、降低森林火险等级,,113.85139,27.82028,POINT (113.85139 27.82028),1345.0,江西省,萍乡市,上栗县,杨岐乡,matched_within,增雨,,4.0,,,360322005
2020-11-23,10:55:00,11:20:00,上饶,广丰,碘化银地面发生器,,阴天,小雨,300,降低森林火险等级,,118.18694,28.23694,POINT (118.18694 28.23694),1533.0,江西省,上饶市,上饶县,花厅镇,matched_within,增雨,,,1.0,,铜钹山361122021
2020-11-23,10:56:00,10:58:00,上饶,铅山,火箭,,小雨,中雨,300,抗旱、改善空气质量,,117.70528,28.28972,POINT (117.70528 28.28972),181.0,江西省,上饶市,铅山县,河口镇,matched_within,增雨,,2.0,,,"_x000D_
361124012"
2020-11-23,15:36:00,15:37:00,宜春,丰城,火箭,,小雨,中到大雨,300,降低森林火险等级、改善空气质量,,115.76639,28.23194,POINT (115.76639 28.23194),655.0,江西省,宜春市,丰城市,曲江镇,matched_within,增雨,,4.0,,,曲江360981003
2020-11-23,15:54:00,15:55:00,赣州,瑞金,碘化银地面发生器,,阴,小雨,300,抗旱、降低森林火险,,115.91889,25.90972,POINT (115.91889 25.90972),966.0,江西省,赣州市,瑞金市,九堡镇,matched_within,增雨,,,2.0,,九堡360781022
2020-11-23,15:58:00,16:01:00,吉安,泰和,火箭,,小雨,中雨,300,水库增蓄、降低森林火险等级,,114.95417,26.64972,POINT (114.95417 26.64972),520.0,江西省,吉安市,泰和县,冠朝镇,matched_within,增雨,,2.0,,,上模乡360826007
2020-11-23,16:37:00,16:39:00,吉安,吉州区,火箭,,阴,小到中雨,300,抗旱、改善空气质量,,114.83667,27.17028,POINT (114.83667 27.17028),539.0,江西省,吉安市,吉州区,兴桥镇,matched_within,增雨,,4.0,,,兴桥镇麻下水库360802004
2020-11-23,16:55:00,17:10:00,吉安,永丰,碘化银地面发生器,,阴,小雨,300,抗旱、降低森林火险等级,,115.74583,27.11278,POINT (115.74583 27.11278),1664.0,江西省,抚州市,乐安县,罗陂乡,matched_within,增雨,,,1.0,,陶唐高龙山360825010
2020-11-23,17:03:00,17:04:00,赣州,石城,火箭,,零星小雨,小雨,300,抗旱、降低森林火险,,116.34667,26.35361,POINT (116.34667 26.35361),991.0,江西省,赣州市,石城县,琴江镇,matched_within,增雨,,2.0,,,"_x000D_
琴江镇兴隆村360735013_x000D_
"
2020-11-23,17:12:00,17:14:00,吉安,峡江,火箭,,阴天,小雨,300,抗旱、降低森林火险,,115.30639,27.55056,POINT (115.30639 27.55056),34.0,江西省,吉安市,峡江县,金坪民族乡,matched_within,增雨,,2.0,,,瑶家作业点36082300_x000D_6
2020-11-23,17:23:00,17:25:00,上饶,鄱阳,火箭,,小雨,小到中雨,300,抗旱、降低森林火险等级,,116.9,28.98333,POINT (116.9 28.98333),1580.0,江西省,上饶市,鄱阳县,芦田乡,matched_within,增雨,,2.0,,,"芦田乡_x000D_
361128008_x000D_
"
2020-11-23,17:42:00,18:12:00,赣州,崇义,碘化银地面发生器,,阴,小雨,300,抗旱、降低森林火险等级,,114.28139,25.66111,POINT (114.28139 25.66111),1087.0,江西省,赣州市,崇义县,横水镇,matched_within,增雨,,,2.0,,阳岭360725012
2020-11-23,18:10:00,18:40:00,赣州,定南,碘化银地面发生器,,零星小雨,小雨,300,抗旱,,115.09278,24.89556,POINT (115.09278 24.89556),1714.0,江西省,赣州市,定南县,岭北镇,matched_within,增雨,,,2.0,,云台山360728013
2020-11-23,19:56:00,19:58:00,上饶,三清山,火箭,,小雨,小到中雨,300,抗旱、降低森林火险等级,,118.04917,28.85028,POINT (118.04917 28.85028),1221.0,江西省,上饶市,玉山县,枫林街道,matched_within,增雨,,4.0,,,"三清山临时作业点_x000D_
361102021"
2020-11-24,10:10:00,10:25:00,宜春,上高,碘化银地面发生器,,小雨,中雨,300,抗旱、降低森林火险等级、改善空气质量,,114.66528,28.14333,POINT (114.66528 28.14333),638.0,江西省,宜春市,上高县,徐家渡镇,matched_within,增雨,,,1.0,,九峰林场360923006
2020-11-25,12:48:00,12:50:00,九江,九江市八里湖新区,火箭,,零星小雨,小到中雨,300,改善空气质量、降低森林火险等级,,115.895,29.70417,POINT (115.895 29.70417),205.0,江西省,九江市,九江县,赛城湖水产场,matched_within,增雨,,3.0,,,360401003
2020-11-25,16:38:00,16:40:00,吉安,泰和,火箭,,阴,小雨,300,水库增蓄、降低森林火险,,115.135,26.59833,POINT (115.135 26.59833),517.0,江西省,吉安市,泰和县,上圯乡,matched_within,增雨,,2.0,,,塘州作业点360826010
2020-11-26,11:57:00,12:12:00,吉安,安福,碘化银地面发生器,,阴,小雨,300,降低森林火险、改善空气质量,,114.2625,27.55472,POINT (114.2625 27.55472),564.0,江西省,吉安市,安福县,章庄乡,matched_within,增雨,,,1.0,,羊狮幕360829015
2020-11-26,16:28:00,16:29:00,吉安,安福,火箭,,阴,小雨,300,降低森林火险等级、改善空气质量,,114.59083,27.23806,POINT (114.59083 27.23806),445.0,江西省,吉安市,安福县,寮塘乡,matched_within,增雨,,3.0,,,360829020
2020-11-26,23:12:00,23:14:00,九江,庐山市,火箭,,阴,小到中雨,300,改善空气质量，降低森林火险等级,,116.03361,29.44722,POINT (116.03361 29.44722),262.0,江西省,九江市,星子县,南康镇,matched_within,增雨,,2.0,,,南康镇临时作业点
2020-11-27,14:59:00,15:16:00,吉安,永丰,碘化银地面发生器,,阴,小雨,300,抗旱、降低森林火险等级,,115.74583,27.11278,POINT (115.74583 27.11278),1664.0,江西省,抚州市,乐安县,罗陂乡,matched_within,增雨,,,1.0,,陶唐高龙山360825010
2020-11-28,14:20:00,14:22:00,九江,瑞昌,火箭,,阴天,小雨,300,改善空气质量,,115.59583,29.6375,POINT (115.59583 29.6375),301.0,江西省,九江市,瑞昌市,高丰镇,matched_within,增雨,,3.0,,,360481001
2020-11-29,11:50:00,11:52:00,上饶,广丰区,火箭,,小雨,小雨,300,改善空气质量,,118.19611,28.48167,POINT (118.19611 28.48167),133.0,江西省,上饶市,广丰县,下溪镇,matched_within,增雨,,2.0,,,"下溪镇西溪村361122015_x000D_
"
2020-11-30,11:45:00,12:00:00,吉安,永丰,碘化银地面发生器,,阴,小雨,300,抗旱、降低森林火险等级,,115.74583,27.11278,POINT (115.74583 27.11278),1664.0,江西省,抚州市,乐安县,罗陂乡,matched_within,增雨,,,1.0,,陶唐高龙山360825010
2020-11-30,21:09:00,21:38:00,赣州,兴国,碘化银地面发生器,,零星小雨,小雨,300,抗旱、降低森林火险,,115.18694,26.38083,POINT (115.18694 26.38083),509.0,江西省,赣州市,兴国县,隆坪乡,matched_within,增雨,,,2.0,,秦峨山360732014
2020-11-30,21:09:00,21:38:00,赣州,兴国,碘化银地面发生器,,零星小雨,小雨,300,抗旱、降低森林火险,,115.69278,26.80639,POINT (115.69278 26.80639),1738.0,江西省,赣州市,宁都县,大沽乡,matched_within,增雨,,,2.0,,方山岭360732013
2020-12-01,17:23:00,17:25:00,九江,九江市区,火箭,,阴,小雨,300,改善空气质量、降低森林火险,,115.895,29.70417,POINT (115.895 29.70417),205.0,江西省,九江市,九江县,赛城湖水产场,matched_within,增雨,,3.0,,,八里湖新区360401003
2020-12-01,17:32:00,17:34:00,九江,柴桑,火箭,,阴,小雨,300,改善空气质量,,115.88444,29.65278,POINT (115.88444 29.65278),203.0,江西省,九江市,九江县,沙河街镇,matched_within,增雨,,2.0,,,大千世界360421007
2020-12-01,19:22:00,19:23:00,宜春,樟树,火箭,,阴,小雨,300,降低森林火险、改善空气质量,,115.57917,27.90667,POINT (115.57917 27.90667),1661.0,江西省,宜春市,樟树市,阁山镇,matched_within,增雨,,2.0,,,"阁山镇黄家巷村_x000D_
360982001"
2020-12-02,15:14:00,15:16:00,九江,市区,火箭,,阴,小雨,300,改善空气质量、降低森林火险等级,,115.895,29.70417,POINT (115.895 29.70417),205.0,江西省,九江市,九江县,赛城湖水产场,matched_within,增雨,,3.0,,,八里湖新区360401003
2020-12-02,16:26:00,16:28:00,九江市,柴桑区,火箭,,阴,小雨,300,改善空气质量,,115.84306,29.60639,POINT (115.84306 29.60639),200.0,江西省,九江市,九江县,狮子镇,matched_within,增雨,,2.0,,,"狮子镇_x000D_
360421001"
2020-12-02,16:52:00,16:54:00,南昌,南昌县,火箭,,阴天,零星小雨,300,改善空气质量、降低森林火险等级,,116.01833,28.33278,POINT (116.01833 28.33278),1274.0,江西省,南昌市,南昌县,黄马乡,matched_within,增雨,,2.0,,,"黄马乡东山门水库_x000D_
360121003_x000D_
"
2020-12-02,17:00:00,17:02:00,宜春,袁州区,火箭,,阴,小雨,300,降低森林火险等级和改善空气质量,,114.33667,27.7575,POINT (114.33667 27.7575),731.0,江西省,宜春市,袁州区,湖田镇,matched_within,增雨,,4.0,,,南庙镇岩头360902016
2020-12-02,19:37:00,19:40:00,宜春,樟树,火箭,,阴,小雨,300,降低森林火险等级,,115.57917,27.90667,POINT (115.57917 27.90667),1661.0,江西省,宜春市,樟树市,阁山镇,matched_within,增雨,,2.0,,,"阁山镇黄家巷村_x000D_
360982001"
2020-12-02,20:04:00,20:05:00,南昌,进贤,火箭,,阴,小雨,300,改善空气质量,,116.21528,28.43028,POINT (116.21528 28.43028),403.0,江西省,南昌市,进贤县,七里乡,matched_within,增雨,,2.0,,,民和镇青湖村360124003
2020-12-03,08:52:00,09:25:00,赣州,定南,碘化银地面发生器,,零星小雨,小雨,300,抗旱,,115.09278,24.89556,POINT (115.09278 24.89556),1714.0,江西省,赣州市,定南县,岭北镇,matched_within,增雨,,,2.0,,云台山360728013
2020-12-03,09:58:00,10:00:00,宜春,袁州区,火箭,,阴,小雨,300,降低森林火险、改善空气质量,,114.33667,27.7575,POINT (114.33667 27.7575),731.0,江西省,宜春市,袁州区,湖田镇,matched_within,增雨,,4.0,,,南庙镇岩头360902016
2020-12-08,16:06:00,16:21:00,吉安,安福,碘化银地面发生器,,阴,毛毛雨,300,降低森林火险、改善空气质量,,114.2625,27.55472,POINT (114.2625 27.55472),564.0,江西省,吉安市,安福县,章庄乡,matched_within,增雨,,,1.0,,羊狮幕360829015
2020-12-10,15:28:00,15:30:00,九江,瑞昌,火箭,,阴天,小雨,300,改善空气质量,,115.59583,29.6375,POINT (115.59583 29.6375),301.0,江西省,九江市,瑞昌市,高丰镇,matched_within,增雨,,3.0,,,临时点360481013
2020-12-11,19:21:00,19:23:00,九江,湖口,火箭,,阴,小雨,300,改善空气质量,,116.32111,29.66472,POINT (116.32111 29.66472),312.0,江西省,九江市,湖口县,付垅乡,matched_within,增雨,,2.0,,,"付垅360429008_x000D_
"
2020-12-11,19:25:00,19:26:00,九江,都昌,火箭,,阴,小雨,300,降低森林火险、改善空气质量,,116.31944,29.38694,POINT (116.31944 29.38694),61.0,江西省,九江市,都昌县,汪墩乡,matched_within,增雨,,2.0,,,360428012
2020-12-11,20:00:00,20:11:00,宜春,上高,碘化银地面发生器,,阴,小雨,300,抗旱、降低森林火险等级、改善空气质量,,114.66528,28.14333,POINT (114.66528 28.14333),638.0,江西省,宜春市,上高县,徐家渡镇,matched_within,增雨,,,1.0,,九峰林场360923006
2020-12-13,11:23:00,11:26:00,萍乡,莲花,火箭,,阴,小雨,300,改善空气质量，水库增蓄,,113.99,27.17,POINT (113.99 27.17),948.0,江西省,萍乡市,莲花县,良坊镇,matched_within,增雨,,4.0,,,南岭乡360321009
2020-12-13,11:30:00,11:45:00,赣州,定南,碘化银地面发生器,,阴天,小雨,300,抗旱,,115.09278,24.89556,POINT (115.09278 24.89556),1714.0,江西省,赣州市,定南县,岭北镇,matched_within,增雨,,,1.0,,云台山360728013
2020-12-13,12:06:00,12:37:00,赣州,崇义,碘化银地面发生器,,阴,小雨,300,抗旱、降低森林火险等级,,114.28139,25.66111,POINT (114.28139 25.66111),1087.0,江西省,赣州市,崇义县,横水镇,matched_within,增雨,,,2.0,,阳岭360725012
2020-12-13,13:10:00,13:25:00,宜春,上高,碘化银地面发生器,,阴,小雨,300,抗旱、降低森林火险等级、改善空气质量,,114.66528,28.14333,POINT (114.66528 28.14333),638.0,江西省,宜春市,上高县,徐家渡镇,matched_within,增雨,,,1.0,,九峰林场360923006
2020-12-13,14:45:00,15:00:00,鹰潭,龙虎山风景管理区,碘化银地面发生器,,阴天,小雨,300,抗旱、降低森林火险等级,,116.98833,28.105,POINT (116.98833 28.105),1132.0,江西省,鹰潭市,贵溪市,龙虎山镇,matched_within,增雨,,,1.0,,龙虎山360602001
2020-12-13,14:55:00,14:57:00,九江,市区,火箭,,阴,小雨,300,改善空气质量、降低森林火险等级,,115.895,29.70417,POINT (115.895 29.70417),205.0,江西省,九江市,九江县,赛城湖水产场,matched_within,增雨,,3.0,,,八里湖新区360401003
2020-12-13,15:54:00,15:56:00,赣州,大余,火箭,,阴,中雨,300,抗旱,,114.37361,25.41972,POINT (114.37361 25.41972),1385.0,江西省,赣州市,大余县,南安镇,matched_within,增雨,,2.0,,,黄龙镇灵潭村360723006
2020-12-13,16:20:00,16:55:00,赣州,瑞金,碘化银地面发生器,,阴,小雨,300,降低森林火险、改善空气质量,,115.91889,25.90972,POINT (115.91889 25.90972),966.0,江西省,赣州市,瑞金市,九堡镇,matched_within,增雨,,,2.0,,九堡360781022
2020-12-13,16:21:00,16:22:00,鹰潭市,鹰潭,火箭,,阴,小雨,300,抗旱,,117.06778,28.44861,POINT (117.06778 28.44861),1133.0,江西省,鹰潭市,贵溪市,塔桥园艺场,matched_within,增雨,,2.0,,,塔桥360602006
2020-12-13,16:53:00,17:23:00,赣州,兴国,碘化银地面发生器,,零星小雨,小雨,300,抗旱、降低森林火险,,115.41333,26.48222,POINT (115.41333 26.48222),511.0,江西省,赣州市,兴国县,鼎龙乡,matched_within,增雨,,,2.0,,方山岭360732013
2020-12-13,17:18:00,17:20:00,赣州,石城,火箭,,阴,小雨,300,抗旱、降低森林火险,,116.34667,26.35361,POINT (116.34667 26.35361),991.0,江西省,赣州市,石城县,琴江镇,matched_within,增雨,,2.0,,,"_x000D_
琴江镇兴隆村360735013_x000D_
"
2020-12-13,17:47:00,17:48:00,南昌,南昌县,火箭,,零星小雨,小雨,300,改善空气质量,,116.11361,28.51833,POINT (116.11361 28.51833),1632.0,江西省,南昌市,南昌县,塔城乡,matched_within,增雨,,1.0,,,"_x000D_塔城乡芳湖村_x000D_

36012100_x000D_8"
2020-12-13,19:20:00,19:22:00,南昌,进贤,火箭,,零星小雨,小雨,300,改善空气质量,,116.21528,28.43028,POINT (116.21528 28.43028),403.0,江西省,南昌市,进贤县,七里乡,matched_within,增雨,,2.0,,,民和镇青湖村360124003
2020-12-13,20:35:00,20:37:00,赣州,宁都,火箭,,零星小雨,小雨,300,改善空气质量、抗旱、降低森林火险等级,,116.05,26.61694,POINT (116.05 26.61694),1058.0,江西省,赣州市,宁都县,石上镇,matched_within,增雨,,2.0,,,时上镇果园360730009
2020-12-13,21:37:00,21:39:00,赣州,全南,火箭,,零星小雨,中雨,300,改善空气质量、抗旱、降低森林火险,,114.46222,24.94611,POINT (114.46222 24.94611),1023.0,江西省,赣州市,全南县,龙源坝镇,matched_within,增雨,,4.0,,,龙源坝镇炉坑村360729017
2020-12-13,23:00:00,23:30:00,赣州,定南,碘化银地面发生器,,零星小雨,小雨,300,抗旱,,115.09278,24.89556,POINT (115.09278 24.89556),1714.0,江西省,赣州市,定南县,岭北镇,matched_within,增雨,,,2.0,,云台山360728013
2020-12-14,00:46:00,00:48:00,南昌,安义县,火箭,,阴,小雨,300,改善空气质量,,115.55,28.93,POINT (115.55 28.93),157.0,江西省,南昌市,安义县,新民乡,matched_within,增雨,,2.0,,,新民乡360123006
2020-12-14,07:27:00,07:28:00,赣州,兴国,火箭,,小雨,小雨,300,抗旱、降低森林火险等级,,115.27278,26.46028,POINT (115.27278 26.46028),510.0,江西省,赣州市,兴国县,高兴镇,matched_within,增雨,,4.0,,,"高兴镇长迳村_x000D_
360732011_x000D_
"
2020-12-14,08:20:00,08:50:00,赣州,定南,碘化银地面发生器,,零星小雨,小雨,300,抗旱和降低森林火险等级,,115.09278,24.89556,POINT (115.09278 24.89556),1714.0,江西省,赣州市,定南县,岭北镇,matched_within,增雨,,,2.0,,云台山360728013
2020-12-14,08:31:00,08:46:00,吉安,永丰,碘化银地面发生器,,阴,小雨,300,抗旱、降低森林火险等级,,115.74583,27.11278,POINT (115.74583 27.11278),1664.0,江西省,抚州市,乐安县,罗陂乡,matched_within,增雨,,,1.0,,陶唐高龙山360825010
2020-12-14,08:34:00,08:49:00,鹰潭,龙虎山风景管理区,碘化银地面发生器,,阴天,小雨,300,抗旱、降低森林火险等级,,116.98833,28.105,POINT (116.98833 28.105),1132.0,江西省,鹰潭市,贵溪市,龙虎山镇,matched_within,增雨,,,1.0,,龙虎山360602001
2020-12-14,10:01:00,10:03:00,赣州,宁都,火箭,,阴天,小雨,300,抗旱、降低森林火险等级和改善空气质量,,116.05083,26.61694,POINT (116.05083 26.61694),1058.0,江西省,赣州市,宁都县,石上镇,matched_within,增雨,,4.0,,,"石上镇莲湖村_x000D_
360730009"
2020-12-14,10:12:00,10:13:00,赣州,瑞金,火箭,,阴,小雨,300,降低森林火险等级和改善空气质量,,115.96083,25.91972,POINT (115.96083 25.91972),981.0,江西省,赣州市,瑞金市,沙洲坝镇,matched_within,增雨,,4.0,,,沙洲坝镇七堡360781020
2020-12-14,10:55:00,10:56:00,赣州,大余,火箭,,阴,小雨,300,抗旱,,114.38472,25.42972,POINT (114.38472 25.42972),1753.0,江西省,赣州市,大余县,黄龙镇,matched_within,增雨,,2.0,,,黄龙镇灵潭村360723006
2020-12-14,12:50:00,13:05:00,鹰潭,龙虎山风景管理区,碘化银地面发生器,,阴天,小雨,300,抗旱、降低森林火险等级,,116.98833,28.105,POINT (116.98833 28.105),1132.0,江西省,鹰潭市,贵溪市,龙虎山镇,matched_within,增雨,,,1.0,,龙虎山360602001
2020-12-14,14:11:00,14:12:00,鹰潭市,鹰潭,火箭,,小雨,小到中雨,300,抗旱和改善空气质量,,117.06778,28.44861,POINT (117.06778 28.44861),1133.0,江西省,鹰潭市,贵溪市,塔桥园艺场,matched_within,增雨,,4.0,,,塔桥360602006
2020-12-14,15:41:00,15:42:00,宜春,丰城,火箭,,阴天,小雨,300,改善空气质量,,115.76639,28.23194,POINT (115.76639 28.23194),655.0,江西省,宜春市,丰城市,曲江镇,matched_within,增雨,,4.0,,,曲江360981003
2020-12-14,16:06:00,16:07:00,赣州,安远,火箭,,小雨,小雨,300,抗旱,,115.38722,25.27806,POINT (115.38722 25.27806),875.0,江西省,赣州市,安远县,版石镇,matched_within,增雨,,2.0,,,"版石镇_x000D_
红光村临时点360726021"
2020-12-14,16:19:00,17:00:00,赣州,崇义,碘化银地面发生器,,小雨,小雨,300,抗旱,,114.28139,25.66111,POINT (114.28139 25.66111),1087.0,江西省,赣州市,崇义县,横水镇,matched_within,增雨,,,2.0,,阳岭360725012
2020-12-14,17:50:00,17:52:00,南昌,进贤县,火箭,,零星小雨,小雨,300,改善空气质量,,116.35944,28.31917,POINT (116.35944 28.31917),1282.0,江西省,南昌市,进贤县,下埠集乡,matched_within,增雨,,2.0,,,下埠集蛇山水库360124002
2020-12-14,18:09:00,18:10:00,赣州,全南,火箭,,小雨,中雨,300,抗旱、降低森林火险等级,,114.59028,25.02611,POINT (114.59028 25.02611),924.0,江西省,赣州市,全南县,陂头镇,matched_within,增雨,,4.0,,,陂头镇高车村360729016
2020-12-14,20:28:00,21:00:00,赣州,崇义,碘化银地面发生器,,小雨,小雨,300,抗旱,,114.28139,25.66111,POINT (114.28139 25.66111),1087.0,江西省,赣州市,崇义县,横水镇,matched_within,增雨,,,2.0,,阳岭360725012
2020-12-14,23:11:00,23:12:00,南昌,新建区,火箭,,阴,小雨,300,抗旱,,115.65,28.37,POINT (115.65 28.37),1276.0,江西省,南昌市,新建县,松湖镇,matched_within,增雨,,2.0,,,"松湖镇_x000D_
360122006"
2020-12-15,16:36:00,17:14:00,赣州,瑞金,碘化银地面发生器,,阴,小雨,300,降低森林火险等级和改善空气质量,,116.01111,25.63722,POINT (116.01111 25.63722),970.0,江西省,赣州市,瑞金市,拔英乡,matched_within,增雨,,,2.0,,拔英乡360781027
2020-12-16,10:54:00,11:10:00,吉安,遂川,碘化银地面发生器,,小雨,小到中雨,300,抗旱、改善空气质量,,114.39222,26.36417,POINT (114.39222 26.36417),532.0,江西省,吉安市,遂川县,泉江镇,matched_within,增雨,,,1.0,,佛祖仙岭360827009
2020-12-16,10:55:00,12:20:00,萍乡,武功山,碘化银地面发生器,,阴,小雪,300,降低森林火险等级、改善空气质量,,114.16722,27.46139,POINT (114.16722 27.46139),1357.0,江西省,萍乡市,芦溪县,新泉乡,matched_within,增雨,,,2.0,,武功山风景区360323011
2020-12-16,14:33:00,15:03:00,赣州,崇义,碘化银地面发生器,,阴,小雨,300,降低森林火险等级、改善空气质量,,114.28139,25.66111,POINT (114.28139 25.66111),1087.0,江西省,赣州市,崇义县,横水镇,matched_within,增雨,,,2.0,,阳岭360725012
2020-12-16,17:56:00,18:29:00,赣州,瑞金,碘化银地面发生器,,阴,小雨,300,降低森林火险等级和改善空气质量,,116.01111,25.63722,POINT (116.01111 25.63722),970.0,江西省,赣州市,瑞金市,拔英乡,matched_within,增雨,,,2.0,,拔英乡360781027
2020-12-23,08:07:00,08:38:00,赣州,定南,碘化银地面发生器,,零星小雨,小雨,300,抗旱和降低森林火险等级,,115.09278,24.89556,POINT (115.09278 24.89556),1714.0,江西省,赣州市,定南县,岭北镇,matched_within,增雨,,,2.0,,云台山360728013
2020-12-23,08:30:00,08:46:00,吉安,永丰,碘化银地面发生器,,阴,小雨,300,改善空气质量、降低森林火险等级,,115.74583,27.11278,POINT (115.74583 27.11278),1664.0,江西省,抚州市,乐安县,罗陂乡,matched_within,增雨,,,1.0,,陶唐高龙山360825010
2020-12-23,09:14:00,09:15:00,赣州,寻乌,火箭,,阴,小雨,300,抗旱和降低森林火险等级、水库蓄水,,115.58833,25.01083,POINT (115.58833 25.01083),754.0,江西省,赣州市,寻乌县,三标乡,matched_within,增雨,,2.0,,,三标乡360734012
2020-12-23,10:36:00,10:37:00,赣州,龙南,火箭,,阴,小雨,300,抗旱、降低森林火险等级,,114.71,24.62139,POINT (114.71 24.62139),3.0,江西省,赣州市,龙南县,武当镇,matched_within,增雨,,4.0,,,武当横岗村360728009
2020-12-23,11:00:00,11:02:00,萍乡,莲花,火箭,,阴,小雨,300,抗旱、降低森林火险等级、改善空气质量,,113.99,27.17,POINT (113.99 27.17),948.0,江西省,萍乡市,莲花县,良坊镇,matched_within,增雨,,4.0,,,南岭乡360321009
2020-12-23,11:20:00,11:23:00,萍乡,芦溪,火箭,,小雨,小雨,300,降低森林火险、改善空气质量、抗旱,,114.16,27.54,POINT (114.16 27.54),1362.0,江西省,萍乡市,芦溪县,万龙山乡,matched_within,增雨,,4.0,,,源南乡新下村荷叶塘360323008
2020-12-23,12:50:00,13:05:00,宜春,上高,碘化银地面发生器,,阴,小雨,300,抗旱、降低森林火险等级、改善空气质量,,114.66528,28.14333,POINT (114.66528 28.14333),638.0,江西省,宜春市,上高县,徐家渡镇,matched_within,增雨,,,1.0,,九峰林场360923006
2020-12-23,14:51:00,14:53:00,吉安,泰和,火箭,,阴,小雨,300,改善空气质量,,114.98306,26.75944,POINT (114.98306 26.75944),1188.0,江西省,吉安市,泰和县,塘洲镇,matched_within,增雨,,2.0,,,塘州作业点360826010
2020-12-23,16:15:00,16:16:00,宜春,樟树,火箭,,阴,小雨,300,改善空气质量,,115.57917,27.90667,POINT (115.57917 27.90667),1661.0,江西省,宜春市,樟树市,阁山镇,matched_within,增雨,,2.0,,,"阁山镇黄家巷村_x000D_
360982001"
2020-12-23,20:07:00,20:09:00,宜春,丰城,火箭,,阴天,小雨,300,改善空气质量,,115.76639,28.23194,POINT (115.76639 28.23194),655.0,江西省,宜春市,丰城市,曲江镇,matched_within,增雨,,4.0,,,曲江360981003
2020-12-23,21:11:00,21:13:00,宜春,奉新,火箭,,阴天,小雨,300,改善空气质量,,115.29,28.69,POINT (115.29 28.69),1238.0,江西省,宜春市,奉新县,赤岸镇,matched_within,增雨,,3.0,,,赤岸镇猕猴桃基地360921003
2020-12-23,07:42:00,08:15:00,赣州,瑞金,碘化银地面发生器,,阴,小雨,300,降低森林火险等级和改善空气质量,,116.01111,25.63722,POINT (116.01111 25.63722),970.0,江西省,赣州市,瑞金市,拔英乡,matched_within,增雨,,,2.0,,拔英乡360781027
2020-12-26,10:36:00,10:37:00,九江,九江市八里湖新区,火箭,,阴,零星小雨,300,改善空气质量、降低森林火险等级,,115.895,29.70417,POINT (115.895 29.70417),205.0,江西省,九江市,九江县,赛城湖水产场,matched_within,增雨,,2.0,,,360401003
2020-12-26,15:52:00,15:55:00,宜春,袁州区,火箭,,阴,零星小雨,300,降低森林火险、改善空气质量,,114.33667,27.7575,POINT (114.33667 27.7575),731.0,江西省,宜春市,袁州区,湖田镇,matched_within,增雨,,4.0,,,南庙镇岩头360902016
2020-12-26,18:13:00,18:28:00,吉安,安福,碘化银地面发生器,,阴,零星小雨,300,降低森林火险、改善空气质量,,114.2625,27.55472,POINT (114.2625 27.55472),564.0,江西省,吉安市,安福县,章庄乡,matched_within,增雨,,,1.0,,羊狮幕360829015
2020-12-26,19:56:00,19:57:00,鹰潭市,鹰潭,火箭,,阴天,毛毛雨,300,抗旱和改善空气质量,,117.06778,28.44861,POINT (117.06778 28.44861),1133.0,江西省,鹰潭市,贵溪市,塔桥园艺场,matched_within,增雨,,2.0,,,塔桥360602006
2020-12-26,20:43:00,20:45:00,吉安,峡江,火箭,,阴天,小雨,300,改善空气质量、降低森林火险,,115.36944,27.57056,POINT (115.36944 27.57056),33.0,江西省,吉安市,峡江县,马埠镇,matched_within,增雨,,2.0,,,吴家作业点360823010
2020-12-26,21:09:00,21:24:00,鹰潭,龙虎山风景管理区,碘化银地面发生器,,阴天,毛毛雨,300,改善空气质量,,116.98833,28.105,POINT (116.98833 28.105),1132.0,江西省,鹰潭市,贵溪市,龙虎山镇,matched_within,增雨,,,1.0,,龙虎山360602001
2020-12-26,21:45:00,21:46:00,吉安,吉州区,火箭,,阴,小雨,300,改善空气质量、降低森林火险等级,,114.87361,27.07556,POINT (114.87361 27.07556),540.0,江西省,吉安市,吉州区,曲濑镇,matched_within,增雨,,4.0,,,曲濑镇万硕水库360802003
2020-12-26,22:10:00,22:25:00,吉安,安福,碘化银地面发生器,,阴,小雨,300,降低森林火险、改善空气质量,,114.2625,27.55472,POINT (114.2625 27.55472),564.0,江西省,吉安市,安福县,章庄乡,matched_within,增雨,,,1.0,,羊狮幕360829015
2020-12-26,22:13:00,22:14:00,吉安,新干,火箭,,阴天,小雨,300,降低森林火险等级、改善空气质量,,115.34083,27.71778,POINT (115.34083 27.71778),1185.0,江西省,吉安市,新干县,界埠镇,matched_within,增雨,,3.0,,,界埠镇鸡公岭水库360824005
2020-12-26,22:29:00,22:30:00,吉安,峡江,火箭,,阴天,小雨,300,改善空气质量、降低森林火险,,115.36944,27.57056,POINT (115.36944 27.57056),33.0,江西省,吉安市,峡江县,马埠镇,matched_within,增雨,,4.0,,,吴家作业点360823010
2020-12-26,22:55:00,22:56:00,南昌,新建区,火箭,,阴,零星小雨,300,改善空气质量,,115.65,28.37,POINT (115.65 28.37),1276.0,江西省,南昌市,新建县,松湖镇,matched_within,增雨,,2.0,,,"松湖镇_x000D_
360122006"
2020-12-26,23:54:00,23:56:00,抚州,临川区,火箭,,阴天,小到中雨,300,降低森林火险等级、改善空气质量,,116.26056,27.89278,POINT (116.26056 27.89278),1321.0,江西省,抚州市,临川区,秋溪镇,matched_within,增雨,,2.0,,,秋溪镇园石村361002004
2020-12-26,23:57:00,23:59:00,南昌,安义县,火箭,,阴,零星小雨,300,改善空气质量,,115.55,28.93,POINT (115.55 28.93),157.0,江西省,南昌市,安义县,新民乡,matched_within,增雨,,2.0,,,新民乡360123006
2020-12-27,10:36:00,10:37:00,上饶,玉山,火箭,,阴,小雨,300,降低森林火险和改善空气质量,,118.10667,28.69139,POINT (118.10667 28.69139),1178.0,江西省,上饶市,玉山县,必姆镇,matched_within,增雨,,1.0,,,必姆镇王宅水库361123004
2020-12-27,12:16:00,12:17:00,上饶,广信区（上饶县）,火箭,,阴,小雨,300,改善空气质量和降低森林火险,,117.88583,28.55083,POINT (117.88583 28.55083),1526.0,江西省,上饶市,上饶县,清水乡,matched_within,增雨,,2.0,,,清水乡肖家水库361121015
2020-12-27,05:21:00,05:22:00,南昌,进贤,火箭,,零星小雨,小雨,300,改善空气质量,,116.21528,28.43028,POINT (116.21528 28.43028),403.0,江西省,南昌市,进贤县,七里乡,matched_within,增雨,,2.0,,,民和镇青湖村360124003
2020-12-27,05:28:00,06:00:00,上饶,德兴,碘化银地面发生器,,阴,小雨,300,抗旱、降低森林火险、改善空气质量,,117.83,28.90028,POINT (117.83 28.90028),1198.0,江西省,上饶市,德兴市,龙头山乡,matched_within,增雨,,,2.0,,大茅山361181012
2020-12-27,06:53:00,06:54:00,抚州,黎川,火箭,,阴,零星小雨,300,改善空气质量,,116.84,27.25,POINT (116.84 27.25),894.0,江西省,抚州市,黎川县,日峰镇,matched_within,增雨,,2.0,,,"龙安镇361022007_x000D_
"
2020-12-27,08:00:00,08:16:00,上饶,三清山,碘化银地面发生器,,阴天,小雨,300,降低森林火险等级,,118.03167,28.93,POINT (118.03167 28.93),1221.0,江西省,上饶市,玉山县,枫林街道,matched_within,增雨,,,1.0,,"三清山汾水村_x000D_
361102015_x000D_
"
2020-12-27,09:52:00,09:53:00,上饶,铅山,火箭,,小雨,小雨,300,降低森林火险等级、改善空气质量,,117.70528,28.28972,POINT (117.70528 28.28972),181.0,江西省,上饶市,铅山县,河口镇,matched_within,增雨,,2.0,,,"_x000D_
城南361124012"
2020-12-28,10:46:00,10:47:00,上饶,玉山,火箭,,阴,小雨,300,降低森林火险和改善空气质量,,118.10667,28.69139,POINT (118.10667 28.69139),1178.0,江西省,上饶市,玉山县,必姆镇,matched_within,增雨,,1.0,,,必姆镇王宅水库361123004
2020-12-28,16:38:00,16:41:00,宜春,袁州区,火箭,,阴,小雨,300,降低森林火险、改善空气质量,,114.33667,27.7575,POINT (114.33667 27.7575),731.0,江西省,宜春市,袁州区,湖田镇,matched_within,增雨,,4.0,,,南庙镇岩头360902016
2020-12-28,18:43:00,18:45:00,宜春,宜丰县,火箭,,阴天,零星小雨,300,抗旱、改善空气质量、降低森林火险,,114.72917,28.42167,POINT (114.72917 28.42167),682.0,江西省,宜春市,宜丰县,桥西乡,matched_within,增雨,,4.0,,,"_x000D_360924003_x000D_
"
2020-12-28,18:55:00,19:30:00,新余,分宜,碘化银地面发生器,,小雨,小雨,300,降低森林火险等级、改善空气质量,,114.55056,27.60972,POINT (114.55056 27.60972),1487.0,江西省,新余市,分宜县,钤山镇,matched_within,增雨,,,2.0,,大岗山360502017
2020-12-28,19:03:00,19:04:00,萍乡市,上栗,火箭,,小雨,中雨,300,降低森林火险、改善空气质量,,113.85139,27.82028,POINT (113.85139 27.82028),1345.0,江西省,萍乡市,上栗县,杨岐乡,matched_within,增雨,,4.0,,,360322005
2020-12-28,19:05:00,19:22:00,新余市,高新区,火箭,,阴,小雨,300,降低森林火险、改善空气质量,,114.97694,27.80611,POINT (114.97694 27.80611),760.0,江西省,新余市,渝水区,珠珊镇,matched_within,增雨,,2.0,,,水西严家渡360502015
2020-12-28,19:10:00,19:12:00,萍乡,芦溪,火箭,,零星小雨,小雨,300,改善空气质量,,114.12,27.72,POINT (114.12 27.72),1360.0,江西省,萍乡市,芦溪县,银河镇,matched_within,增雨,,4.0,,,银河镇乌石村360323002
2020-12-28,19:35:00,19:45:00,宜春,上高,碘化银地面发生器,,阴,小雨,300,抗旱、降低森林火险等级、改善空气质量,,114.66528,28.14333,POINT (114.66528 28.14333),638.0,江西省,宜春市,上高县,徐家渡镇,matched_within,增雨,,,1.0,,九峰林场360923006
2020-12-28,19:42:00,19:46:00,萍乡,湘东,火箭,,阴,小雨,300,改善空气质量,,113.73,27.65,POINT (113.73 27.65),957.0,江西省,萍乡市,湘东区,湘东镇,matched_within,增雨,,4.0,,,政府河洲村水务局360313004
2020-12-28,19:45:00,19:46:00,宜春,上高,火箭,,阴,小雨,300,改善空气质量,,114.82778,28.20139,POINT (114.82778 28.20139),633.0,江西省,宜春市,上高县,芦洲乡,matched_within,增雨,,4.0,,,芦洲乡江口村360923004
2020-12-28,20:29:00,20:31:00,吉安,峡江,火箭,,阴天,小雨,300,改善空气质量、降低森林火险,,115.30639,27.55056,POINT (115.30639 27.55056),34.0,江西省,吉安市,峡江县,金坪民族乡,matched_within,增雨,,4.0,,,瑶家作业点36082300_x000D_6
2020-12-28,20:48:00,20:50:00,九江,九江市八里湖新区,火箭,,阴,小雨,300,改善空气质量、降低森林火险等级,,115.895,29.70417,POINT (115.895 29.70417),205.0,江西省,九江市,九江县,赛城湖水产场,matched_within,增雨,,4.0,,,360401003
2020-12-28,21:26:00,21:27:00,宜春,丰城,火箭,,阴,小雨,300,降低森林火险等级、改善空气质量,,115.76639,28.23194,POINT (115.76639 28.23194),655.0,江西省,宜春市,丰城市,曲江镇,matched_within,增雨,,4.0,,,曲江360981003
2020-12-28,09:48:00,09:52:00,上饶,铅山,火箭,,小雨,小雨,300,降低森林火险等级、改善空气质量,,117.70528,28.28972,POINT (117.70528 28.28972),181.0,江西省,上饶市,铅山县,河口镇,matched_within,增雨,,2.0,,,"_x000D_
城南361124012"
2020-12-29,07:50:00,08:05:00,宜春,上高,碘化银地面发生器,,阴,小雨,300,抗旱、降低森林火险等级、改善空气质量,,114.66528,28.14333,POINT (114.66528 28.14333),638.0,江西省,宜春市,上高县,徐家渡镇,matched_within,增雨,,,1.0,,九峰林场360923006
2020-12-29,08:30:00,09:10:00,吉安,安福,碘化银地面发生器,,阴,小雨,300,降低森林火险、改善空气质量,,114.2625,27.55472,POINT (114.2625 27.55472),564.0,江西省,吉安市,安福县,章庄乡,matched_within,增雨,,,2.0,,羊狮幕360829015
2020-12-29,08:33:00,08:34:00,抚州,东乡,火箭,,小雨,小到中雨,300,改善空气质量,,116.6,28.29,POINT (116.6 28.29),1676.0,江西省,抚州市,东乡县,孝岗镇,matched_within,增雨,,2.0,,,幸福水库361029002
2020-12-29,09:39:00,10:16:00,九江,庐山,碘化银地面发生器,,小雨,小雨,300,降低森林火险、改善空气质量,,115.95556,29.55972,POINT (115.95556 29.55972),227.0,江西省,九江市,庐山区,牯岭镇,matched_within,增雨,,,2.0,,石门涧360402004
2020-12-29,09:41:00,10:14:00,九江,修水,碘化银地面发生器,,小雨,小雨,300,降低森林火险等级和改善空气质量,,114.41194,28.99889,POINT (114.41194 28.99889),1452.0,江西省,九江市,修水县,马坳镇,matched_within,增雨,,,2.0,,竹坪板山360424025
2020-12-29,10:00:00,10:15:00,九江,瑞昌,碘化银地面发生器,,小雨,小到中雨,300,降低森林火险等级、改善空气质量,,115.43444,29.59167,POINT (115.43444 29.59167),324.0,江西省,九江市,瑞昌市,青山林场,matched_within,增雨,,,1.0,,青山林场360481021
2020-12-29,10:00:00,10:02:00,新余,仙女湖区,火箭,,小雨,小雨,300,改善空气质量,,114.83333,27.9,POINT (114.83333 27.9),756.0,江西省,新余市,渝水区,欧里镇,matched_within,增雨,,4.0,,,欧里大坡石灰厂360502009
2020-12-29,10:24:00,10:26:00,九江,九江,火箭,,小雨,中雨,300,改善空气质量、降低森林火险等级,,115.895,29.70417,POINT (115.895 29.70417),205.0,江西省,九江市,九江县,赛城湖水产场,matched_within,增雨,,4.0,,,八里湖新区360401003
2020-12-29,10:56:00,10:58:00,九江,德安,火箭,,小雨,小雨,300,改善空气质量，降低森林火险等级,,115.73806,29.34972,POINT (115.73806 29.34972),1242.0,江西省,九江市,德安县,宝塔乡,matched_within,增雨,,2.0,,,岳山垅360426012
2020-12-29,11:00:00,11:15:00,吉安,永新,碘化银地面发射器,,阴,小雨,300,改善空气质量和降低森林火险等级,,115.25583,26.83583,POINT (115.25583 26.83583),603.0,江西省,吉安市,青原区,富田镇,matched_within,增雨,,,1.0,,万年山360830100
2020-12-29,11:00:00,11:01:00,九江,都昌,火箭,,阴,小雨,300,降低森林火险、改善空气质量,,116.31944,29.38694,POINT (116.31944 29.38694),61.0,江西省,九江市,都昌县,汪墩乡,matched_within,增雨,,2.0,,,360428012
2020-12-29,11:05:00,11:07:00,九江市,柴桑区,火箭,,阴,小雨,300,改善空气质量,,115.84306,29.60639,POINT (115.84306 29.60639),200.0,江西省,九江市,九江县,狮子镇,matched_within,增雨,,2.0,,,"狮子镇_x000D_
360421001"
2020-12-29,11:17:00,11:19:00,九江,湖口,火箭,,阴,小雨,300,改善空气质量,,116.32111,29.66472,POINT (116.32111 29.66472),312.0,江西省,九江市,湖口县,付垅乡,matched_within,增雨,,2.0,,,"付垅360429008_x000D_
"
2020-12-29,11:21:00,11:23:00,鹰潭市,鹰潭,火箭,,小雨,小雨,300,抗旱和改善空气质量,,117.06778,28.44861,POINT (117.06778 28.44861),1133.0,江西省,鹰潭市,贵溪市,塔桥园艺场,matched_within,增雨,,4.0,,,塔桥360602006
2020-12-29,11:28:00,11:30:00,九江,永修,火箭,,小雨,小到中雨,300,改善空气质量,,115.60972,29.25194,POINT (115.60972 29.25194),1615.0,江西省,九江市,永修县,梅棠镇,matched_within,增雨,,2.0,,,梅棠镇临时点360425012
2020-12-29,12:03:00,12:05:00,吉安,吉州,火箭,,阴,小雨,300,改善空气质量和降低森林火险等级,,114.91194,27.18972,POINT (114.91194 27.18972),543.0,江西省,吉安市,吉州区,长塘镇,matched_within,增雨,,4.0,,,官溪水库360802007
2020-12-29,12:03:00,12:18:00,抚州,南城,碘化银地面发生器,,零星小雨,小雨,300,降低森林火险等级、改善空气质量,,116.53861,27.53333,POINT (116.53861 27.53333),849.0,江西省,抚州市,南城县,建昌镇,matched_within,增雨,,,1.0,,麻姑山361021012
2020-12-29,12:20:00,12:22:00,九江,庐山市,火箭,,小雨,小到中雨,300,改善空气质量,,116.03361,29.44722,POINT (116.03361 29.44722),262.0,江西省,九江市,星子县,南康镇,matched_within,增雨,,2.0,,,南康镇360427007
2020-12-29,13:19:00,13:20:00,吉安,吉安县,火箭,,小雨,中雨,300,抗旱,,114.81333,27.10139,POINT (114.81333 27.10139),355.0,江西省,吉安市,吉安县,梅塘镇,matched_within,增雨,,2.0,,,梅塘大桥360821005
2020-12-29,13:51:00,13:53:00,吉安,安福,火箭,,小雨,小雨,300,改善空气质量、降低森林火险等级,,114.58222,27.49444,POINT (114.58222 27.49444),446.0,江西省,吉安市,安福县,山庄乡,matched_within,增雨,,2.0,,,山庄乡荷溪村360829016
2020-12-29,15:30:00,15:31:00,吉安,万安,火箭,,阴天,小雨,300,改善空气质量,,114.73694,26.47972,POINT (114.73694 26.47972),340.0,江西省,吉安市,万安县,五丰镇,matched_within,增雨,,4.0,,,五丰镇鑫源大道360828016
2020-12-29,15:30:00,15:45:00,新余,分宜,碘化银地面发生器,,小雨,小雨,300,降低森林火险等级、改善空气质量,,114.55056,27.60972,POINT (114.55056 27.60972),1487.0,江西省,新余市,分宜县,钤山镇,matched_within,增雨,,,1.0,,大岗山360502017
2020-12-29,15:32:00,15:34:00,吉安,遂川,火箭,,阴,小雨,300,改善空气质量,,114.57083,26.36583,POINT (114.57083 26.36583),1290.0,江西省,吉安市,遂川县,雩田镇,matched_within,增雨,,4.0,,,砂子岭360827006
2020-12-29,15:48:00,15:50:00,吉安,永丰,火箭,,阴,小雨,300,改善空气质量、降低森林火险等级,,115.42056,27.335,POINT (115.42056 27.335),478.0,江西省,吉安市,永丰县,恩江镇,matched_within,增雨,,2.0,,,县城郊恩江镇360825008
2020-12-29,16:10:00,16:11:00,吉安,峡江,火箭,,阴天,小雨,300,改善空气质量,,115.30639,27.55056,POINT (115.30639 27.55056),34.0,江西省,吉安市,峡江县,金坪民族乡,matched_within,增雨,,2.0,,,福民瑶家作业点36082300_x000D_6
2020-12-29,16:40:00,16:41:00,南昌,进贤,火箭,,零星小雨,小雨,300,改善空气质量,,116.21528,28.43028,POINT (116.21528 28.43028),403.0,江西省,南昌市,进贤县,七里乡,matched_within,增雨,,2.0,,,民和镇青湖村360124003
2020-12-29,16:53:00,16:54:00,九江,共青城,火箭,,小雨,小雨,300,降低森林火险等级、改善空气质量,,115.81306,29.33694,POINT (115.81306 29.33694),1265.0,江西省,九江市,共青城市,泽泉乡,matched_within,增雨,,2.0,,,金牛生态园360482002
2020-12-29,17:15:00,17:30:00,吉安,吉水县,碘化银地面发生器,,阴天,小雨,300,抗旱、降低森林火险等级,,115.18,27.26278,POINT (115.18 27.26278),432.0,江西省,吉安市,吉水县,文峰镇,matched_within,增雨,,,1.0,,大东山360822012
2020-12-29,17:21:00,17:55:00,赣州,南康,碘化银地面发生器,,小雨,小雨,300,抗旱和降低森林火险等级,,114.52417,26.1975,POINT (114.52417 26.1975),1042.0,江西省,赣州市,南康区,隆木乡,matched_within,增雨,,,2.0,,隆木乡白鹤岭360703015
2020-12-29,09:33:00,09:34:00,吉安,新干,火箭,,阴天,小雨,300,降低森林火险等级、改善空气质量,,115.34083,27.71778,POINT (115.34083 27.71778),1185.0,江西省,吉安市,新干县,界埠镇,matched_within,增雨,,3.0,,,界埠镇鸡公岭水库360824005
2020-12-29,09:38:00,10:15:00,九江,庐山,碘化银地面发生器,,小雨,小雨,300,降低森林火险、改善空气质量,,115.99333,29.57972,POINT (115.99333 29.57972),227.0,江西省,九江市,庐山区,牯岭镇,matched_within,增雨,,,2.0,,小天池360402003
2020-12-29,09:52:00,10:10:00,抚州,乐安,碘化银地面发生器,,小雨,小雨,300,改善空气质量和降低森林火险等级,,115.91861,27.31444,POINT (115.91861 27.31444),608.0,江西省,抚州市,乐安县,南村乡,matched_within,增雨,,,1.0,,鸭公嶂361025203
2020-12-29,09:53:00,09:55:00,宜春,高安,火箭,,阴天,阴有小雨,300,改善空气质量,,115.35111,28.51806,POINT (115.35111 28.51806),644.0,江西省,宜春市,高安市,瑞州街道,matched_within,增雨,,4.0,,,碧山水库360983007
